activity_id,assay_chembl_id,molecule_chembl_id,standard_type,standard_value,standard_units,standard_relation,published_value,published_units,published_relation,pchembl_value,activity_comment,data_validity_comment,confidence_score,ligand_efficiency,document_chembl_id,record_id,target_chembl_id,smiles
2392387,CHEMBL957857,CHEMBL495936,Km,97.0,nM,=,,,,,,,,,CHEMBL1140936,728017,CHEMBL3004,CCCCC/C=C\C/C=C\C=C\C=C\[C@@H](SC[C@@H](NC(=O)CC[C@H](N)C(=O)O)C(=O)NCC(=O)O)[C@@H](O)CCCC(=O)O
2392388,CHEMBL957857,CHEMBL508538,Km,320.0,nM,=,,,,,,,,,CHEMBL1140936,728107,CHEMBL3004,N[C@@H](CCC(=O)N[C@@H](CS[As](SC[C@H](NC(=O)CC[C@H](N)C(=O)O)C(=O)NCC(=O)O)SC[C@H](NC(=O)CC[C@H](N)C(=O)O)C(=O)NCC(=O)O)C(=O)NCC(=O)O)C(=O)O
2392389,CHEMBL957857,CHEMBL1543,Km,5000000.0,nM,=,,,,,,,,,CHEMBL1140936,728106,CHEMBL3004,N[C@@H](CCC(=O)N[C@@H](CS)C(=O)NCC(=O)O)C(=O)O
2392390,CHEMBL957857,CHEMBL509919,Km,12000.0,nM,=,,,,,,,,,CHEMBL1140936,728021,CHEMBL3004,Cc1ccc(N(CC(=O)O)CC(=O)O)c(OCCOc2cc(-c3c4cc(Cl)c(=O)cc-4oc4cc(O)c(Cl)cc34)ccc2N(CC(=O)O)CC(=O)O)c1
2392391,CHEMBL957857,CHEMBL1372,Km,93000.0,nM,=,,,,,,,,,CHEMBL1140936,728020,CHEMBL3004,N[C@@H](CCC(=O)N[C@@H](CSSC[C@H](NC(=O)CC[C@H](N)C(=O)O)C(=O)NCC(=O)O)C(=O)NCC(=O)O)C(=O)O
10996785,CHEMBL2076531,CHEMBL2074718,Km,50.0,nM,=,,,,,substrate [Km=0.05uM],,,,CHEMBL2074368,1669558,CHEMBL3004,CC(=O)OCOC(=O)CN(CC(=O)OCOC(C)=O)Cc1c(OC(C)=O)ccc2c1Oc1c(ccc(OC(C)=O)c1CN(CC(=O)OCOC(C)=O)CC(=O)OCOC(C)=O)C21OC(=O)c2ccccc21
10996792,CHEMBL2076061,CHEMBL495936,Km,97.0,nM,=,,,,,substrate [Km=0.097uM],,,,CHEMBL2074072,1669563,CHEMBL3004,CCCCC/C=C\C/C=C\C=C\C=C\[C@@H](SC[C@@H](NC(=O)CC[C@H](N)C(=O)O)C(=O)NCC(=O)O)[C@@H](O)CCCC(=O)O
10996793,CHEMBL2076371,CHEMBL495936,Km,98.0,nM,=,,,,,substrate [Km=0.098uM],,,,CHEMBL2073844,1669559,CHEMBL3004,CCCCC/C=C\C/C=C\C=C\C=C\[C@@H](SC[C@@H](NC(=O)CC[C@H](N)C(=O)O)C(=O)NCC(=O)O)[C@@H](O)CCCC(=O)O
10996795,CHEMBL2075719,CHEMBL495936,Km,125.0,nM,=,,,,,substrate [Km=0.125uM],,,,CHEMBL2073916,1669565,CHEMBL3004,CCCCC/C=C\C/C=C\C=C\C=C\[C@@H](SC[C@@H](NC(=O)CC[C@H](N)C(=O)O)C(=O)NCC(=O)O)[C@@H](O)CCCC(=O)O
10996798,CHEMBL2076368,CHEMBL495936,Km,135.0,nM,=,,,,,substrate [Km=0.135uM],,,,CHEMBL2073913,1669567,CHEMBL3004,CCCCC/C=C\C/C=C\C=C\C=C\[C@@H](SC[C@@H](NC(=O)CC[C@H](N)C(=O)O)C(=O)NCC(=O)O)[C@@H](O)CCCC(=O)O
10996803,CHEMBL2075727,CHEMBL2074719,Km,189.0,nM,=,,,,,substrate [Km=0.189uM],,,,CHEMBL2073841,1669571,CHEMBL3004,COc1cc2c(c3oc(=O)c4c(c13)CCC4=O)[C@H]1[C@@H](O2)O[C@H](SC[C@@H](NC(=O)CC[C@H](N)C(=O)O)C(=O)NCC(=O)O)[C@H]1O
10996816,CHEMBL2075732,CHEMBL2074751,Km,370.0,nM,=,,,,,substrate [Km=0.37uM],,,,CHEMBL2074453,1669752,CHEMBL3004,NC(CCC(=O)NC(CSCCN(CCCl)c1ccc(CCCC(=O)O)cc1)C(=O)NCC(=O)O)C(=O)O
10996835,CHEMBL2075717,CHEMBL494753,Km,730.0,nM,=,,,,,substrate [Km=0.73uM],,,,CHEMBL2074020,1672795,CHEMBL3004,C[C@]12CC[C@@H]3c4ccc(OS(=O)(=O)O)cc4CC[C@H]3[C@@H]1CCC2=O
10996837,CHEMBL2075715,CHEMBL2074753,Km,750.0,nM,=,,,,,substrate [Km=0.75uM],,,,CHEMBL2074211,1669763,CHEMBL3004,CCCCC/C=C\C/C(=C\CCCCCCCC(=O)O[C@@H]1O[C@H](C(=O)O)[C@@H](O)[C@H](O)[C@H]1O)[N+](=O)[O-]
10996840,CHEMBL2075730,CHEMBL2074754,Km,,,,,,,,substrate [Km=0.8-1uM],,,,CHEMBL2074377,1669765,CHEMBL3004,CCCCC[C@H](O)/C=C/[C@H]1C(SC[C@@H](NC(=O)CC[C@@H](N)C(=O)O)C(=O)NCC(=O)O)CC(=O)[C@H]1C/C=C\CCCC(=O)O
10996850,CHEMBL2075731,CHEMBL2074755,Km,1140.0,nM,=,,,,,substrate [Km=1.14uM],,,,CHEMBL2074453,1669770,CHEMBL3004,NC(Cc1ccc(N(CCCl)CCSC[C@H](NC(=O)CC[C@H](N)C(=O)O)C(=O)NCC(=O)O)cc1)C(=O)O
10996854,CHEMBL2076372,CHEMBL213947,Km,1200.0,nM,=,,,,,substrate [Km=1.2uM],,,,CHEMBL2074115,1669773,CHEMBL3004,N[C@@H](CCC(=O)N[C@H](CSc1ccc([N+](=O)[O-])cc1[N+](=O)[O-])C(=O)NCC(=O)O)C(=O)O
10996856,CHEMBL2078380,CHEMBL178,Km,1400.0,nM,=,,,,,substrate [Km=1.4uM],,,,CHEMBL2074422,1669775,CHEMBL3004,COc1cccc2c1C(=O)c1c(O)c3c(c(O)c1C2=O)C[C@@](O)(C(C)=O)C[C@@H]3O[C@H]1C[C@H](N)[C@H](O)[C@H](C)O1
10996857,CHEMBL2077888,CHEMBL2074756,Km,1400.0,nM,=,,,,,substrate [Km=1.4uM],,,,CHEMBL2074012,1669776,CHEMBL3004,N[C@@H](CCC(=O)N[C@H](CSCCCCC/C=C/C=C1/C(=O)C=C[C@@H]1C/C=C\CCCC(=O)O)C(=O)NCC(=O)O)C(=O)O
10996862,CHEMBL2076061,CHEMBL1697724,Km,1500.0,nM,=,,,,,substrate [Km=1.5uM],,,,CHEMBL2074072,1669780,CHEMBL3004,C[C@]12CC[C@@H]3c4ccc(O)cc4CC[C@H]3[C@@H]1CC[C@@H]2O[C@@H]1O[C@H](C(=O)O)[C@@H](O)[C@H](O)[C@H]1O
10996864,CHEMBL2075725,CHEMBL2074757,Km,1600.0,nM,=,,,,,substrate [Km=1.6uM],,,,CHEMBL2074203,1669782,CHEMBL3004,CCCCCC1OC(O)CC1SC[C@H](NC(=O)CC[C@H](N)C(=O)O)C(=O)NCC(=O)O
10996917,CHEMBL2075729,CHEMBL509919,Km,12000.0,nM,=,,,,,substrate [Km=12uM],,,,CHEMBL2073939,1670039,CHEMBL3004,Cc1ccc(N(CC(=O)O)CC(=O)O)c(OCCOc2cc(-c3c4cc(Cl)c(=O)cc-4oc4cc(O)c(Cl)cc34)ccc2N(CC(=O)O)CC(=O)O)c1
11000108,CHEMBL2076368,CHEMBL2074786,Km,155000.0,nM,=,,,,,substrate [Km=155uM],,,,CHEMBL2073913,1670072,CHEMBL3004,NC(CCC(=O)NC(CNCC(=O)O)CSCCN1C(=O)C=CC1=O)C(=O)O
11000174,CHEMBL2075728,CHEMBL1697724,Km,2500.0,nM,=,,,,,substrate [Km=2.5uM],,,,CHEMBL2074383,1668944,CHEMBL3004,C[C@]12CC[C@@H]3c4ccc(O)cc4CC[C@H]3[C@@H]1CC[C@@H]2O[C@@H]1O[C@H](C(=O)O)[C@@H](O)[C@H](O)[C@H]1O
11000199,CHEMBL2075724,CHEMBL34259,Km,2150000.0,nM,=,,,,,substrate [Km=2150uM],,,,CHEMBL2073963,1670369,CHEMBL3004,CN(Cc1cnc2nc(N)nc(N)c2n1)c1ccc(C(=O)N[C@@H](CCC(=O)O)C(=O)O)cc1
11000238,CHEMBL2076531,CHEMBL1973733,Km,268000.0,nM,=,,,,,substrate [Km=268uM],,,,CHEMBL2074368,1670391,CHEMBL3004,O=C(O)CN(CC(=O)O)Cc1cc2c(cc1O)Oc1cc(O)c(CN(CC(=O)O)CC(=O)O)cc1C21OC(=O)c2ccccc21
11000278,CHEMBL2076061,CHEMBL213947,Km,3600.0,nM,=,,,,,substrate [Km=3.6uM],,,,CHEMBL2074072,1670420,CHEMBL3004,N[C@@H](CCC(=O)N[C@H](CSc1ccc([N+](=O)[O-])cc1[N+](=O)[O-])C(=O)NCC(=O)O)C(=O)O
11000561,CHEMBL2075726,CHEMBL463,Km,372000.0,nM,=,,,,,substrate [Km=372uM],,,,CHEMBL2074311,1670631,CHEMBL3004,Nc1ccc(C(=O)NCC(=O)O)cc1
11000572,CHEMBL2075716,CHEMBL2074826,Km,39000.0,nM,=,,,,,substrate [Km=39uM],,,,CHEMBL2073804,1670638,CHEMBL3004,CN(CCCC(C[C@@H]1O[C@H](C(=O)O)[C@@H](O)[C@H](O)[C@H]1O)c1cccnc1)N=O
11000590,CHEMBL2076371,CHEMBL1697724,Km,4800.0,nM,=,,,,,substrate [Km=4.8uM],,,,CHEMBL2073844,1670127,CHEMBL3004,C[C@]12CC[C@@H]3c4ccc(O)cc4CC[C@H]3[C@@H]1CC[C@@H]2O[C@@H]1O[C@H](C(=O)O)[C@@H](O)[C@H](O)[C@H]1O
11000608,CHEMBL2076372,CHEMBL2074781,Km,43000.0,nM,=,,,,,substrate [Km=43uM],,,,CHEMBL2074115,1669987,CHEMBL3004,N[C@@H](CCC(=O)C[C@@H](CSSC[C@H](NC(=O)CC[C@H](N)C(=O)O)C(=O)NCC(=O)O)C(=O)NCC(=O)O)C(=O)O
11000687,CHEMBL2075721,CHEMBL259898,Km,5000.0,nM,=,,,,,substrate [Km=5uM],,,,CHEMBL2073968,1672344,CHEMBL3004,C[C@]12CC[C@H](OS(=O)(=O)O)CC1=CC[C@@H]1[C@@H]2CC[C@]2(C)C(=O)CC[C@@H]12
11000688,CHEMBL2075720,CHEMBL2074782,Km,5000.0,nM,=,,,,,substrate [Km=5uM],,,,CHEMBL2074303,1670712,CHEMBL3004,CCC(CSC[C@@H](NC(=O)CC[C@H](N)C(=O)O)C(=O)NCC(=O)O)C(=O)c1ccc(OCC(=O)O)c(Cl)c1Cl
11001033,CHEMBL2077888,CHEMBL34259,Km,930000.0,nM,=,,,,,substrate [Km=930uM],,,,CHEMBL2074012,1670993,CHEMBL3004,CN(Cc1cnc2nc(N)nc(N)c2n1)c1ccc(C(=O)N[C@@H](CCC(=O)O)C(=O)O)cc1
11001034,CHEMBL2076061,CHEMBL2074781,Km,93000.0,nM,=,,,,,substrate [Km=93uM],,,,CHEMBL2074072,1670995,CHEMBL3004,N[C@@H](CCC(=O)C[C@@H](CSSC[C@H](NC(=O)CC[C@H](N)C(=O)O)C(=O)NCC(=O)O)C(=O)NCC(=O)O)C(=O)O
15450653,CHEMBL3537700,CHEMBL1644,Km,3900000.0,nM,=,,,,,,,,,CHEMBL3526024,2469697,CHEMBL3004,CC1=C(C(=O)O)N2C(=O)[C@@H](NC(=O)[C@H](N)c3ccc(O)cc3)[C@H]2SC1
15450656,CHEMBL3537703,CHEMBL1644,Vmax,12.4,nmol/min,=,,,,,,,,,CHEMBL3526024,2469697,CHEMBL3004,CC1=C(C(=O)O)N2C(=O)[C@@H](NC(=O)[C@H](N)c3ccc(O)cc3)[C@H]2SC1
