activity_id,assay_chembl_id,molecule_chembl_id,standard_type,standard_value,standard_units,standard_relation,published_value,published_units,published_relation,pchembl_value,activity_comment,data_validity_comment,confidence_score,ligand_efficiency,document_chembl_id,record_id,target_chembl_id,smiles
2897639,CHEMBL1062831,CHEMBL223360,Kd,10000.0,nM,>,,,,,,,,,CHEMBL1150977,845283,CHEMBL5550,Cc1ccc(F)c(NC(=O)Nc2ccc(-c3cccc4[nH]nc(N)c34)cc2)c1
2897640,CHEMBL1062831,CHEMBL572881,Kd,10000.0,nM,>,,,,,,,,,CHEMBL1150977,845284,CHEMBL5550,CC1(C)CNc2cc(NC(=O)c3cccnc3NCc3ccncc3)ccc21
2897641,CHEMBL1062831,CHEMBL574738,Kd,10000.0,nM,>,,,,,,,,,CHEMBL1150977,845285,CHEMBL5550,CCN1CCN(Cc2ccc(NC(=O)Nc3ccc(Oc4cc(NC)ncn4)cc3)cc2C(F)(F)F)CC1
2897642,CHEMBL1062831,CHEMBL215152,Kd,10000.0,nM,>,,,,,,,,,CHEMBL1150977,845286,CHEMBL5550,CCN(CCO)CCCOc1ccc2c(Nc3cc(CC(=O)Nc4cccc(F)c4)[nH]n3)ncnc2c1
2897643,CHEMBL1062831,CHEMBL103667,Kd,10000.0,nM,>,,,,,,,,,CHEMBL1150977,845287,CHEMBL5550,Cc1ccc(-n2nc(C(C)(C)C)cc2NC(=O)Nc2ccc(OCCN3CCOCC3)c3ccccc23)cc1
2897644,CHEMBL1062831,CHEMBL296468,Kd,10000.0,nM,>,,,,,,,,,CHEMBL1150977,845288,CHEMBL5550,CC(C)(C)c1cnc(CSc2cnc(NC(=O)C3CCNCC3)s2)o1
2897645,CHEMBL1062831,CHEMBL522892,Kd,10000.0,nM,>,,,,,,,,,CHEMBL1150977,845289,CHEMBL5550,CN1CCN(c2ccc3nc(-c4c(N)c5c(F)cccc5[nH]c4=O)[nH]c3c2)CC1
2897646,CHEMBL1062831,CHEMBL558752,Kd,10000.0,nM,>,,,,,,,,,CHEMBL1150977,845290,CHEMBL5550,Cn1c(Nc2ccc(C(F)(F)F)cc2)nc2cc(Oc3ccnc(-c4ncc(C(F)(F)F)[nH]4)c3)ccc21
2897647,CHEMBL1062831,CHEMBL31965,Kd,1500.0,nM,=,,,,5.82,,,,"{'bei': '11.98', 'le': '0.23', 'lle': '1.43', 'sei': '6.57'}",CHEMBL1150977,845291,CHEMBL5550,C=CC(=O)Nc1cc2c(Nc3ccc(F)c(Cl)c3)ncnc2cc1OCCCN1CCOCC1
2897648,CHEMBL1062831,CHEMBL221959,Kd,10000.0,nM,>,,,,,,,,,CHEMBL1150977,845292,CHEMBL5550,C[C@@H]1CCN(C(=O)CC#N)C[C@@H]1N(C)c1ncnc2[nH]ccc12
2897649,CHEMBL1062831,CHEMBL483321,Kd,10000.0,nM,>,,,,,,,,,CHEMBL1150977,845293,CHEMBL5550,COCC(=O)NC/C=C/c1ccc2ncnc(Nc3ccc(Oc4ccc(C)nc4)c(C)c3)c2c1
2897650,CHEMBL1062831,CHEMBL5416410,Kd,190.0,nM,=,,,,6.72,,,,"{'bei': '13.77', 'le': '0.28', 'lle': '3.41', 'sei': '6.31'}",CHEMBL1150977,845294,CHEMBL5550,Cc1nc(Nc2ncc(C(=O)Nc3c(C)cccc3Cl)s2)cc(N2CCN(CCO)CC2)n1.O
2897651,CHEMBL1062831,CHEMBL607707,Kd,10000.0,nM,>,,,,,,,,,CHEMBL1150977,845295,CHEMBL5550,CCOc1cc2ncc(C#N)c(Nc3ccc(F)c(Cl)c3)c2cc1NC(=O)/C=C/CN(C)C
2897652,CHEMBL1062831,CHEMBL553,Kd,1900.0,nM,=,,,,5.72,,,,"{'bei': '14.54', 'le': '0.27', 'lle': '2.31', 'sei': '7.66'}",CHEMBL1150977,845296,CHEMBL5550,C#Cc1cccc(Nc2ncnc3cc(OCCOC)c(OCCOC)cc23)c1
2897653,CHEMBL1062831,CHEMBL428690,Kd,10000.0,nM,>,,,,,,,,,CHEMBL1150977,845297,CHEMBL5550,CN1CC[C@H](c2c(O)cc(O)c3c(=O)cc(-c4ccccc4Cl)oc23)[C@H](O)C1
2897654,CHEMBL1062831,CHEMBL939,Kd,10000.0,nM,>,,,,,,,,,CHEMBL1150977,845298,CHEMBL5550,COc1cc2ncnc(Nc3ccc(F)c(Cl)c3)c2cc1OCCCN1CCOCC1
2897655,CHEMBL1062831,CHEMBL261849,Kd,10000.0,nM,>,,,,,,,,,CHEMBL1150977,845299,CHEMBL5550,COc1ccc(COc2ccc(Cc3cnc(N)nc3N)cc2OC)cc1
2897656,CHEMBL1062831,CHEMBL477772,Kd,10000.0,nM,>,,,,,,,,,CHEMBL1150977,845300,CHEMBL5550,Cc1ccc(Nc2nccc(N(C)c3ccc4c(C)n(C)nc4c3)n2)cc1S(N)(=O)=O
2897657,CHEMBL1062831,CHEMBL941,Kd,10000.0,nM,>,,,,,,,,,CHEMBL1150977,845301,CHEMBL5550,Cc1ccc(NC(=O)c2ccc(CN3CCN(C)CC3)cc2)cc1Nc1nccc(-c2cccnc2)n1
2897658,CHEMBL1062831,CHEMBL191003,Kd,1200.0,nM,=,,,,5.92,,,,"{'bei': '15.01', 'le': '0.30', 'lle': '4.70', 'sei': '4.06'}",CHEMBL1150977,845302,CHEMBL5550,Nc1nc(Nc2ccc(S(N)(=O)=O)cc2)nn1C(=O)c1c(F)cccc1F
2897659,CHEMBL1062831,CHEMBL554,Kd,10000.0,nM,>,,,,,,,,,CHEMBL1150977,845303,CHEMBL5550,CS(=O)(=O)CCNCc1ccc(-c2ccc3ncnc(Nc4ccc(OCc5cccc(F)c5)c(Cl)c4)c3c2)o1
2897660,CHEMBL1062831,CHEMBL91829,Kd,10000.0,nM,>,,,,,,,,,CHEMBL1150977,845304,CHEMBL5550,CN(C)C[C@@H]1CCn2cc(c3ccccc32)C2=C(C(=O)NC2=O)c2cn(c3ccccc23)CCO1
2897661,CHEMBL1062831,CHEMBL124660,Kd,10000.0,nM,>,,,,,,,,,CHEMBL1150977,845305,CHEMBL5550,COc1cc2c(N3CCN(C(=O)Nc4ccc(OC(C)C)cc4)CC3)ncnc2cc1OCCCN1CCCCC1
2897662,CHEMBL1062831,CHEMBL259084,Kd,10000.0,nM,>,,,,,,,,,CHEMBL1150977,845306,CHEMBL5550,O=C(O)c1ccc(Nc2ncc3c(n2)-c2ccc(Cl)cc2C(c2c(F)cccc2F)=NC3)cc1
2897663,CHEMBL1062831,CHEMBL573339,Kd,10000.0,nM,>,,,,,,,,,CHEMBL1150977,845307,CHEMBL5550,Oc1cccc(-c2nc(N3CCOCC3)c3oc4ncccc4c3n2)c1
2897664,CHEMBL1062831,CHEMBL608533,Kd,10000.0,nM,>,,,,,,,,,CHEMBL1150977,845308,CHEMBL5550,CO[C@@H]1[C@H](N(C)C(=O)c2ccccc2)C[C@H]2O[C@]1(C)n1c3ccccc3c3c4c(c5c6ccccc6n2c5c31)C(=O)NC4
2897665,CHEMBL1062831,CHEMBL101253,Kd,10000.0,nM,>,,,,,,,,,CHEMBL1150977,845309,CHEMBL5550,Clc1ccc(Nc2nnc(Cc3ccncc3)c3ccccc23)cc1
2897666,CHEMBL1062831,CHEMBL14762,Kd,10000.0,nM,>,,,,,,,,,CHEMBL1150977,845310,CHEMBL5550,CC[C@H](CO)Nc1nc(NCc2ccccc2)c2ncn(C(C)C)c2n1
2897667,CHEMBL1062831,CHEMBL278041,Kd,10000.0,nM,>,,,,,,,,,CHEMBL1150977,845311,CHEMBL5550,Oc1ccc(-c2nc(-c3ccc(F)cc3)c(-c3ccncc3)[nH]2)cc1
2897668,CHEMBL1062831,CHEMBL10,Kd,10000.0,nM,>,,,,,,,,,CHEMBL1150977,845312,CHEMBL5550,C[S+]([O-])c1ccc(-c2nc(-c3ccc(F)cc3)c(-c3ccncc3)[nH]2)cc1
2897669,CHEMBL1062831,CHEMBL440084,Kd,10000.0,nM,>,,,,,,,,,CHEMBL1150977,845313,CHEMBL5550,NC(=O)c1ccc(-c2nc(-c3ccccn3)c(-c3ccc4c(c3)OCO4)[nH]2)cc1
2897670,CHEMBL1062831,CHEMBL1336,Kd,10000.0,nM,>,,,,,,,,,CHEMBL1150977,845314,CHEMBL5550,CNC(=O)c1cc(Oc2ccc(NC(=O)Nc3ccc(Cl)c(C(F)(F)F)c3)cc2)ccn1
2897671,CHEMBL1062831,CHEMBL388978,Kd,10000.0,nM,>,,,,,,,,,CHEMBL1150977,845315,CHEMBL5550,CN[C@@H]1C[C@H]2O[C@@](C)([C@@H]1OC)n1c3ccccc3c3c4c(c5c6ccccc6n2c5c31)C(=O)NC4
2897672,CHEMBL1062831,CHEMBL1721885,Kd,10000.0,nM,>,,,,,,,,,CHEMBL1150977,845316,CHEMBL5550,Cc1[nH]c(/C=C2\C(=O)Nc3ccc(F)cc32)c(C)c1C(=O)NC[C@H](O)CN1CCOCC1
2897673,CHEMBL1062831,CHEMBL535,Kd,10000.0,nM,>,,,,,,,,,CHEMBL1150977,845317,CHEMBL5550,CCN(CC)CCNC(=O)c1c(C)[nH]c(/C=C2\C(=O)Nc3ccc(F)cc32)c1C
2897674,CHEMBL1062831,CHEMBL572878,Kd,10000.0,nM,>,,,,,,,,,CHEMBL1150977,845318,CHEMBL5550,Cc1cc(Nc2cc(N3CCN(C)CC3)nc(Sc3ccc(NC(=O)C4CC4)cc3)n2)n[nH]1
2897675,CHEMBL1062831,CHEMBL119385,Kd,10000.0,nM,>,,,,,,,,,CHEMBL1150977,845319,CHEMBL5550,O=c1ncn2nc(Sc3ccc(F)cc3F)ccc2c1-c1c(Cl)cccc1Cl
2897676,CHEMBL1062831,CHEMBL24828,Kd,4500.0,nM,=,,,,5.35,,,,"{'bei': '11.25', 'le': '0.24', 'lle': '0.92', 'sei': '8.52'}",CHEMBL1150977,845320,CHEMBL5550,COc1cc2/c(=N/c3ccc(Br)cc3F)nc[nH]c2cc1OCC1CCN(C)CC1
3448690,CHEMBL1244717,CHEMBL608533,Kd,10000.0,nM,>,,,,,,,,,CHEMBL1240346,951114,CHEMBL5550,CO[C@@H]1[C@H](N(C)C(=O)c2ccccc2)C[C@H]2O[C@]1(C)n1c3ccccc3c3c4c(c5c6ccccc6n2c5c31)C(=O)NC4
3449553,CHEMBL1244717,CHEMBL576982,Kd,10000.0,nM,>,,,,,,,,,CHEMBL1240346,952537,CHEMBL5550,CC(C)(C)c1cc(NC(=O)Nc2ccc(-c3cn4c(n3)sc3cc(OCCN5CCOCC5)ccc34)cc2)no1
3449907,CHEMBL1244717,CHEMBL603469,Kd,10000.0,nM,>,,,,,,,,,CHEMBL1240346,952538,CHEMBL5550,C[C@]12O[C@H](C[C@]1(O)CO)n1c3ccccc3c3c4c(c5c6ccccc6n2c5c31)CNC4=O
3449978,CHEMBL1244717,CHEMBL124660,Kd,10000.0,nM,>,,,,,,,,,CHEMBL1240346,952675,CHEMBL5550,COc1cc2c(N3CCN(C(=O)Nc4ccc(OC(C)C)cc4)CC3)ncnc2cc1OCCCN1CCCCC1
3450286,CHEMBL1244717,CHEMBL535,Kd,10000.0,nM,>,,,,,,,,,CHEMBL1240346,952804,CHEMBL5550,CCN(CC)CCNC(=O)c1c(C)[nH]c(/C=C2\C(=O)Nc3ccc(F)cc32)c1C
3450907,CHEMBL1244717,CHEMBL1240703,Kd,10000.0,nM,>,,,,,,,,,CHEMBL1240346,951115,CHEMBL5550,CO[C@@H]1[C@H](N(C)C(=O)c2ccccc2)C[C@H]2O[C@]1(C)n1c3ccccc3c3c4c(c5c6ccccc6n2c5c31)C(=O)N[C@H]4O
3451197,CHEMBL1244717,CHEMBL1336,Kd,10000.0,nM,>,,,,,,,,,CHEMBL1240346,952676,CHEMBL5550,CNC(=O)c1cc(Oc2ccc(NC(=O)Nc3ccc(Cl)c(C(F)(F)F)c3)cc2)ccn1
6172879,CHEMBL1769119,CHEMBL1090089,Kd,1000.0,nM,>,,,,,,,,,CHEMBL1764984,1417353,CHEMBL5550,Cn1c(=O)c(Oc2ccc(F)cc2F)cc2cnc(NC(CCO)CCO)nc21
6172943,CHEMBL1769119,CHEMBL1230122,Kd,320.0,nM,=,,,,6.50,,,,"{'bei': '16.72', 'le': '0.32', 'lle': '3.50', 'sei': '8.30'}",CHEMBL1764984,1417352,CHEMBL5550,Cn1c(=O)c(Oc2ccc(F)cc2F)cc2cnc(NC3CCOCC3)nc21
7567534,CHEMBL1908813,CHEMBL105442,Kd,10000.0,nM,>,,,,,,,,,CHEMBL1908390,1539357,CHEMBL5550,O=C(NOCC1CC1)c1ccc(F)c(F)c1Nc1ccc(I)cc1Cl
7568005,CHEMBL1908813,CHEMBL180022,Kd,10000.0,nM,>,,,,,,,,,CHEMBL1908390,1539371,CHEMBL5550,CCOc1cc2ncc(C#N)c(Nc3ccc(OCc4ccccn4)c(Cl)c3)c2cc1NC(=O)/C=C/CN(C)C
7568473,CHEMBL1908813,CHEMBL386051,Kd,910.0,nM,=,,,,6.04,,,,"{'bei': '13.63', 'le': '0.28', 'lle': '0.27', 'sei': '10.10'}",CHEMBL1908390,1539385,CHEMBL5550,CSc1cccc(Nc2ncc3cc(-c4c(Cl)cccc4Cl)c(=O)n(C)c3n2)c1
7568905,CHEMBL1908813,CHEMBL1721885,Kd,10000.0,nM,>,,,,,,,,,CHEMBL1908390,1539399,CHEMBL5550,Cc1[nH]c(/C=C2\C(=O)Nc3ccc(F)cc32)c(C)c1C(=O)NC[C@H](O)CN1CCOCC1
7569048,CHEMBL1908813,CHEMBL491473,Kd,10000.0,nM,>,,,,,,,,,CHEMBL1908390,1539344,CHEMBL5550,COc1cc2c(Oc3ccc4[nH]c(C)cc4c3F)ncnc2cc1OCCCN1CCCC1
7569508,CHEMBL1908813,CHEMBL221959,Kd,10000.0,nM,>,,,,,,,,,CHEMBL1908390,1539358,CHEMBL5550,C[C@@H]1CCN(C(=O)CC#N)C[C@@H]1N(C)c1ncnc2[nH]ccc12
7569980,CHEMBL1908813,CHEMBL941,Kd,10000.0,nM,>,,,,,,,,,CHEMBL1908390,1539372,CHEMBL5550,Cc1ccc(NC(=O)c2ccc(CN3CCN(C)CC3)cc2)cc1Nc1nccc(-c2cccnc2)n1
7570443,CHEMBL1908813,CHEMBL450786,Kd,10000.0,nM,>,,,,,,,,,CHEMBL1908390,1539386,CHEMBL5550,Cc1[nH]c(/C=C2\C(=O)Nc3ccc(S(=O)(=O)Cc4c(Cl)cccc4Cl)cc32)c(C)c1C(=O)N1CCC[C@@H]1CN1CCCC1
7570870,CHEMBL1908813,CHEMBL535,Kd,10000.0,nM,>,,,,,,,,,CHEMBL1908390,1539400,CHEMBL5550,CCN(CC)CCNC(=O)c1c(C)[nH]c(/C=C2\C(=O)Nc3ccc(F)cc32)c1C
7571024,CHEMBL1908813,CHEMBL1614701,Kd,10000.0,nM,>,,,,,,,,,CHEMBL1908390,1539345,CHEMBL5550,Cn1cnc2c(F)c(Nc3ccc(Br)cc3Cl)c(C(=O)NOCCO)cc21
7571481,CHEMBL1908813,CHEMBL601719,Kd,10000.0,nM,>,,,,,,,,,CHEMBL1908390,1539359,CHEMBL5550,C[C@@H](Oc1cc(-c2cnn(C3CCNCC3)c2)cnc1N)c1c(Cl)ccc(F)c1Cl
7571957,CHEMBL1908813,CHEMBL1789941,Kd,10000.0,nM,>,,,,,,,,,CHEMBL1908390,1539373,CHEMBL5550,N#CC[C@H](C1CCCC1)n1cc(-c2ncnc3[nH]ccc23)cn1
7572420,CHEMBL1908813,CHEMBL573339,Kd,10000.0,nM,>,,,,,,,,,CHEMBL1908390,1539387,CHEMBL5550,Oc1cccc(-c2nc(N3CCOCC3)c3oc4ncccc4c3n2)c1
7572836,CHEMBL1908813,CHEMBL509032,Kd,1700.0,nM,=,,,,5.77,,,,"{'bei': '9.39', 'le': '0.19', 'lle': '0.75', 'sei': '5.61'}",CHEMBL1908390,1539401,CHEMBL5550,COc1cc(N2CCC(N3CCN(C)CC3)CC2)ccc1Nc1ncc(Cl)c(Nc2ccccc2S(=O)(=O)C(C)C)n1
7573005,CHEMBL1908813,CHEMBL513909,Kd,10000.0,nM,>,,,,,,,,,CHEMBL1908390,1539346,CHEMBL5550,CC[C@@H]1C(=O)N(C)c2cnc(Nc3ccc(C(=O)NC4CCN(C)CC4)cc3OC)nc2N1C1CCCC1
7573462,CHEMBL1908813,CHEMBL5416410,Kd,190.0,nM,=,,,,6.72,,,,"{'bei': '13.77', 'le': '0.28', 'lle': '3.41', 'sei': '6.31'}",CHEMBL1908390,1539360,CHEMBL5550,Cc1nc(Nc2ncc(C(=O)Nc3c(C)cccc3Cl)s2)cc(N2CCN(CCO)CC2)n1.O
7573938,CHEMBL1908813,CHEMBL1908395,Kd,10000.0,nM,>,,,,,,,,,CHEMBL1908390,1539374,CHEMBL5550,CN(C)CC(=O)N1CCC(c2ccc(NC(=O)c3nc(C#N)c[nH]3)c(C3=CCCCC3)c2)CC1.Cl
7574983,CHEMBL1908813,CHEMBL502835,Kd,10000.0,nM,>,,,,,,,,,CHEMBL1908390,1539347,CHEMBL5550,COC(=O)c1ccc2c(c1)NC(=O)/C2=C(\Nc1ccc(N(C)C(=O)CN2CCN(C)CC2)cc1)c1ccccc1
7575444,CHEMBL1908813,CHEMBL553,Kd,1900.0,nM,=,,,,5.72,,,,"{'bei': '14.54', 'le': '0.27', 'lle': '2.31', 'sei': '7.66'}",CHEMBL1908390,1539361,CHEMBL5550,C#Cc1cccc(Nc2ncnc3cc(OCCOC)c(OCCOC)cc23)c1
7575938,CHEMBL1908813,CHEMBL608533,Kd,10000.0,nM,>,,,,,,,,,CHEMBL1908390,1539388,CHEMBL5550,CO[C@@H]1[C@H](N(C)C(=O)c2ccccc2)C[C@H]2O[C@]1(C)n1c3ccccc3c3c4c(c5c6ccccc6n2c5c31)C(=O)NC4
7576346,CHEMBL1908813,CHEMBL230011,Kd,94.0,nM,=,,,,7.03,,,,"{'bei': '20.29', 'le': '0.37', 'lle': '4.70', 'sei': '4.88'}",CHEMBL1908390,1539402,CHEMBL5550,Nc1nc(N)c2nc(-c3cccc(O)c3)c(-c3cccc(O)c3)nc2n1
7576957,CHEMBL1908813,CHEMBL1173655,Kd,10000.0,nM,>,,,,,,,,,CHEMBL1908390,1539348,CHEMBL5550,CN(C)C/C=C/C(=O)Nc1cc2c(Nc3ccc(F)c(Cl)c3)ncnc2cc1O[C@H]1CCOC1
7577416,CHEMBL1908813,CHEMBL1230609,Kd,10000.0,nM,>,,,,,,,,,CHEMBL1908390,1539362,CHEMBL5550,COc1cc2c(Oc3ccc(NC(=O)C4(C(=O)Nc5ccc(F)cc5)CC4)cc3F)ccnc2cc1OCCCN1CCOCC1
7577452,CHEMBL1908813,CHEMBL1908396,Kd,10000.0,nM,>,,,,,,,,,CHEMBL1908390,1539375,CHEMBL5550,COc1cc(Oc2ccnc3cc(OC)c(OC)cc23)ccc1NC(=O)NC(C)c1nccs1
7577922,CHEMBL1908813,CHEMBL1230020,Kd,10000.0,nM,>,,,,,,,,,CHEMBL1908390,1539389,CHEMBL5550,CCCS(=O)(=O)Nc1ccc(F)c(C(=O)c2c[nH]c3ncc(Cl)cc23)c1F
7578327,CHEMBL1908813,CHEMBL1287853,Kd,7000.0,nM,=,,,,5.16,,,,"{'bei': '9.82', 'le': '0.19', 'lle': '0.33', 'sei': '4.75'}",CHEMBL1908390,1539403,CHEMBL5550,Cc1cnc(Nc2ccc(OCCN3CCCC3)cc2)nc1Nc1cccc(S(=O)(=O)NC(C)(C)C)c1
7578965,CHEMBL1908813,CHEMBL379218,Kd,10000.0,nM,>,,,,,,,,,CHEMBL1908390,1539335,CHEMBL5550,Cc1n[nH]c2ccc(-c3cncc(OC[C@@H](N)Cc4ccccc4)c3)cc12
7579339,CHEMBL1908813,CHEMBL103667,Kd,10000.0,nM,>,,,,,,,,,CHEMBL1908390,1539349,CHEMBL5550,Cc1ccc(-n2nc(C(C)(C)C)cc2NC(=O)Nc2ccc(OCCN3CCOCC3)c3ccccc23)cc1
7579821,CHEMBL1908813,CHEMBL1908397,Kd,10000.0,nM,>,,,,,,,,,CHEMBL1908390,1539376,CHEMBL5550,O=C(c1ccc(/C=C/c2n[nH]c3ccccc23)cc1)N1CCNCC1
7580290,CHEMBL1908813,CHEMBL1241674,Kd,3200.0,nM,=,,,,5.50,,,,"{'bei': '17.82', 'le': '0.33', 'lle': '2.65', 'sei': '5.20'}",CHEMBL1908390,1539390,CHEMBL5550,CC(C)n1nc(-c2cc3cc(O)ccc3[nH]2)c2c(N)ncnc21
7580693,CHEMBL1908813,CHEMBL24828,Kd,4500.0,nM,=,,,,5.35,,,,"{'bei': '11.25', 'le': '0.24', 'lle': '0.92', 'sei': '8.52'}",CHEMBL1908390,1539404,CHEMBL5550,COc1cc2/c(=N/c3ccc(Br)cc3F)nc[nH]c2cc1OCC1CCN(C)CC1
7581711,CHEMBL1908813,CHEMBL428690,Kd,10000.0,nM,>,,,,,,,,,CHEMBL1908390,1539363,CHEMBL5550,CN1CC[C@H](c2c(O)cc(O)c3c(=O)cc(-c4ccccc4Cl)oc23)[C@H](O)C1
7582182,CHEMBL1908813,CHEMBL554,Kd,10000.0,nM,>,,,,,,,,,CHEMBL1908390,1539377,CHEMBL5550,CS(=O)(=O)CCNCc1ccc(-c2ccc3ncnc(Nc4ccc(OCc5cccc(F)c5)c(Cl)c4)c3c2)o1
7582646,CHEMBL1908813,CHEMBL101253,Kd,10000.0,nM,>,,,,,,,,,CHEMBL1908390,1539391,CHEMBL5550,Clc1ccc(Nc2nnc(Cc3ccncc3)c3ccccc23)cc1
7583046,CHEMBL1908813,CHEMBL572878,Kd,10000.0,nM,>,,,,,,,,,CHEMBL1908390,1539405,CHEMBL5550,Cc1cc(Nc2cc(N3CCN(C)CC3)nc(Sc3ccc(NC(=O)C4CC4)cc3)n2)n[nH]1
7583227,CHEMBL1908813,CHEMBL1908391,Kd,10000.0,nM,>,,,,,,,,,CHEMBL1908390,1539336,CHEMBL5550,Cc1ccc(NC(=O)c2ccc(CN3CCN(C)CC3)cc2)cc1Nc1nc(-c2cccnc2)cs1
7583624,CHEMBL1908813,CHEMBL249697,Kd,10000.0,nM,>,,,,,,,,,CHEMBL1908390,1539350,CHEMBL5550,Cc1ccc2nc(NCCN)c3ncc(C)n3c2c1
7584069,CHEMBL1908813,CHEMBL525191,Kd,10000.0,nM,>,,,,,,,,,CHEMBL1908390,1539364,CHEMBL5550,OCCn1cc(-c2ccc3c(c2)CC/C3=N\O)c(-c2ccncc2)n1
7584540,CHEMBL1908813,CHEMBL300138,Kd,10000.0,nM,>,,,,,,,,,CHEMBL1908390,1539378,CHEMBL5550,Cn1cc(C2=C(c3cn(C4CCN(Cc5ccccn5)CC4)c4ccccc34)C(=O)NC2=O)c2ccccc21
7585002,CHEMBL1908813,CHEMBL475251,Kd,1100.0,nM,=,,,,5.96,,,,"{'bei': '12.67', 'le': '0.24', 'lle': '2.33', 'sei': '4.63'}",CHEMBL1908390,1539392,CHEMBL5550,COc1cc(Nc2ncc(F)c(Nc3ccc4c(n3)NC(=O)C(C)(C)O4)n2)cc(OC)c1OC
7585406,CHEMBL1908813,CHEMBL119385,Kd,10000.0,nM,>,,,,,,,,,CHEMBL1908390,1539406,CHEMBL5550,O=c1ncn2nc(Sc3ccc(F)cc3F)ccc2c1-c1c(Cl)cccc1Cl
7585557,CHEMBL1908813,CHEMBL223360,Kd,10000.0,nM,>,,,,,,,,,CHEMBL1908390,1539337,CHEMBL5550,Cc1ccc(F)c(NC(=O)Nc2ccc(-c3cccc4[nH]nc(N)c34)cc2)c1
7585965,CHEMBL1908813,CHEMBL296468,Kd,10000.0,nM,>,,,,,,,,,CHEMBL1908390,1539351,CHEMBL5550,CC(C)(C)c1cnc(CSc2cnc(NC(=O)C3CCNCC3)s2)o1
7586411,CHEMBL1908813,CHEMBL521851,Kd,10000.0,nM,>,,,,,,,,,CHEMBL1908390,1539365,CHEMBL5550,CS(=O)(=O)N1CCN(Cc2cc3nc(-c4cccc5[nH]ncc45)nc(N4CCOCC4)c3s2)CC1
7586882,CHEMBL1908813,CHEMBL91829,Kd,10000.0,nM,>,,,,,,,,,CHEMBL1908390,1539379,CHEMBL5550,CN(C)C[C@@H]1CCn2cc(c3ccccc32)C2=C(C(=O)NC2=O)c2cn(c3ccccc23)CCO1
7587336,CHEMBL1908813,CHEMBL384304,Kd,10000.0,nM,>,,,,,,,,,CHEMBL1908390,1539393,CHEMBL5550,COc1ccc(F)c(F)c1C(=O)c1cnc(NC2CCN(S(C)(=O)=O)CC2)nc1N
7587518,CHEMBL1908813,CHEMBL576982,Kd,10000.0,nM,>,,,,,,,,,CHEMBL1908390,1539338,CHEMBL5550,CC(C)(C)c1cc(NC(=O)Nc2ccc(-c3cn4c(n3)sc3cc(OCCN5CCOCC5)ccc34)cc2)no1
7587937,CHEMBL1908813,CHEMBL377300,Kd,10000.0,nM,>,,,,,,,,,CHEMBL1908390,1539352,CHEMBL5550,Cc1cc2c(F)c(Oc3ncnn4cc(OC[C@@H](C)O)c(C)c34)ccc2[nH]1
7588390,CHEMBL1908813,CHEMBL939,Kd,10000.0,nM,>,,,,,,,,,CHEMBL1908390,1539366,CHEMBL5550,COc1cc2ncnc(Nc3ccc(F)c(Cl)c3)c2cc1OCCCN1CCOCC1
7588861,CHEMBL1908813,CHEMBL608154,Kd,10000.0,nM,>,,,,,,,,,CHEMBL1908390,1539380,CHEMBL5550,COc1c(Cl)cc2c([nH]c3cnccc32)c1NC(=O)c1cccnc1C
7589312,CHEMBL1908813,CHEMBL10,Kd,10000.0,nM,>,,,,,,,,,CHEMBL1908390,1539394,CHEMBL5550,C[S+]([O-])c1ccc(-c2nc(-c3ccc(F)cc3)c(-c3ccncc3)[nH]2)cc1
7589483,CHEMBL1908813,CHEMBL1289926,Kd,10000.0,nM,>,,,,,,,,,CHEMBL1908390,1539339,CHEMBL5550,CNC(=O)c1ccccc1Sc1ccc2c(/C=C/c3ccccn3)n[nH]c2c1
7589907,CHEMBL1908813,CHEMBL603469,Kd,10000.0,nM,>,,,,,,,,,CHEMBL1908390,1539353,CHEMBL5550,C[C@]12O[C@H](C[C@]1(O)CO)n1c3ccccc3c3c4c(c5c6ccccc6n2c5c31)CNC4=O
7590374,CHEMBL1908813,CHEMBL464552,Kd,10000.0,nM,>,,,,,,,,,CHEMBL1908390,1539367,CHEMBL5550,CNC(=O)c1c(F)cccc1Nc1nc(Nc2cc3c(cc2OC)CCN3C(=O)CN(C)C)nc2[nH]ccc12
7590848,CHEMBL1908813,CHEMBL124660,Kd,10000.0,nM,>,,,,,,,,,CHEMBL1908390,1539381,CHEMBL5550,COc1cc2c(N3CCN(C(=O)Nc4ccc(OC(C)C)cc4)CC3)ncnc2cc1OCCCN1CCCCC1
7591456,CHEMBL1908813,CHEMBL572881,Kd,10000.0,nM,>,,,,,,,,,CHEMBL1908390,1539340,CHEMBL5550,CC1(C)CNc2cc(NC(=O)c3cccnc3NCc3ccncc3)ccc21
7591878,CHEMBL1908813,CHEMBL522892,Kd,10000.0,nM,>,,,,,,,,,CHEMBL1908390,1539354,CHEMBL5550,CN1CCN(c2ccc3nc(-c4c(N)c5c(F)cccc5[nH]c4=O)[nH]c3c2)CC1
7592350,CHEMBL1908813,CHEMBL1908394,Kd,10000.0,nM,>,,,,,,,,,CHEMBL1908390,1539368,CHEMBL5550,C[C@@H](Oc1cc(-n2cnc3ccc(CN4CCN(C)CC4)cc32)sc1C(N)=O)c1ccccc1C(F)(F)F
7592834,CHEMBL1908813,CHEMBL1236107,Kd,10000.0,nM,>,,,,,,,,,CHEMBL1908390,1539395,CHEMBL5550,Cn1cc(-c2ccc3nnc(Sc4ccc5ncccc5c4)n3n2)cn1
7593423,CHEMBL1908813,CHEMBL574738,Kd,10000.0,nM,>,,,,,,,,,CHEMBL1908390,1539341,CHEMBL5550,CCN1CCN(Cc2ccc(NC(=O)Nc3ccc(Oc4cc(NC)ncn4)cc3)cc2C(F)(F)F)CC1
7593858,CHEMBL1908813,CHEMBL558752,Kd,10000.0,nM,>,,,,,,,,,CHEMBL1908390,1539355,CHEMBL5550,Cn1c(Nc2ccc(C(F)(F)F)cc2)nc2cc(Oc3ccnc(-c4ncc(C(F)(F)F)[nH]4)c3)ccc21
7594361,CHEMBL1908813,CHEMBL259084,Kd,10000.0,nM,>,,,,,,,,,CHEMBL1908390,1539382,CHEMBL5550,O=C(O)c1ccc(Nc2ncc3c(n2)-c2ccc(Cl)cc2C(c2c(F)cccc2F)=NC3)cc1
7594813,CHEMBL1908813,CHEMBL288441,Kd,10000.0,nM,>,,,,,,,,,CHEMBL1908390,1539396,CHEMBL5550,COc1cc(Nc2c(C#N)cnc3cc(OCCCN4CCN(C)CC4)c(OC)cc23)c(Cl)cc1Cl
7595391,CHEMBL1908813,CHEMBL445813,Kd,10000.0,nM,>,,,,,,,,,CHEMBL1908390,1539342,CHEMBL5550,O=C(NC1CCNCC1)c1n[nH]cc1NC(=O)c1c(Cl)cccc1Cl
7595835,CHEMBL1908813,CHEMBL31965,Kd,1500.0,nM,=,,,,5.82,,,,"{'bei': '11.98', 'le': '0.23', 'lle': '1.43', 'sei': '6.57'}",CHEMBL1908390,1539356,CHEMBL5550,C=CC(=O)Nc1cc2c(Nc3ccc(F)c(Cl)c3)ncnc2cc1OCCCN1CCOCC1
7595867,CHEMBL1908813,CHEMBL494089,Kd,10000.0,nM,>,,,,,,,,,CHEMBL1908390,1539369,CHEMBL5550,CCn1c(-c2nonc2N)nc2c(C#CC(C)(C)O)ncc(OC[C@H]3CCCNC3)c21
7596338,CHEMBL1908813,CHEMBL255863,Kd,10000.0,nM,>,,,,,,,,,CHEMBL1908390,1539383,CHEMBL5550,Cc1cn(-c2cc(NC(=O)c3ccc(C)c(Nc4nccc(-c5cccnc5)n4)c3)cc(C(F)(F)F)c2)cn1
7596785,CHEMBL1908813,CHEMBL1336,Kd,10000.0,nM,>,,,,,,,,,CHEMBL1908390,1539397,CHEMBL5550,CNC(=O)c1cc(Oc2ccc(NC(=O)Nc3ccc(Cl)c(C(F)(F)F)c3)cc2)ccn1
7597363,CHEMBL1908813,CHEMBL215152,Kd,10000.0,nM,>,,,,,,,,,CHEMBL1908390,1539343,CHEMBL5550,CCN(CCO)CCCOc1ccc2c(Nc3cc(CC(=O)Nc4cccc(F)c4)[nH]n3)ncnc2c1
7597847,CHEMBL1908813,CHEMBL261849,Kd,10000.0,nM,>,,,,,,,,,CHEMBL1908390,1539370,CHEMBL5550,COc1ccc(COc2ccc(Cc3cnc(N)nc3N)cc2OC)cc1
7598317,CHEMBL1908813,CHEMBL477772,Kd,10000.0,nM,>,,,,,,,,,CHEMBL1908390,1539384,CHEMBL5550,Cc1ccc(Nc2nccc(N(C)c3ccc4c(C)n(C)nc4c3)n2)cc1S(N)(=O)=O
7598759,CHEMBL1908813,CHEMBL388978,Kd,10000.0,nM,>,,,,,,,,,CHEMBL1908390,1539398,CHEMBL5550,CN[C@@H]1C[C@H]2O[C@@](C)([C@@H]1OC)n1c3ccccc3c3c4c(c5c6ccccc6n2c5c31)C(=O)NC4
12183920,CHEMBL2216382,CHEMBL2205766,IC50,10000.0,nM,>,,,,,,,,,CHEMBL2203257,1759115,CHEMBL5550,CC(C)(C)NS(=O)(=O)c1cncc(-c2ccn3nc(N)nc3c2)c1
13442515,CHEMBL2429338,CHEMBL2425628,Kd,490.0,nM,=,,,,6.31,,,,"{'bei': '11.35', 'le': '0.22', 'lle': '3.12', 'sei': '4.98'}",CHEMBL2424622,1918669,CHEMBL5550,CS(=O)(=O)CCCOc1cccc2c1ccn2-c1ccnc(N[C@H]2CC[C@H](C(=O)N3CCC(O)CC3)CC2)n1
17881618,CHEMBL3991618,CHEMBL2028663,Kd,30000.0,nM,>,,,,,Inactive,,,,CHEMBL3991601,2973518,CHEMBL5550,CC(C)(C)c1nc(-c2cccc(NS(=O)(=O)c3c(F)cccc3F)c2F)c(-c2ccnc(N)n2)s1
17881619,CHEMBL3991618,CHEMBL3334567,Kd,30000.0,nM,>,,,,,Inactive,,,,CHEMBL3991601,2973520,CHEMBL5550,C[C@@H](c1ccc2nccn2c1)n1nnc2ncc(-c3cnn(C)c3)nc21
17881620,CHEMBL3991618,CHEMBL2035187,Kd,30000.0,nM,>,,,,,Inactive,,,,CHEMBL3991601,2973475,CHEMBL5550,C1=N/C2=N/c3ccc(OCCN4CCCC4)c(c3)COC/C=C/COCc3cccc(c3)C(=C1)N2
17881621,CHEMBL3991618,CHEMBL2325741,Kd,30000.0,nM,>,,,,,Inactive,,,,CHEMBL3991601,2973559,CHEMBL5550,NC1(C(=O)N[C@@H](CCO)c2ccc(Cl)cc2)CCN(c2nc[nH]c3nccc2-3)CC1
17881622,CHEMBL3991618,CHEMBL3348923,Kd,30000.0,nM,>,,,,,Inactive,,,,CHEMBL3991601,2973619,CHEMBL5550,C[C@@H](NC(=O)c1ncnc(N)c1Cl)c1ncc(C(=O)Nc2cc(C(F)(F)F)c(Cl)cn2)s1
17881623,CHEMBL3991618,CHEMBL2048872,Kd,30000.0,nM,>,,,,,Inactive,,,,CHEMBL3991601,2973474,CHEMBL5550,N[C@@H]1CCCN(c2c(/C=C3\SC(=O)NC3=O)cccc2-c2ccccc2)C1
17881624,CHEMBL3991618,CHEMBL502835,Kd,30000.0,nM,>,,,,,Inactive,,,,CHEMBL3991601,2973470,CHEMBL5550,COC(=O)c1ccc2c(c1)NC(=O)/C2=C(\Nc1ccc(N(C)C(=O)CN2CCN(C)CC2)cc1)c1ccccc1
17881625,CHEMBL3991618,CHEMBL3182621,Kd,30000.0,nM,>,,,,,Inactive,,,,CHEMBL3991601,2973586,CHEMBL5550,Cc1cc(C(=O)NOCCO)c(Nc2ccc(I)cc2F)n(C)c1=O
17881626,CHEMBL3991618,CHEMBL3301607,Kd,30000.0,nM,>,,,,,Inactive,,,,CHEMBL3991601,2973635,CHEMBL5550,O=C(Nc1nc2cccc(-c3ccc(CN4CCS(=O)(=O)CC4)cc3)n2n1)C1CC1
17881627,CHEMBL3991618,CHEMBL3544932,Kd,30000.0,nM,>,,,,,Inactive,,,,CHEMBL3991601,2973557,CHEMBL5550,CCS(=O)(=O)c1cccc(-c2cc(C(=O)NC3CCN(C)CC3)c(C)c3[nH]c4ncc(C)cc4c23)c1
17881628,CHEMBL3991618,CHEMBL507361,Kd,30000.0,nM,>,,,,,Inactive,,,,CHEMBL3991601,2973472,CHEMBL5550,O=C(NOC[C@H](O)CO)c1ccc(F)c(F)c1Nc1ccc(I)cc1F
17881629,CHEMBL3991618,CHEMBL377300,Kd,30000.0,nM,>,,,,,Inactive,,,,CHEMBL3991601,2973515,CHEMBL5550,Cc1cc2c(F)c(Oc3ncnn4cc(OC[C@@H](C)O)c(C)c34)ccc2[nH]1
17881630,CHEMBL3991618,CHEMBL1908397,Kd,30000.0,nM,>,,,,,Inactive,,,,CHEMBL3991601,2973471,CHEMBL5550,O=C(c1ccc(/C=C/c2n[nH]c3ccccc23)cc1)N1CCNCC1
17881631,CHEMBL3991618,CHEMBL2107832,Kd,30000.0,nM,>,,,,,Inactive,,,,CHEMBL3991601,2973612,CHEMBL5550,O=C(NC[C@H](O)CO)c1ccncc1Nc1ccc(I)cc1F
17881632,CHEMBL3991618,CHEMBL3408248,Kd,30000.0,nM,>,,,,,Inactive,,,,CHEMBL3991601,2973440,CHEMBL5550,C[C@@H](Nc1cc(F)cc(F)c1)c1cc(C(=O)N(C)C)cc2c(=O)cc(N3CCOCC3)oc12
17881633,CHEMBL3991618,CHEMBL38380,Kd,30000.0,nM,>,,,,,Inactive,,,,CHEMBL3991601,2973653,CHEMBL5550,O=S(=O)(c1cccc2cnccc12)N1CCCNCC1
17881634,CHEMBL3991618,CHEMBL513909,Kd,30000.0,nM,>,,,,,Inactive,,,,CHEMBL3991601,2973502,CHEMBL5550,CC[C@@H]1C(=O)N(C)c2cnc(Nc3ccc(C(=O)NC4CCN(C)CC4)cc3OC)nc2N1C1CCCC1
17881635,CHEMBL3991618,CHEMBL3545137,Kd,30000.0,nM,>,,,,,Inactive,,,,CHEMBL3991601,2973511,CHEMBL5550,Cn1cc(C2=Nc3cc(NC(=O)C(N)C4CCCCC4)cc4c3C2=CNNC4=O)cn1
17881636,CHEMBL3991618,CHEMBL206834,Kd,30000.0,nM,>,,,,,Inactive,,,,CHEMBL3991601,2973614,CHEMBL5550,Cc1ccc(NC(=O)c2ccc(CN3CC[C@H](N(C)C)C3)c(C(F)(F)F)c2)cc1Nc1nccc(-c2cncnc2)n1
17881637,CHEMBL3991618,CHEMBL496102,Kd,30000.0,nM,>,,,,,Inactive,,,,CHEMBL3991601,2973499,CHEMBL5550,COc1ccc2c(OCc3nnc4ccc(-c5ccccc5)nn34)ccnc2c1
17881638,CHEMBL3991618,CHEMBL3544944,Kd,30000.0,nM,>,,,,,Inactive,,,,CHEMBL3991601,2973468,CHEMBL5550,O=c1[nH]c(C2CCCN2)nc2c1oc1ccc(Cl)cc12
17881639,CHEMBL3991618,CHEMBL572878,Kd,30000.0,nM,>,,,,,Inactive,,,,CHEMBL3991601,2973549,CHEMBL5550,Cc1cc(Nc2cc(N3CCN(C)CC3)nc(Sc3ccc(NC(=O)C4CC4)cc3)n2)n[nH]1
17881640,CHEMBL3991618,CHEMBL536151,Kd,30000.0,nM,>,,,,,Inactive,,,,CHEMBL3991601,2973548,CHEMBL5550,O=C(Nc1cc(C(F)(F)F)cc(C(F)(F)F)c1)c1cc(Cl)ccc1O
17881641,CHEMBL3991618,CHEMBL3545154,Kd,30000.0,nM,>,,,,,Inactive,,,,CHEMBL3991601,2973434,CHEMBL5550,C=CC(=O)N1CCC(Oc2cc3c(Nc4ccc(Cl)c(Cl)c4F)ncnc3cc2OC)CC1
17881642,CHEMBL3991618,CHEMBL554,Kd,30000.0,nM,>,,,,,Inactive,,,,CHEMBL3991601,2973429,CHEMBL5550,CS(=O)(=O)CCNCc1ccc(-c2ccc3ncnc(Nc4ccc(OCc5cccc(F)c5)c(Cl)c4)c3c2)o1
17881643,CHEMBL3991618,CHEMBL3991931,Kd,30000.0,nM,>,,,,,Inactive,,,,CHEMBL3991601,2973585,CHEMBL5550,C=CC(=O)N1CCC[C@H](n2c(=O)n(-c3ccc(Oc4ccccc4)cc3)c3c(N)ncnc32)C1
17881644,CHEMBL3991618,CHEMBL576982,Kd,30000.0,nM,>,,,,,Inactive,,,,CHEMBL3991601,2973636,CHEMBL5550,CC(C)(C)c1cc(NC(=O)Nc2ccc(-c3cn4c(n3)sc3cc(OCCN5CCOCC5)ccc34)cc2)no1
17881645,CHEMBL3991618,CHEMBL3184679,Kd,30000.0,nM,>,,,,,Inactive,,,,CHEMBL3991601,2973589,CHEMBL5550,COc1cc(CCc2cc(NC(=O)c3ccc(N4CC(C)NC(C)C4)cc3)n[nH]2)cc(OC)c1
17881646,CHEMBL3991618,CHEMBL608533,Kd,30000.0,nM,>,,,,,Inactive,,,,CHEMBL3991601,2973428,CHEMBL5550,CO[C@@H]1[C@H](N(C)C(=O)c2ccccc2)C[C@H]2O[C@]1(C)n1c3ccccc3c3c4c(c5c6ccccc6n2c5c31)C(=O)NC4
17881647,CHEMBL3991618,CHEMBL1983111,Kd,30000.0,nM,>,,,,,Inactive,,,,CHEMBL3991601,2973433,CHEMBL5550,CC(=O)NCC(=O)N1C2CCC1c1cc(Nc3ncc(C(F)(F)F)c(NC4CCC4)n3)ccc12
17881648,CHEMBL3991618,CHEMBL1614766,Kd,30000.0,nM,>,,,,,Inactive,,,,CHEMBL3991601,2973562,CHEMBL5550,O=C(NOCCO)c1cc(CN2OCCCC2=O)c(F)c(F)c1Nc1ccc(I)cc1F
17881649,CHEMBL3991618,CHEMBL3137336,Kd,30000.0,nM,>,,,,,Inactive,,,,CHEMBL3991601,2973553,CHEMBL5550,Cn1ncc(Cl)c1-c1cc(C(=O)N[C@H](CN)Cc2ccc(F)c(F)c2)oc1Cl
17881650,CHEMBL3991618,CHEMBL3991927,Kd,30000.0,nM,>,,,,,Inactive,,,,CHEMBL3991601,2973506,CHEMBL5550,COc1ccc(S(=O)(=O)N(C(C)=O)c2ccccc2/C=C/c2cc[n+]([O-])cc2)cc1
17881651,CHEMBL3991618,CHEMBL3545076,Kd,30000.0,nM,>,,,,,Inactive,,,,CHEMBL3991601,2973616,CHEMBL5550,Cn1cc(-c2ccc(F)c(C(F)(F)F)c2)nc1C1CCN(c2ncnc3[nH]ncc23)CC1
17881652,CHEMBL3991618,CHEMBL1078178,Kd,30000.0,nM,>,,,,,Inactive,,,,CHEMBL3991601,2973500,CHEMBL5550,N#CCNC(=O)c1ccc(-c2ccnc(Nc3ccc(N4CCOCC4)cc3)n2)cc1
17881653,CHEMBL3991618,CHEMBL2103830,Kd,30000.0,nM,>,,,,,Inactive,,,,CHEMBL3991601,2973654,CHEMBL5550,COc1cc(Nc2ncc(F)c(Nc3ccc4c(n3)N(COP(=O)(O)O)C(=O)C(C)(C)O4)n2)cc(OC)c1OC
17881654,CHEMBL3991618,CHEMBL1614713,Kd,30000.0,nM,>,,,,,Inactive,,,,CHEMBL3991601,2973574,CHEMBL5550,c1cc(OCCN2CCCCC2)cc(-c2n[nH]c3ccc(-c4nnc[nH]4)cc23)c1
17881655,CHEMBL3991618,CHEMBL217092,Kd,275.0,nM,=,,,,6.56,Active,,,"{'bei': '12.10', 'le': '0.24', 'lle': '2.62', 'sei': '7.25'}",CHEMBL3991601,2973439,CHEMBL5550,CN1CCN(CCOc2cc(OC3CCOCC3)c3c(Nc4c(Cl)ccc5c4OCO5)ncnc3c2)CC1
17881656,CHEMBL3991618,CHEMBL1091644,Kd,30000.0,nM,>,,,,,Inactive,,,,CHEMBL3991601,2973442,CHEMBL5550,C[C@]1(O)C[C@@H](c2nc(-c3ccc4ccc(-c5ccccc5)nc4c3)c3c(N)nccn32)C1
17881657,CHEMBL3991618,CHEMBL402548,Kd,30000.0,nM,>,,,,,Inactive,,,,CHEMBL3991601,2973555,CHEMBL5550,CO[C@@H](C(=O)N1Cc2[nH]nc(NC(=O)c3ccc(N4CCN(C)CC4)cc3)c2C1)c1ccccc1
17881658,CHEMBL3991618,CHEMBL1233300,Kd,30000.0,nM,>,,,,,Inactive,,,,CHEMBL3991601,2973431,CHEMBL5550,O=S(=O)(c1cccc2c(O)nccc12)N1CCCNCC1
17881659,CHEMBL3991618,CHEMBL2146883,Kd,30000.0,nM,>,,,,,Inactive,,,,CHEMBL3991601,2973558,CHEMBL5550,O=C(c1ccc(F)c(F)c1Nc1ccc(I)cc1F)N1CC(O)([C@@H]2CCCCN2)C1
17881660,CHEMBL3991618,CHEMBL1231124,Kd,30000.0,nM,>,,,,,Inactive,,,,CHEMBL3991601,2973505,CHEMBL5550,Cc1cc(Nc2nc(N[C@@H](C)c3ncc(F)cn3)ncc2Cl)[nH]n1
17881661,CHEMBL3991618,CHEMBL601719,Kd,30000.0,nM,>,,,,,Inactive,,,,CHEMBL3991601,2973551,CHEMBL5550,C[C@@H](Oc1cc(-c2cnn(C3CCNCC3)c2)cnc1N)c1c(Cl)ccc(F)c1Cl
17881662,CHEMBL3991618,CHEMBL1289494,Kd,30000.0,nM,>,,,,,Inactive,,,,CHEMBL3991601,2973509,CHEMBL5550,COc1cc2nccc(Oc3ccc(NC(=O)Nc4cc(C)on4)c(Cl)c3)c2cc1OC
17881663,CHEMBL3991618,CHEMBL3991929,Kd,30000.0,nM,>,,,,,Inactive,,,,CHEMBL3991601,2973507,CHEMBL5550,CCS(=O)(=O)N1CCN(c2ccc(Nc3ncc(C(N)=O)c(NC4CC4)n3)cc2)CC1.Cl
17881664,CHEMBL3991618,CHEMBL2041933,Kd,30000.0,nM,>,,,,,Inactive,,,,CHEMBL3991601,2973464,CHEMBL5550,NC(=O)Nc1cc(-c2cccc(F)c2)sc1C(=O)N[C@H]1CCCNC1
17881665,CHEMBL3991618,CHEMBL1614701,Kd,30000.0,nM,>,,,,,Inactive,,,,CHEMBL3991601,2973504,CHEMBL5550,Cn1cnc2c(F)c(Nc3ccc(Br)cc3Cl)c(C(=O)NOCCO)cc21
17881666,CHEMBL3991618,CHEMBL1171837,Kd,30000.0,nM,>,,,,,Inactive,,,,CHEMBL3991601,2973522,CHEMBL5550,Cc1ccc(C(=O)Nc2ccc(CN3CCN(C)CC3)c(C(F)(F)F)c2)cc1C#Cc1cnc2cccnn12
17881667,CHEMBL3991618,CHEMBL483158,Kd,30000.0,nM,>,,,,,Inactive,,,,CHEMBL3991601,2973567,CHEMBL5550,COc1cc(Nc2ncc3c(n2)-c2ccc(Cl)cc2C(c2c(F)cccc2OC)=NC3)ccc1C(=O)O
17881668,CHEMBL3991618,CHEMBL223360,Kd,30000.0,nM,>,,,,,Inactive,,,,CHEMBL3991601,2973512,CHEMBL5550,Cc1ccc(F)c(NC(=O)Nc2ccc(-c3cccc4[nH]nc(N)c34)cc2)c1
17881669,CHEMBL3991618,CHEMBL91829,Kd,30000.0,nM,>,,,,,Inactive,,,,CHEMBL3991601,2973637,CHEMBL5550,CN(C)C[C@@H]1CCn2cc(c3ccccc32)C2=C(C(=O)NC2=O)c2cn(c3ccccc23)CCO1
17881670,CHEMBL3991618,CHEMBL2140408,Kd,30000.0,nM,>,,,,,Inactive,,,,CHEMBL3991601,2973556,CHEMBL5550,Cc1csc(-c2nnc(Nc3ccc(Oc4ncccc4-c4ccnc(N)n4)cc3)c3ccccc23)c1
17881671,CHEMBL3991618,CHEMBL1230607,Kd,30000.0,nM,>,,,,,Inactive,,,,CHEMBL3991601,2973527,CHEMBL5550,CC(C)CC(=O)Nc1n[nH]c2c1CN(C(=O)C1CCN(C)CC1)C2(C)C
17881672,CHEMBL3991618,CHEMBL1094408,Kd,30000.0,nM,>,,,,,Inactive,,,,CHEMBL3991601,2973617,CHEMBL5550,COc1ccc(N2CCN(C)CC2)cc1Nc1ncc2c(n1)-c1c(c(C(N)=O)nn1C)CC2
17881673,CHEMBL3991618,CHEMBL411907,Kd,30000.0,nM,>,,,,,Inactive,,,,CHEMBL3991601,2973473,CHEMBL5550,C=CCN(/C=C1/C(=O)O[C@H](COC)[C@@]2(C)C1=C(O)C(=O)C1=C2[C@H](OC(C)=O)C[C@]2(C)C(=O)CC[C@@H]12)CC=C
17881674,CHEMBL3991618,CHEMBL551064,Kd,835.0,nM,=,,,,6.08,Active,,,"{'bei': '14.28', 'le': '0.26', 'lle': '1.41', 'sei': '8.78'}",CHEMBL3991601,2973467,CHEMBL5550,Nc1ncnc2c1c(-c1cccc(OCc3ccccc3)c1)cn2[C@H]1C[C@H](N2CCC2)C1
17881675,CHEMBL3991618,CHEMBL3109738,Kd,30000.0,nM,>,,,,,Inactive,,,,CHEMBL3991601,2973446,CHEMBL5550,COc1cc2ncnc3c2cc1OCCCCCN(C)Cc1ccc(Br)cc1N3
17881676,CHEMBL3991618,CHEMBL2336325,Kd,30000.0,nM,>,,,,,Inactive,,,,CHEMBL3991601,2973445,CHEMBL5550,CNC(=O)c1cccc(-c2ccc3c(N4CCOC[C@@H]4C)nc(N4CCOC[C@@H]4C)nc3n2)c1
17881677,CHEMBL3991618,CHEMBL3545110,Kd,30000.0,nM,>,,,,,Inactive,,,,CHEMBL3991601,2973443,CHEMBL5550,CN(C)C(=O)c1cc2cnc(Nc3ccc(N4CCNCC4)cn3)nc2n1C1CCCC1
17881678,CHEMBL3991618,CHEMBL3991933,Kd,30000.0,nM,>,,,,,Inactive,,,,CHEMBL3991601,2973622,CHEMBL5550,Cc1nc2cc(-c3nn(C(C)C)c4ncnc(N)c34)ccc2o1
17881679,CHEMBL3991618,CHEMBL482767,Kd,30000.0,nM,>,,,,,Inactive,,,,CHEMBL3991601,2973457,CHEMBL5550,O=C(Nc1cccc(Cl)c1)Nc1ncc(CCNc2ncnc3ccsc23)s1
17881680,CHEMBL3991618,CHEMBL372764,Kd,30000.0,nM,>,,,,,Inactive,,,,CHEMBL3991601,2973458,CHEMBL5550,CCCCCCCCCCCCCCCCCCOP(=O)([O-])OC1CC[N+](C)(C)CC1
17881681,CHEMBL3991618,CHEMBL494089,Kd,30000.0,nM,>,,,,,Inactive,,,,CHEMBL3991601,2973579,CHEMBL5550,CCn1c(-c2nonc2N)nc2c(C#CC(C)(C)O)ncc(OC[C@H]3CCCNC3)c21
17881682,CHEMBL3991618,CHEMBL405130,Kd,30000.0,nM,>,,,,,Inactive,,,,CHEMBL3991601,2973514,CHEMBL5550,COc1cc2ncnc(Nc3ccc(O)cc3)c2cc1OC
17881683,CHEMBL3991618,CHEMBL1201182,Kd,30000.0,nM,>,,,,,Inactive,,,,CHEMBL3991601,2973623,CHEMBL5550,CO[C@H]1C[C@@H]2CC[C@@H](C)[C@@](O)(O2)C(=O)C(=O)N2CCCC[C@H]2C(=O)O[C@H]([C@H](C)C[C@@H]2CC[C@@H](OC(=O)C(C)(CO)CO)[C@H](OC)C2)CC(=O)[C@H](C)/C=C(\C)[C@@H](O)[C@@H](OC)C(=O)[C@H](C)C[C@H](C)/C=C/C=C/C=C/1C
17881684,CHEMBL3991618,CHEMBL230011,Kd,30000.0,nM,>,,,,,Inactive,,,,CHEMBL3991601,2973560,CHEMBL5550,Nc1nc(N)c2nc(-c3cccc(O)c3)c(-c3cccc(O)c3)nc2n1
17881685,CHEMBL3991618,CHEMBL1079175,Kd,30000.0,nM,>,,,,,Inactive,,,,CHEMBL3991601,2973517,CHEMBL5550,NC1(c2ccc(-c3nc4ccn5c(=O)[nH]nc5c4cc3-c3ccccc3)cc2)CCC1
17881686,CHEMBL3991618,CHEMBL491473,Kd,30000.0,nM,>,,,,,Inactive,,,,CHEMBL3991601,2973477,CHEMBL5550,COc1cc2c(Oc3ccc4[nH]c(C)cc4c3F)ncnc2cc1OCCCN1CCCC1
17881687,CHEMBL3991618,CHEMBL1234354,Kd,30000.0,nM,>,,,,,Inactive,,,,CHEMBL3991601,2973452,CHEMBL5550,COc1ccc(-c2cc3c(C)nc(N)nc3n([C@H]3CC[C@H](OCCO)CC3)c2=O)cn1
17881688,CHEMBL3991618,CHEMBL2001019,Kd,30000.0,nM,>,,,,,Inactive,,,,CHEMBL3991601,2973510,CHEMBL5550,OCCn1cc(-c2cnc3nnn(Cc4ccc5ncccc5c4)c3n2)cn1
17881689,CHEMBL3991618,CHEMBL3688339,Kd,30000.0,nM,>,,,,,Inactive,,,,CHEMBL3991601,2973508,CHEMBL5550,CC(=O)c1cnc2ccc(-c3cc(Cl)c(O)c(Cl)c3)nc2c1N[C@H]1CC[C@H](CN(C)C)CC1
17881690,CHEMBL3991618,CHEMBL300138,Kd,30000.0,nM,>,,,,,Inactive,,,,CHEMBL3991601,2973550,CHEMBL5550,Cn1cc(C2=C(c3cn(C4CCN(Cc5ccccn5)CC4)c4ccccc34)C(=O)NC2=O)c2ccccc21
17881691,CHEMBL3991618,CHEMBL3545307,Kd,30000.0,nM,>,,,,,Inactive,,,,CHEMBL3991601,2973624,CHEMBL5550,Cc1ccc(C(=O)Nc2ccc(Oc3cc4cnn(C)c4cc3-c3cn[nH]c3)c(F)c2)c(=O)n1-c1ccc(F)cc1
17881692,CHEMBL3991618,CHEMBL607707,Kd,30000.0,nM,>,,,,,Inactive,,,,CHEMBL3991601,2973526,CHEMBL5550,CCOc1cc2ncc(C#N)c(Nc3ccc(F)c(Cl)c3)c2cc1NC(=O)/C=C/CN(C)C
17881693,CHEMBL3991618,CHEMBL575448,Kd,30000.0,nM,>,,,,,Inactive,,,,CHEMBL3991601,2973476,CHEMBL5550,C[C@@]1(C(=O)Nc2ccc(F)nc2)CCCN1c1nc(Nc2cc(C3CC3)n[nH]2)c2cccn2n1
17881694,CHEMBL3991618,CHEMBL2103882,Kd,30000.0,nM,>,,,,,Inactive,,,,CHEMBL3991601,2973655,CHEMBL5550,O=C1NC(=O)[C@@H](c2cn3c4c(cccc24)CCC3)[C@@H]1c1c[nH]c2ccccc12
17881695,CHEMBL3991618,CHEMBL3545083,Kd,30000.0,nM,>,,,,,Inactive,,,,CHEMBL3991601,2973516,CHEMBL5550,COCCN1CCN(Cc2ccc(-c3n[nH]c4c3C(=O)c3c(NC(=O)NN5CCOCC5)cccc3-4)cc2)CC1
17881696,CHEMBL3991618,CHEMBL2029988,Kd,30000.0,nM,>,,,,,Inactive,,,,CHEMBL3991601,2973573,CHEMBL5550,COc1cc2ncnc(Oc3cccc(NC(=O)Nc4cc(C(C)(C)C(F)(F)F)on4)c3)c2cc1OC
17881697,CHEMBL3991618,CHEMBL571546,Kd,30000.0,nM,>,,,,,Inactive,,,,CHEMBL3991601,2973528,CHEMBL5550,O=C(Cc1ccc(-c2ccc(OCCN3CCOCC3)cc2)cn1)NCc1ccccc1
17881698,CHEMBL3991618,CHEMBL2105717,Kd,30000.0,nM,>,,,,,Inactive,,,,CHEMBL3991601,2973563,CHEMBL5550,COc1cc2nccc(Oc3ccc(NC(=O)C4(C(=O)Nc5ccc(F)cc5)CC4)cc3)c2cc1OC
17881699,CHEMBL3991618,CHEMBL274654,Kd,30000.0,nM,>,,,,,Inactive,,,,CHEMBL3991601,2973432,CHEMBL5550,Cc1[nH]c(/C=C2\C(=O)Nc3ccccc32)c(C)c1CCC(=O)O
17881700,CHEMBL3991618,CHEMBL2103842,Kd,30000.0,nM,>,,,,,Inactive,,,,CHEMBL3991601,2973425,CHEMBL5550,C[C@@H]1COC(Nc2ccc3ncnc(Nc4ccc(OCc5nccs5)c(Cl)c4)c3c2)=N1
17881701,CHEMBL3991618,CHEMBL3182444,Kd,30000.0,nM,>,,,,,Inactive,,,,CHEMBL3991601,2973593,CHEMBL5550,O=C(O)C1(Cc2cccc(Nc3nccs3)n2)CCC(Oc2cccc(Cl)c2F)CC1
17881702,CHEMBL3991618,CHEMBL1952329,Kd,30000.0,nM,>,,,,,Inactive,,,,CHEMBL3991601,2973437,CHEMBL5550,CN1CCC(CNc2ccc3ncc(-c4cccc(OC(F)(F)F)c4)n3n2)CC1
17881703,CHEMBL3991618,CHEMBL124660,Kd,30000.0,nM,>,,,,,Inactive,,,,CHEMBL3991601,2973447,CHEMBL5550,COc1cc2c(N3CCN(C(=O)Nc4ccc(OC(C)C)cc4)CC3)ncnc2cc1OCCCN1CCCCC1
17881704,CHEMBL3991618,CHEMBL2403108,Kd,30000.0,nM,>,,,,,Inactive,,,,CHEMBL3991601,2973427,CHEMBL5550,Cc1cc(Nc2ncc(Cl)c(Nc3ccccc3S(=O)(=O)C(C)C)n2)c(OC(C)C)cc1C1CCNCC1
17881705,CHEMBL3991618,CHEMBL1667969,Kd,30000.0,nM,>,,,,,Inactive,,,,CHEMBL3991601,2973639,CHEMBL5550,O=c1[nH]ccc2cc(OC3CCNCC3)ccc12
17881706,CHEMBL3991618,CHEMBL2408045,Kd,30000.0,nM,>,,,,,Inactive,,,,CHEMBL3991601,2973453,CHEMBL5550,CNC(=O)CN1CCC(Oc2cc3c(Nc4cccc(Cl)c4F)ncnc3cc2OC)CC1
17881707,CHEMBL3991618,CHEMBL1922094,Kd,30000.0,nM,>,,,,,Inactive,,,,CHEMBL3991601,2973460,CHEMBL5550,Cc1c(CN2CCN(C(=O)[C@H](C)O)CC2)sc2c(N3CCOCC3)nc(-c3cnc(N)nc3)nc12
17881708,CHEMBL3991618,CHEMBL3218578,Kd,30000.0,nM,>,,,,,Inactive,,,,CHEMBL3991601,2973566,CHEMBL5550,COc1ccc(-c2ccc3ncc4c(c3c2)n(-c2ccc(N3CCNCC3)c(C(F)(F)F)c2)c(=O)n4C)cn1
17881709,CHEMBL3991618,CHEMBL574737,Kd,30000.0,nM,>,,,,,Inactive,,,,CHEMBL3991601,2973497,CHEMBL5550,CN[C@@H]1C[C@H]2O[C@@](C)([C@@H]1OC)n1c3ccccc3c3c4c(c5c6ccccc6n2c5c31)C(=O)N[C@H]4O
17881710,CHEMBL3991618,CHEMBL482968,Kd,30000.0,nM,>,,,,,Inactive,,,,CHEMBL3991601,2973552,CHEMBL5550,Cc1cc(Nc2cc(N3CCN(C)CC3)nc(/C=C/c3ccccc3)n2)n[nH]1
17881711,CHEMBL3991618,CHEMBL1336,Kd,30000.0,nM,>,,,,,Inactive,,,,CHEMBL3991601,2973523,CHEMBL5550,CNC(=O)c1cc(Oc2ccc(NC(=O)Nc3ccc(Cl)c(C(F)(F)F)c3)cc2)ccn1
17881712,CHEMBL3991618,CHEMBL215152,Kd,30000.0,nM,>,,,,,Inactive,,,,CHEMBL3991601,2973430,CHEMBL5550,CCN(CCO)CCCOc1ccc2c(Nc3cc(CC(=O)Nc4cccc(F)c4)[nH]n3)ncnc2c1
17881713,CHEMBL3991618,CHEMBL3699142,Kd,30000.0,nM,>,,,,,Inactive,,,,CHEMBL3991601,2973436,CHEMBL5550,CCNC(=O)C#Cc1ccc2c(c1)NC(=O)/C2=C(\Nc1ccc(CN(C)C)cc1)c1ccccc1
17881714,CHEMBL3991618,CHEMBL460702,Kd,30000.0,nM,>,,,,,Inactive,,,,CHEMBL3991601,2973513,CHEMBL5550,CCOc1ccn(-c2ccc(F)cc2)c(=O)c1C(=O)Nc1ccc(Oc2ccnc(N)c2Cl)c(F)c1
17881715,CHEMBL3991618,CHEMBL1738797,Kd,30000.0,nM,>,,,,,Inactive,,,,CHEMBL3991601,2973435,CHEMBL5550,CCc1cc2c(cc1N1CCC(N3CCOCC3)CC1)C(C)(C)c1[nH]c3cc(C#N)ccc3c1C2=O
17881716,CHEMBL3991618,CHEMBL462018,Kd,30000.0,nM,>,,,,,Inactive,,,,CHEMBL3991601,2973465,CHEMBL5550,CN1N=C(N)c2cn([C@@H]3O[C@H](COP(=O)(O)O)[C@@H](O)[C@H]3O)c3ncnc1c23
17881717,CHEMBL3991618,CHEMBL3039517,Kd,30000.0,nM,>,,,,,Inactive,,,,CHEMBL3991601,2973424,CHEMBL5550,Cc1cnc(NC(=O)Nc2cc(Br)c(C)cc2OC[C@@H]2CNCCO2)cn1
17881718,CHEMBL3991618,CHEMBL939,Kd,30000.0,nM,>,,,,,Inactive,,,,CHEMBL3991601,2973621,CHEMBL5550,COc1cc2ncnc(Nc3ccc(F)c(Cl)c3)c2cc1OCCCN1CCOCC1
17881719,CHEMBL3991618,CHEMBL1645462,Kd,30000.0,nM,>,,,,,Inactive,,,,CHEMBL3991601,2973454,CHEMBL5550,Cc1c(NC(=O)OC[C@@H]2COCCN2)cn2ncnc(Nc3ccc4c(cnn4Cc4cccc(F)c4)c3)c12
17881720,CHEMBL3991618,CHEMBL2323775,Kd,30000.0,nM,>,,,,,Inactive,,,,CHEMBL3991601,2973461,CHEMBL5550,Cn1cc(-c2cnc3ccc4ccc(CS(=O)(=O)NCc5ccccn5)cc4c(=O)c3c2)cn1
17881721,CHEMBL3991618,CHEMBL1233528,Kd,30000.0,nM,>,,,,,Inactive,,,,CHEMBL3991601,2973462,CHEMBL5550,CC[C@@H]1C(=O)N(C)c2cnc(Nc3ccc(C(=O)N[C@H]4CC[C@H](N5CCN(CC6CC6)CC5)CC4)cc3OC)nc2N1C(C)C
17881722,CHEMBL3991618,CHEMBL14762,Kd,30000.0,nM,>,,,,,Inactive,,,,CHEMBL3991601,2973575,CHEMBL5550,CC[C@H](CO)Nc1nc(NCc2ccccc2)c2ncn(C(C)C)c2n1
17881723,CHEMBL3991618,CHEMBL3264002,Kd,30000.0,nM,>,,,,,Inactive,,,,CHEMBL3991601,2973572,CHEMBL5550,CNS(=O)(=O)Nc1nccc(Cc2c(C)c3ccc(Oc4ncccn4)cc3oc2=O)c1F
17881724,CHEMBL3991618,CHEMBL3137331,Kd,30000.0,nM,>,,,,,Inactive,,,,CHEMBL3991601,2973648,CHEMBL5550,CNC(=O)c1ccc(Nc2ncc(C(F)(F)F)c(NCc3nccnc3N(C)S(C)(=O)=O)n2)cc1
17881725,CHEMBL3991618,CHEMBL514201,Kd,30000.0,nM,>,,,,,Inactive,,,,CHEMBL3991601,2973519,CHEMBL5550,C[C@@H]1CN(Cc2ccc(F)cc2)[C@@H](C)CN1C(=O)c1cc2c(C(=O)C(=O)N(C)C)cn(C)c2cc1Cl
17881726,CHEMBL3991618,CHEMBL2364611,Kd,12248.0,nM,=,,,,4.91,Uncertain,,,"{'bei': '13.30', 'le': '0.24', 'lle': '1.40', 'sei': '5.67'}",CHEMBL3991601,2973651,CHEMBL5550,Cc1cccc(-c2nn3c(c2-c2ccnc4ccc(C(N)=O)cc24)CCC3)n1
17881727,CHEMBL3991618,CHEMBL415049,Kd,30000.0,nM,>,,,,,Inactive,,,,CHEMBL3991601,2973438,CHEMBL5550,CCN(CCCOc1ccc2c(Nc3cc(CC(=O)Nc4cccc(F)c4)[nH]n3)ncnc2c1)CCOP(=O)(O)O
17881728,CHEMBL3991618,CHEMBL2180604,Kd,30000.0,nM,>,,,,,Inactive,,,,CHEMBL3991601,2973597,CHEMBL5550,Cc1cc(C(=O)Nc2cc(Oc3ccc4nc(NC(=O)C5CC5)cn4n3)ccc2C)n(C)n1
17881729,CHEMBL3991618,CHEMBL3301622,Kd,30000.0,nM,>,,,,,Inactive,,,,CHEMBL3991601,2973469,CHEMBL5550,CCc1nc(C(N)=O)c(Nc2ccc(N3CCC(N4CCN(C)CC4)CC3)c(OC)c2)nc1NC1CCOCC1
17881730,CHEMBL3991618,CHEMBL24828,Kd,30000.0,nM,>,,,,,Inactive,,,,CHEMBL3991601,2973451,CHEMBL5550,COc1cc2/c(=N/c3ccc(Br)cc3F)nc[nH]c2cc1OCC1CCN(C)CC1
17881731,CHEMBL3991618,CHEMBL3544983,Kd,30000.0,nM,>,,,,,Inactive,,,,CHEMBL3991601,2973503,CHEMBL5550,COc1cc2c(Nc3ccc(Cl)c(Cl)c3F)ncnc2cc1OC[C@@H]1C[C@@H]2CN(C)C[C@@H]2C1
17881732,CHEMBL3991618,CHEMBL1879463,Kd,30000.0,nM,>,,,,,Inactive,,,,CHEMBL3991601,2973647,CHEMBL5550,Cn1c(=O)n(-c2ccc(C(C)(C)C#N)cc2)c2c3cc(-c4cnc5ccccc5c4)ccc3ncc21
17881733,CHEMBL3991618,CHEMBL2110732,Kd,30000.0,nM,>,,,,,Inactive,,,,CHEMBL3991601,2973583,CHEMBL5550,COc1cc2ncnc(Nc3ccc(F)c(Cl)c3)c2cc1NC(=O)/C=C/CN1CCCCC1
17881734,CHEMBL3991618,CHEMBL1614707,Kd,30000.0,nM,>,,,,,Inactive,,,,CHEMBL3991601,2973584,CHEMBL5550,FC(F)(F)c1ccc(/C=C/c2nc(COc3ccc(CCCCn4ccnn4)cc3)co2)cc1
17881735,CHEMBL3991618,CHEMBL3545366,Kd,30000.0,nM,>,,,,,Inactive,,,,CHEMBL3991601,2973633,CHEMBL5550,CCn1c(=O)c(-c2cc[nH]n2)cc2c(C)nc(N)nc21
17881736,CHEMBL3991618,CHEMBL572881,Kd,30000.0,nM,>,,,,,Inactive,,,,CHEMBL3991601,2973533,CHEMBL5550,CC1(C)CNc2cc(NC(=O)c3cccnc3NCc3ccncc3)ccc21
17881737,CHEMBL3991618,CHEMBL428690,Kd,30000.0,nM,>,,,,,Inactive,,,,CHEMBL3991601,2973441,CHEMBL5550,CN1CC[C@H](c2c(O)cc(O)c3c(=O)cc(-c4ccccc4Cl)oc23)[C@H](O)C1
17881738,CHEMBL3991618,CHEMBL1084546,Kd,30000.0,nM,>,,,,,Inactive,,,,CHEMBL3991601,2973600,CHEMBL5550,CN(c1ncccc1CNc1nc(Nc2ccc3c(c2)CC(=O)N3)ncc1C(F)(F)F)S(C)(=O)=O
17881739,CHEMBL3991618,CHEMBL384304,Kd,30000.0,nM,>,,,,,Inactive,,,,CHEMBL3991601,2973564,CHEMBL5550,COc1ccc(F)c(F)c1C(=O)c1cnc(NC2CCN(S(C)(=O)=O)CC2)nc1N
17881740,CHEMBL3991618,CHEMBL3039513,Kd,30000.0,nM,>,,,,,Inactive,,,,CHEMBL3991601,2973544,CHEMBL5550,CC[C@@](C)(Nc1ccnc(-c2c[nH]c3ncccc23)n1)C(=O)NCC(F)(F)F
17881741,CHEMBL3991618,CHEMBL31965,Kd,30000.0,nM,>,,,,,Inactive,,,,CHEMBL3991601,2973494,CHEMBL5550,C=CC(=O)Nc1cc2c(Nc3ccc(F)c(Cl)c3)ncnc2cc1OCCCN1CCOCC1
17881742,CHEMBL3991618,CHEMBL283120,Kd,30000.0,nM,>,,,,,Inactive,,,,CHEMBL3991601,2973598,CHEMBL5550,COc1cc([C@@H]2c3cc4c(cc3[C@H](O)[C@H]3COC(=O)[C@@H]23)OCO4)cc(OC)c1OC
17881743,CHEMBL3991618,CHEMBL255863,Kd,30000.0,nM,>,,,,,Inactive,,,,CHEMBL3991601,2973543,CHEMBL5550,Cc1cn(-c2cc(NC(=O)c3ccc(C)c(Nc4nccc(-c5cccnc5)n4)c3)cc(C(F)(F)F)c2)cn1
17881744,CHEMBL3991618,CHEMBL2087361,Kd,30000.0,nM,>,,,,,Inactive,,,,CHEMBL3991601,2973419,CHEMBL5550,C#Cc1cccc(Nc2ncnc3cc4c(cc23)OCCOCCOCCO4)c1
17881745,CHEMBL3991618,CHEMBL1946170,Kd,30000.0,nM,>,,,,,Inactive,,,,CHEMBL3991601,2973657,CHEMBL5550,CNC(=O)c1cc(Oc2ccc(NC(=O)Nc3ccc(Cl)c(C(F)(F)F)c3)c(F)c2)ccn1
17881746,CHEMBL3991618,CHEMBL482967,Kd,65302.0,nM,=,,,,4.18,Active,,,"{'bei': '11.36', 'le': '0.22', 'lle': '1.12', 'sei': '4.69'}",CHEMBL3991601,2973466,CHEMBL5550,Cc1nc(N)sc1-c1ccnc(Nc2ccc(N3CCOCC3)cc2)n1
17881747,CHEMBL3991618,CHEMBL2219422,Kd,30000.0,nM,>,,,,,Inactive,,,,CHEMBL3991601,2973455,CHEMBL5550,Cn1ncc(Cl)c1-c1cc(C(=O)N[C@H](CN)Cc2cccc(F)c2)sc1Cl
17881748,CHEMBL3991618,CHEMBL3301612,Kd,30000.0,nM,>,,,,,Inactive,,,,CHEMBL3991601,2973649,CHEMBL5550,COC(=O)N[C@@H](C)CNc1nccc(-c2cn(C(C)C)nc2-c2cc(Cl)cc(NS(C)(=O)=O)c2F)n1
17881749,CHEMBL3991618,CHEMBL564829,Kd,3012.0,nM,=,,,,5.52,Active,,,"{'bei': '11.99', 'le': '0.22', 'lle': '2.95', 'sei': '6.05'}",CHEMBL3991601,2973450,CHEMBL5550,CNC(=O)c1nn(C)c2c1C(C)(C)Cc1cnc(Nc3ccc(N4CCN(C)CC4)cc3)nc1-2
17881750,CHEMBL3991618,CHEMBL1950289,Kd,30000.0,nM,>,,,,,Inactive,,,,CHEMBL3991601,2973488,CHEMBL5550,O[C@H]1CC[C@H](Nc2ncc3nc(Nc4c(F)cc(F)cc4F)n([C@H]4CCOC4)c3n2)CC1
17881751,CHEMBL3991618,CHEMBL5416410,Kd,30000.0,nM,>,,,,,Inactive,,,,CHEMBL3991601,2973490,CHEMBL5550,Cc1nc(Nc2ncc(C(=O)Nc3c(C)cccc3Cl)s2)cc(N2CCN(CCO)CC2)n1.O
17881752,CHEMBL3991618,CHEMBL1230609,Kd,30000.0,nM,>,,,,,Inactive,,,,CHEMBL3991601,2973444,CHEMBL5550,COc1cc2c(Oc3ccc(NC(=O)C4(C(=O)Nc5ccc(F)cc5)CC4)cc3F)ccnc2cc1OCCCN1CCOCC1
17881753,CHEMBL3991618,CHEMBL253969,Kd,3053.0,nM,=,,,,5.51,Uncertain,,,"{'bei': '10.36', 'le': '0.24', 'lle': '1.66', 'sei': '5.03'}",CHEMBL3991601,2973418,CHEMBL5550,NC(=O)c1c(OCc2c(F)cc(Br)cc2F)nsc1NC(=O)NCCCCN1CCCC1
17881754,CHEMBL3991618,CHEMBL1090090,Kd,30000.0,nM,>,,,,,Inactive,,,,CHEMBL3991601,2973420,CHEMBL5550,NC(=O)c1ccc(N(C(N)=O)c2c(F)cccc2F)nc1-c1ccc(F)cc1F
17881755,CHEMBL3991618,CHEMBL1976040,Kd,30000.0,nM,>,,,,,Inactive,,,,CHEMBL3991601,2973498,CHEMBL5550,C=CCn1c(=O)c2cnc(Nc3ccc(N4CCN(C)CC4)cc3)nc2n1-c1cccc(C(C)(C)O)n1
17881756,CHEMBL3991618,CHEMBL2017974,Kd,30000.0,nM,>,,,,,Inactive,,,,CHEMBL3991601,2973626,CHEMBL5550,Nc1cc(C(F)(F)F)c(-c2cc(N3CCOCC3)nc(N3CCOCC3)n2)cn1
17881757,CHEMBL3991618,CHEMBL403989,Kd,30000.0,nM,>,,,,,Inactive,,,,CHEMBL3991601,2973608,CHEMBL5550,Cc1cc(-c2cc(OC(=O)c3ccccc3)ccc2Cl)cc2nnc(Nc3ccc(OCCN4CCCC4)cc3)nc12
17881758,CHEMBL3991618,CHEMBL180022,Kd,30000.0,nM,>,,,,,Inactive,,,,CHEMBL3991601,2973588,CHEMBL5550,CCOc1cc2ncc(C#N)c(Nc3ccc(OCc4ccccn4)c(Cl)c3)c2cc1NC(=O)/C=C/CN(C)C
17881759,CHEMBL3991618,CHEMBL475251,Kd,30000.0,nM,>,,,,,Inactive,,,,CHEMBL3991601,2973613,CHEMBL5550,COc1cc(Nc2ncc(F)c(Nc3ccc4c(n3)NC(=O)C(C)(C)O4)n2)cc(OC)c1OC
17881760,CHEMBL3991618,CHEMBL288441,Kd,30000.0,nM,>,,,,,Inactive,,,,CHEMBL3991601,2973545,CHEMBL5550,COc1cc(Nc2c(C#N)cnc3cc(OCCCN4CCN(C)CC4)c(OC)cc23)c(Cl)cc1Cl
17881761,CHEMBL3991618,CHEMBL4084193,Kd,30000.0,nM,>,,,,,Inactive,,,,CHEMBL3991601,2973459,CHEMBL5550,
17881762,CHEMBL3991618,CHEMBL2105728,Kd,30000.0,nM,>,,,,,Inactive,,,,CHEMBL3991601,2973638,CHEMBL5550,CC1(COc2ccc3c(c2)ncn3-c2ccc3cccc(N4CCC(N)CC4)c3n2)COC1
17881763,CHEMBL3991618,CHEMBL1229517,Kd,30000.0,nM,>,,,,,Inactive,,,,CHEMBL3991601,2973627,CHEMBL5550,CCCS(=O)(=O)Nc1ccc(F)c(C(=O)c2c[nH]c3ncc(-c4ccc(Cl)cc4)cc23)c1F
17881764,CHEMBL3991618,CHEMBL2133806,Kd,30000.0,nM,>,,,,,Inactive,,,,CHEMBL3991601,2973599,CHEMBL5550,Cn1cc(-c2ccc3nnc(C(F)(F)c4ccc5ncccc5c4)n3n2)cn1
17881765,CHEMBL3991618,CHEMBL495727,Kd,30000.0,nM,>,,,,,Inactive,,,,CHEMBL3991601,2973521,CHEMBL5550,O=C(Nc1c[nH]nc1-c1nc2ccc(CN3CCOCC3)cc2[nH]1)NC1CC1
17881766,CHEMBL3991618,CHEMBL2103875,Kd,30000.0,nM,>,,,,,Inactive,,,,CHEMBL3991601,2973629,CHEMBL5550,CC(=O)Nc1cccc(-n2c(=O)n(C3CC3)c(=O)c3c(Nc4ccc(I)cc4F)n(C)c(=O)c(C)c32)c1
17881767,CHEMBL3991618,CHEMBL3545360,Kd,30000.0,nM,>,,,,,Inactive,,,,CHEMBL3991601,2973422,CHEMBL5550,COc1cc(N2CCC(N3CCN(C)CC3)CC2)ccc1Nc1ncnc(Nc2ccccc2S(=O)(=O)C(C)C)n1
17881768,CHEMBL3991618,CHEMBL3426621,Kd,30000.0,nM,>,,,,,Inactive,,,,CHEMBL3991601,2973577,CHEMBL5550,C[C@H]1CNCCCN1S(=O)(=O)c1cccc2cncc(F)c12
17881769,CHEMBL3991618,CHEMBL1236682,Kd,30000.0,nM,>,,,,,Inactive,,,,CHEMBL3991601,2973645,CHEMBL5550,COc1cc(F)c(F)c(Nc2ccc(I)cc2F)c1NS(=O)(=O)C1(C[C@H](O)CO)CC1
17881770,CHEMBL3991618,CHEMBL3544960,Kd,30000.0,nM,>,,,,,Inactive,,,,CHEMBL3991601,2973578,CHEMBL5550,NC[C@@](O)(c1ccc(Cl)cc1)c1ccc(-c2cn[nH]c2)cc1
17881771,CHEMBL3991618,CHEMBL3402762,Kd,30000.0,nM,>,,,,,Inactive,,,,CHEMBL3991601,2973580,CHEMBL5550,CN1CCC(COc2cnc(-c3cccc(Cn4nc(-c5cccc(C#N)c5)ccc4=O)c3)nc2)CC1
17881772,CHEMBL3991618,CHEMBL2138625,Kd,30000.0,nM,>,,,,,Inactive,,,,CHEMBL3991601,2973463,CHEMBL5550,C=CC(=O)Nc1cc2c(Nc3ccc(F)c(Cl)c3)ncnc2cc1C#CC(C)(C)N1CCN(C)CC1
17881773,CHEMBL3991618,CHEMBL3301610,Kd,30000.0,nM,>,,,,,Inactive,,,,CHEMBL3991601,2973415,CHEMBL5550,CCN1CCN(Cc2ccc(Nc3ncc(F)c(-c4cc(F)c5nc(C)n(C(C)C)c5c4)n3)nc2)CC1
17881774,CHEMBL3991618,CHEMBL3218575,Kd,30000.0,nM,>,,,,,Inactive,,,,CHEMBL3991601,2973501,CHEMBL5550,Cc1ccc(S(=O)(=O)Nc2nc3ccccc3nc2Nc2ccc3nsnc3c2)cc1
17881775,CHEMBL3991618,CHEMBL1236962,Kd,30000.0,nM,>,,,,,Inactive,,,,CHEMBL3991601,2973561,CHEMBL5550,COc1ncc(-c2ccc3nccc(-c4ccnnc4)c3c2)cc1NS(=O)(=O)c1ccc(F)cc1F
17881776,CHEMBL3991618,CHEMBL1822792,Kd,30000.0,nM,>,,,,,Inactive,,,,CHEMBL3991601,2973483,CHEMBL5550,CN(C[C@@H]1COCCO1)S(=O)(=O)Nc1ccc2ccc3ncc(-c4cnn(C)c4)cc3c(=O)c2c1
17881777,CHEMBL3991618,CHEMBL3544966,Kd,30000.0,nM,>,,,,,Inactive,,,,CHEMBL3991601,2973620,CHEMBL5550,O=C1NC(=O)/C(=C/c2ccc3nccc(-c4ccncc4)c3c2)S1
17881778,CHEMBL3991618,CHEMBL603469,Kd,30000.0,nM,>,,,,,Inactive,,,,CHEMBL3991601,2973576,CHEMBL5550,C[C@]12O[C@H](C[C@]1(O)CO)n1c3ccccc3c3c4c(c5c6ccccc6n2c5c31)CNC4=O
17881779,CHEMBL3991618,CHEMBL445813,Kd,30000.0,nM,>,,,,,Inactive,,,,CHEMBL3991601,2973591,CHEMBL5550,O=C(NC1CCNCC1)c1n[nH]cc1NC(=O)c1c(Cl)cccc1Cl
17881780,CHEMBL3991618,CHEMBL2376648,Kd,30000.0,nM,>,,,,,Inactive,,,,CHEMBL3991601,2973625,CHEMBL5550,C[C@@H](Oc1cc(C(=O)Nc2ccc(C(=O)N3CCN(C)CC3)cc2)nnc1N)c1c(Cl)ccc(F)c1Cl
17881781,CHEMBL3991618,CHEMBL1615025,Kd,30000.0,nM,>,,,,,Inactive,,,,CHEMBL3991601,2973547,CHEMBL5550,Cn1c(=O)c(F)c(Nc2ccc(I)cc2F)c2c(=O)n(C[C@@H](O)CO)cnc21
17881782,CHEMBL3991618,CHEMBL3188267,Kd,30000.0,nM,>,,,,,Inactive,,,,CHEMBL3991601,2973421,CHEMBL5550,CNC(=O)c1ccc(-c2cnc3ncc(Cc4ccc5ncccc5c4)n3n2)cc1F
17881783,CHEMBL3991618,CHEMBL3545308,Kd,30000.0,nM,>,,,,,Inactive,,,,CHEMBL3991601,2973537,CHEMBL5550,C=CC(=O)Nc1cccc(Nc2nc(Nc3ccc(N4CCN(C(C)=O)CC4)cc3OC)ncc2C(F)(F)F)c1
17881784,CHEMBL3991618,CHEMBL941,Kd,30000.0,nM,>,,,,,Inactive,,,,CHEMBL3991601,2973538,CHEMBL5550,Cc1ccc(NC(=O)c2ccc(CN3CCN(C)CC3)cc2)cc1Nc1nccc(-c2cccnc2)n1
17881785,CHEMBL3991618,CHEMBL2396661,Kd,30000.0,nM,>,,,,,Inactive,,,,CHEMBL3991601,2973605,CHEMBL5550,Cc1nc(NC(=O)N2CCC[C@H]2C(N)=O)sc1-c1ccnc(C(C)(C)C(F)(F)F)c1
17881786,CHEMBL3991618,CHEMBL3545157,Kd,30000.0,nM,>,,,,,Inactive,,,,CHEMBL3991601,2973456,CHEMBL5550,O=c1sn(-c2cccc3ccccc23)c(=O)n1Cc1ccccc1
17881787,CHEMBL3991618,CHEMBL522892,Kd,30000.0,nM,>,,,,,Inactive,,,,CHEMBL3991601,2973484,CHEMBL5550,CN1CCN(c2ccc3nc(-c4c(N)c5c(F)cccc5[nH]c4=O)[nH]c3c2)CC1
17881788,CHEMBL3991618,CHEMBL281948,Kd,30000.0,nM,>,,,,,Inactive,,,,CHEMBL3991601,2973607,CHEMBL5550,COC(=O)[C@@]1(O)C[C@H]2O[C@]1(C)n1c3ccccc3c3c4c(c5c6ccccc6n2c5c31)C(=O)NC4
17881789,CHEMBL3991618,CHEMBL413,Kd,30000.0,nM,>,,,,,Inactive,,,,CHEMBL3991601,2973524,CHEMBL5550,CO[C@H]1C[C@@H]2CC[C@@H](C)[C@@](O)(O2)C(=O)C(=O)N2CCCC[C@H]2C(=O)O[C@H]([C@H](C)C[C@@H]2CC[C@@H](O)[C@H](OC)C2)CC(=O)[C@H](C)/C=C(\C)[C@@H](O)[C@@H](OC)C(=O)[C@H](C)C[C@H](C)/C=C/C=C/C=C/1C
17881790,CHEMBL3991618,CHEMBL3991934,Kd,30000.0,nM,>,,,,,Inactive,,,,CHEMBL3991601,2973554,CHEMBL5550,COCc1c(-c2ccc(NC(=O)Nc3cc(C(F)(F)F)ccc3F)c(F)c2)c2c(N)ncnn2c1CN1CCOCC1
17881791,CHEMBL3991618,CHEMBL1908391,Kd,30000.0,nM,>,,,,,Inactive,,,,CHEMBL3991601,2973565,CHEMBL5550,Cc1ccc(NC(=O)c2ccc(CN3CCN(C)CC3)cc2)cc1Nc1nc(-c2cccnc2)cs1
17881792,CHEMBL3991618,CHEMBL2103839,Kd,30000.0,nM,>,,,,,Inactive,,,,CHEMBL3991601,2973615,CHEMBL5550,CO[C@H]1C[C@@H]2CC[C@@H](C)[C@@](O)(O2)C(=O)C(=O)N2CCCC[C@H]2C(=O)O[C@H]([C@H](C)C[C@@H]2CC[C@@H](OP(C)(C)=O)[C@H](OC)C2)CC(=O)[C@H](C)/C=C(\C)[C@@H](O)[C@@H](OC)C(=O)[C@H](C)C[C@H](C)/C=C/C=C/C=C/1C
17881793,CHEMBL3991618,CHEMBL3545328,Kd,30000.0,nM,>,,,,,Inactive,,,,CHEMBL3991601,2973601,CHEMBL5550,O=C(Nc1ccc(-c2ccnc(Nc3ccc(N4CCOCC4)cc3)n2)cc1)C1CCCN1
17881794,CHEMBL3991618,CHEMBL477772,Kd,30000.0,nM,>,,,,,Inactive,,,,CHEMBL3991601,2973642,CHEMBL5550,Cc1ccc(Nc2nccc(N(C)c3ccc4c(C)n(C)nc4c3)n2)cc1S(N)(=O)=O
17881795,CHEMBL3991618,CHEMBL3039525,Kd,30000.0,nM,>,,,,,Inactive,,,,CHEMBL3991601,2973423,CHEMBL5550,CN1CCN(C2CCN(C(=O)Nc3cc(Oc4ccc(NC(=O)C5(C(=O)Nc6ccc(F)cc6)CC5)c(F)c4)ccn3)CC2)CC1
17881796,CHEMBL3991618,CHEMBL1173655,Kd,30000.0,nM,>,,,,,Inactive,,,,CHEMBL3991601,2973652,CHEMBL5550,CN(C)C/C=C/C(=O)Nc1cc2c(Nc3ccc(F)c(Cl)c3)ncnc2cc1O[C@H]1CCOC1
17881797,CHEMBL3991618,CHEMBL565612,Kd,30000.0,nM,>,,,,,Inactive,,,,CHEMBL3991601,2973529,CHEMBL5550,CN1CCN(c2nc(C3=C(c4c[nH]c5ccccc45)C(=O)NC3=O)c3ccccc3n2)CC1
17881798,CHEMBL3991618,CHEMBL3353410,Kd,30000.0,nM,>,,,,,Inactive,,,,CHEMBL3991601,2973541,CHEMBL5550,C=CC(=O)Nc1cc(Nc2nccc(-c3cn(C)c4ccccc34)n2)c(OC)cc1N(C)CCN(C)C
17881799,CHEMBL3991618,CHEMBL3545396,Kd,30000.0,nM,>,,,,,Inactive,,,,CHEMBL3991601,2973568,CHEMBL5550,COc1cccc(Nc2ncnn3ccc(CN4CC[C@@H](N)[C@H](O)C4)c23)c1
17881800,CHEMBL3991618,CHEMBL2079588,Kd,30000.0,nM,>,,,,,Inactive,,,,CHEMBL3991601,2973603,CHEMBL5550,CNC(=O)c1cc(COc2nnc(Nc3ccc(Cl)cc3)c3ccoc23)ccn1
17881801,CHEMBL3991618,CHEMBL296468,Kd,30000.0,nM,>,,,,,Inactive,,,,CHEMBL3991601,2973641,CHEMBL5550,CC(C)(C)c1cnc(CSc2cnc(NC(=O)C3CCNCC3)s2)o1
17881802,CHEMBL3991618,CHEMBL2105759,Kd,30000.0,nM,>,,,,,Inactive,,,,CHEMBL3991601,2973632,CHEMBL5550,CCS(=O)(=O)N1CC(CC#N)(n2cc(-c3ncnc4[nH]ccc34)cn2)C1
17881803,CHEMBL3991618,CHEMBL592445,Kd,30000.0,nM,>,,,,,Inactive,,,,CHEMBL3991601,2973489,CHEMBL5550,CN(C)C1CCN(C(=O)c2ccc(NC(=O)Nc3ccc(-c4nc(N5CCOCC5)nc(N5CCOCC5)n4)cc3)cc2)CC1
17881804,CHEMBL3991618,CHEMBL3128043,Kd,30000.0,nM,>,,,,,Inactive,,,,CHEMBL3991601,2973644,CHEMBL5550,Cc1nc(Nc2n[nH]c3c2CN(C(=O)N[C@H](CN(C)C)c2ccccc2)C3(C)C)c2sccc2n1
17881805,CHEMBL3991618,CHEMBL1236107,Kd,30000.0,nM,>,,,,,Inactive,,,,CHEMBL3991601,2973650,CHEMBL5550,Cn1cc(-c2ccc3nnc(Sc4ccc5ncccc5c4)n3n2)cn1
17881806,CHEMBL3991618,CHEMBL558752,Kd,30000.0,nM,>,,,,,Inactive,,,,CHEMBL3991601,2973595,CHEMBL5550,Cn1c(Nc2ccc(C(F)(F)F)cc2)nc2cc(Oc3ccnc(-c4ncc(C(F)(F)F)[nH]4)c3)ccc21
17881807,CHEMBL3991618,CHEMBL2216870,Kd,30000.0,nM,>,,,,,Inactive,,,,CHEMBL3991601,2973592,CHEMBL5550,CC[C@H](Nc1ncnc2[nH]cnc12)c1nc2cccc(F)c2c(=O)n1-c1ccccc1
17881808,CHEMBL3991618,CHEMBL2103840,Kd,30000.0,nM,>,,,,,Inactive,,,,CHEMBL3991601,2973546,CHEMBL5550,CCc1cnn2c(NCc3ccc[n+]([O-])c3)cc(N3CCCC[C@H]3CCO)nc12
17881809,CHEMBL3991618,CHEMBL2220486,Kd,30000.0,nM,>,,,,,Inactive,,,,CHEMBL3991601,2973416,CHEMBL5550,CNC(=O)c1cccc2cc(Oc3ccnc4cc(OCC5(N)CC5)c(OC)cc34)ccc12
17881810,CHEMBL3991618,CHEMBL189963,Kd,30000.0,nM,>,,,,,Inactive,,,,CHEMBL3991601,2973581,CHEMBL5550,CC(=O)c1c(C)c2cnc(Nc3ccc(N4CCNCC4)cn3)nc2n(C2CCCC2)c1=O
17881811,CHEMBL3991618,CHEMBL1088751,Kd,30000.0,nM,>,,,,,Inactive,,,,CHEMBL3991601,2973540,CHEMBL5550,CNC(=O)c1ccc(C)c(-n2c(C)cc(OCc3ccc(F)cc3F)c(Br)c2=O)c1
17881812,CHEMBL3991618,CHEMBL1738757,Kd,30000.0,nM,>,,,,,Inactive,,,,CHEMBL3991601,2973604,CHEMBL5550,CNC(=O)c1cc(Oc2ccc(NC(=O)Nc3cc(C(C)(C)C)nn3-c3ccc4ncccc4c3)c(F)c2)ccn1
17881813,CHEMBL3991618,CHEMBL1088752,Kd,30000.0,nM,>,,,,,Inactive,,,,CHEMBL3991601,2973496,CHEMBL5550,Cc1c(F)cc(C(=O)NC2CC2)cc1-c1ccc(C(=O)NCC(C)(C)C)cn1
17881814,CHEMBL3991618,CHEMBL3186534,Kd,30000.0,nM,>,,,,,Inactive,,,,CHEMBL3991601,2973525,CHEMBL5550,N#CC1(c2ccc(NC(=O)c3cccnc3NCc3ccncc3)cc2)CCCC1
17881815,CHEMBL3991618,CHEMBL3545215,Kd,30000.0,nM,>,,,,,Inactive,,,,CHEMBL3991601,2973606,CHEMBL5550,CCn1c(C(=O)N(C2CC2)C2CC2)cc2c3c(ncn3C)c(Nc3cc(C)n(C)n3)nc21
17881816,CHEMBL3991618,CHEMBL1983268,Kd,30000.0,nM,>,,,,,Inactive,,,,CHEMBL3991601,2973532,CHEMBL5550,CN1CCN(c2ccc(C(=O)Nc3n[nH]c4ccc(Cc5cc(F)cc(F)c5)cc34)c(NC3CCOCC3)c2)CC1
17881817,CHEMBL3991618,CHEMBL1614725,Kd,30000.0,nM,>,,,,,Inactive,,,,CHEMBL3991601,2973479,CHEMBL5550,CC(C)(O)CC(=O)NCCn1ccc2ncnc(Nc3ccc(Oc4cccc(C(F)(F)F)c4)c(Cl)c3)c21
17881818,CHEMBL3991618,CHEMBL2103851,Kd,30000.0,nM,>,,,,,Inactive,,,,CHEMBL3991601,2973640,CHEMBL5550,S=C(NCc1ccc2c(c1)OCO2)N1CCN(c2ncnc3c2oc2ccccc23)CC1
17881819,CHEMBL3991618,CHEMBL221959,Kd,30000.0,nM,>,,,,,Inactive,,,,CHEMBL3991601,2973611,CHEMBL5550,C[C@@H]1CCN(C(=O)CC#N)C[C@@H]1N(C)c1ncnc2[nH]ccc12
17881820,CHEMBL3991618,CHEMBL1873475,Kd,30000.0,nM,>,,,,,Inactive,,,,CHEMBL3991601,2973449,CHEMBL5550,C=CC(=O)N1CCC[C@@H](n2nc(-c3ccc(Oc4ccccc4)cc3)c3c(N)ncnc32)C1
17881821,CHEMBL3991618,CHEMBL3813873,Kd,30000.0,nM,>,,,,,Inactive,,,,CHEMBL3991601,2973630,CHEMBL5550,FC(F)(F)c1ccc(CNc2ccc(Cc3c[nH]c4ncc(Cl)cc34)cn2)cn1
17881822,CHEMBL3991618,CHEMBL3545085,Kd,30000.0,nM,>,,,,,Inactive,,,,CHEMBL3991601,2973426,CHEMBL5550,CC(C)c1cc(CNc2nc(Nc3cc(C4CC4)[nH]n3)cc(N3CCN(C)CC3)n2)on1
17881823,CHEMBL3991618,CHEMBL1230165,Kd,30000.0,nM,>,,,,,Inactive,,,,CHEMBL3991601,2973628,CHEMBL5550,O=C(O)c1ccc2c(c1)nc(Nc1cccc(Cl)c1)c1ccncc12
17881824,CHEMBL3991618,CHEMBL1801204,Kd,30000.0,nM,>,,,,,Inactive,,,,CHEMBL3991601,2973646,CHEMBL5550,COc1ccc(-c2ccc3c(N4CCOC[C@@H]4C)nc(N4CCOC[C@@H]4C)nc3n2)cc1CO
17881825,CHEMBL3991618,CHEMBL3989914,Kd,30000.0,nM,>,,,,,Inactive,,,,CHEMBL3991601,2973492,CHEMBL5550,COCCNCc1ccc(-c2cc3nccc(Oc4ccc(NC(=S)NC(=O)Cc5ccc(F)cc5)cc4F)c3s2)nc1
17881826,CHEMBL3991618,CHEMBL553,Kd,30000.0,nM,>,,,,,Inactive,,,,CHEMBL3991601,2973495,CHEMBL5550,C#Cc1cccc(Nc2ncnc3cc(OCCOC)c(OCCOC)cc23)c1
17881827,CHEMBL3991618,CHEMBL3989868,Kd,30000.0,nM,>,,,,,Inactive,,,,CHEMBL3991601,2973493,CHEMBL5550,Cc1cc(Nc2ncnc3ccc(NC4=NC(C)(C)CO4)cc23)ccc1Oc1ccn2ncnc2c1
17881828,CHEMBL3991618,CHEMBL1289601,Kd,30000.0,nM,>,,,,,Inactive,,,,CHEMBL3991601,2973631,CHEMBL5550,COc1cc2nccc(Oc3ccc(NC(=O)NC4CC4)c(Cl)c3)c2cc1C(N)=O
17881829,CHEMBL3991618,CHEMBL2386889,Kd,30000.0,nM,>,,,,,Inactive,,,,CHEMBL3991601,2973594,CHEMBL5550,Cn1cc(-c2cnn3c(N)c(Br)c([C@@H]4CCCNC4)nc23)cn1
17881830,CHEMBL3991618,CHEMBL1090479,Kd,30000.0,nM,>,,,,,Inactive,,,,CHEMBL3991601,2973530,CHEMBL5550,CCn1cc(-c2ccnc3[nH]c(-c4cccc(CN(C)C)c4)cc23)c(-c2ccc(NC(=O)N(C)C)cc2)n1
17881831,CHEMBL3991618,CHEMBL3188551,Kd,30000.0,nM,>,,,,,Inactive,,,,CHEMBL3991601,2973481,CHEMBL5550,Cc1c(Cn2c(C)nc3c(C(=O)O)cc(N4CCOCC4)cc32)cccc1C(F)(F)F
17881832,CHEMBL3991618,CHEMBL3218576,Kd,30000.0,nM,>,,,,,Inactive,,,,CHEMBL3991601,2973482,CHEMBL5550,COc1c(OCCCN2CCOCC2)ccc2c1N=C(NC(=O)c1cnc(N)nc1)N1CCN=C21
17881833,CHEMBL3991618,CHEMBL1944698,Kd,30000.0,nM,>,,,,,Inactive,,,,CHEMBL3991601,2973487,CHEMBL5550,CN1C/C=C/CCOc2cccc(c2)-c2ccnc(n2)Nc2cccc(c2)C1
17881834,CHEMBL3991618,CHEMBL1789941,Kd,30000.0,nM,>,,,,,Inactive,,,,CHEMBL3991601,2973596,CHEMBL5550,N#CC[C@H](C1CCCC1)n1cc(-c2ncnc3[nH]ccc23)cn1
17881835,CHEMBL3991618,CHEMBL1721885,Kd,30000.0,nM,>,,,,,Inactive,,,,CHEMBL3991601,2973531,CHEMBL5550,Cc1[nH]c(/C=C2\C(=O)Nc3ccc(F)cc32)c(C)c1C(=O)NC[C@H](O)CN1CCOCC1
17881836,CHEMBL3991618,CHEMBL535,Kd,30000.0,nM,>,,,,,Inactive,,,,CHEMBL3991601,2973417,CHEMBL5550,CCN(CC)CCNC(=O)c1c(C)[nH]c(/C=C2\C(=O)Nc3ccc(F)cc32)c1C
17881837,CHEMBL3991618,CHEMBL1289926,Kd,30000.0,nM,>,,,,,Inactive,,,,CHEMBL3991601,2973656,CHEMBL5550,CNC(=O)c1ccccc1Sc1ccc2c(/C=C/c3ccccn3)n[nH]c2c1
17881838,CHEMBL3991618,CHEMBL270995,Kd,30000.0,nM,>,,,,,Inactive,,,,CHEMBL3991601,2973539,CHEMBL5550,Cc1cc2c(F)c(Oc3ncnn4cc(OC[C@@H](C)OC(=O)[C@H](C)N)c(C)c34)ccc2[nH]1
17881839,CHEMBL3991618,CHEMBL259084,Kd,30000.0,nM,>,,,,,Inactive,,,,CHEMBL3991601,2973448,CHEMBL5550,O=C(O)c1ccc(Nc2ncc3c(n2)-c2ccc(Cl)cc2C(c2c(F)cccc2F)=NC3)cc1
17881840,CHEMBL3991618,CHEMBL3991932,Kd,30000.0,nM,>,,,,,Inactive,,,,CHEMBL3991601,2973536,CHEMBL5550,Cc1ccc(-n2nc(C(C)(C)C)cc2NC(=O)NCc2cc(F)ccc2Oc2ccc3c(cnn3CCO)c2)cc1
17881841,CHEMBL3991618,CHEMBL571948,Kd,30000.0,nM,>,,,,,Inactive,,,,CHEMBL3991601,2973609,CHEMBL5550,C[C@@H](N)c1ccc(C(=O)Nc2ccnc3[nH]ccc23)cc1
17881842,CHEMBL3991618,CHEMBL488436,Kd,30000.0,nM,>,,,,,Inactive,,,,CHEMBL3991601,2973485,CHEMBL5550,Cc1ncc(-c2ccnc(Nc3ccc(S(C)(=O)=O)cc3)n2)n1C(C)C
17881843,CHEMBL3991618,CHEMBL3544964,Kd,30000.0,nM,>,,,,,Inactive,,,,CHEMBL3991601,2973569,CHEMBL5550,Cn1nccc1Nc1nccc(-c2ccn([C@H](CO)c3ccc(Cl)c(F)c3)c(=O)c2)n1
17881844,CHEMBL3991618,CHEMBL3907479,Kd,30000.0,nM,>,,,,,Inactive,,,,CHEMBL3991601,2973491,CHEMBL5550,Cc1nc2ccc(-n3ncc(C(=O)c4cc5ccccc5[nH]4)c3N)cc2[nH]1
17881845,CHEMBL3991618,CHEMBL3590106,Kd,30000.0,nM,>,,,,,Inactive,,,,CHEMBL3991601,2973634,CHEMBL5550,CC(C)Nc1cc(-c2c[nH]c(C(=O)N[C@H](CO)c3cccc(Cl)c3)c2)c(Cl)cn1
17881846,CHEMBL3991618,CHEMBL587723,Kd,30000.0,nM,>,,,,,Inactive,,,,CHEMBL3991601,2973534,CHEMBL5550,CCN1CCN(Cc2ccc(-c3cc4c(N[C@H](C)c5ccccc5)ncnc4[nH]3)cc2)CC1
17881847,CHEMBL3991618,CHEMBL3991935,Kd,30000.0,nM,>,,,,,Inactive,,,,CHEMBL3991601,2973542,CHEMBL5550,CN1CC[C@@H](c2c(O)cc(O)c3c(=O)cc(-c4ccccc4Cl)oc23)[C@@H]1CO.Cl
17881848,CHEMBL3991618,CHEMBL1241855,Kd,30000.0,nM,>,,,,,Inactive,,,,CHEMBL3991601,2973486,CHEMBL5550,COc1cc(OC)c(/C=C/S(=O)(=O)Cc2ccc(OC)c(NCC(=O)O)c2)c(OC)c1
17881849,CHEMBL3991618,CHEMBL598797,Kd,30000.0,nM,>,,,,,Inactive,,,,CHEMBL3991601,2973535,CHEMBL5550,C#Cc1cccc(Nc2ncnc3cc(OC)c(OCCCCCCC(=O)NO)cc23)c1
17881850,CHEMBL3991618,CHEMBL2165191,Kd,30000.0,nM,>,,,,,Inactive,,,,CHEMBL3991601,2973610,CHEMBL5550,Cc1cc([C@@H](C)Nc2ccccc2C(=O)O)c2nc(N3CCOCC3)cc(=O)n2c1
17881851,CHEMBL3991618,CHEMBL521851,Kd,30000.0,nM,>,,,,,Inactive,,,,CHEMBL3991601,2973570,CHEMBL5550,CS(=O)(=O)N1CCN(Cc2cc3nc(-c4cccc5[nH]ncc45)nc(N4CCOCC4)c3s2)CC1
17881852,CHEMBL3991618,CHEMBL1908394,Kd,30000.0,nM,>,,,,,Inactive,,,,CHEMBL3991601,2973571,CHEMBL5550,C[C@@H](Oc1cc(-n2cnc3ccc(CN4CCN(C)CC4)cc32)sc1C(N)=O)c1ccccc1C(F)(F)F
17881853,CHEMBL3991618,CHEMBL483321,Kd,30000.0,nM,>,,,,,Inactive,,,,CHEMBL3991601,2973478,CHEMBL5550,COCC(=O)NC/C=C/c1ccc2ncnc(Nc3ccc(Oc4ccc(C)nc4)c(C)c3)c2c1
17881854,CHEMBL3991618,CHEMBL1908360,Kd,30000.0,nM,>,,,,,Inactive,,,,CHEMBL3991601,2973480,CHEMBL5550,CO[C@H]1C[C@@H]2CC[C@@H](C)[C@@](O)(O2)C(=O)C(=O)N2CCCC[C@H]2C(=O)O[C@H]([C@H](C)C[C@@H]2CC[C@@H](OCCO)[C@H](OC)C2)CC(=O)[C@H](C)/C=C(\C)[C@@H](O)[C@@H](OC)C(=O)[C@H](C)C[C@H](C)/C=C/C=C/C=C/1C
17881855,CHEMBL3991618,CHEMBL1287853,Kd,30000.0,nM,>,,,,,Inactive,,,,CHEMBL3991601,2973587,CHEMBL5550,Cc1cnc(Nc2ccc(OCCN3CCCC3)cc2)nc1Nc1cccc(S(=O)(=O)NC(C)(C)C)c1
17881856,CHEMBL3991618,CHEMBL101253,Kd,30000.0,nM,>,,,,,Inactive,,,,CHEMBL3991601,2973602,CHEMBL5550,Clc1ccc(Nc2nnc(Cc3ccncc3)c3ccccc23)cc1
17881857,CHEMBL3991618,CHEMBL3187723,Kd,30000.0,nM,>,,,,,Inactive,,,,CHEMBL3991601,2973582,CHEMBL5550,Cn1cnc2c(F)c(Nc3ccc(Br)cc3F)c(C(=O)NOCCO)cc21
17881858,CHEMBL3991618,CHEMBL1614710,Kd,30000.0,nM,>,,,,,Inactive,,,,CHEMBL3991601,2973643,CHEMBL5550,O=C(Nc1ccc(OC(F)(F)F)cc1)c1sccc1NCc1ccnc2ccccc12
17881859,CHEMBL3991618,CHEMBL400402,Kd,30000.0,nM,>,,,,,Inactive,,,,CHEMBL3991601,2973590,CHEMBL5550,Cc1cc(-c2cc(O)ccc2Cl)cc2nnc(Nc3ccc(OCCN4CCCC4)cc3)nc12
17881860,CHEMBL3991618,CHEMBL3120215,Kd,30000.0,nM,>,,,,,Inactive,,,,CHEMBL3991601,2973618,CHEMBL5550,COc1cccc2cc(-c3nc([C@H]4CC[C@H](C(=O)O)CC4)n4ncnc(N)c34)[nH]c12
18663977,CHEMBL4232961,CHEMBL4247704,Kd,5000.0,nM,>=,,,,,,,,,CHEMBL4229410,3099786,CHEMBL5550,CC(C)CN(C(=O)c1cccnc1)c1c2ccccc2c(=O)n2c1[nH]c1ccccc12
19485721,CHEMBL4481500,CHEMBL4517424,Kd,190.0,nM,=,,,,6.72,,,,"{'bei': '15.41', 'le': '0.38', 'lle': '2.11', 'sei': '12.78'}",CHEMBL4480409,3258733,CHEMBL5550,COc1cc(Nc2ccnc3ccc(I)cc23)cc(OC)c1OC
19485726,CHEMBL4481500,CHEMBL4556662,Kd,170.0,nM,=,,,,6.77,,,,"{'bei': '19.63', 'le': '0.39', 'lle': '2.11', 'sei': '12.87'}",CHEMBL4480409,3258731,CHEMBL5550,COc1cc(Nc2ccnc3ccc(Cl)cc23)cc(OC)c1OC
19485736,CHEMBL4481500,CHEMBL4443342,Kd,190.0,nM,=,,,,6.72,,,,"{'bei': '17.27', 'le': '0.38', 'lle': '1.95', 'sei': '12.78'}",CHEMBL4480409,3258732,CHEMBL5550,COc1cc(Nc2ccnc3ccc(Br)cc23)cc(OC)c1OC
19485743,CHEMBL4481500,CHEMBL530635,Kd,740.0,nM,=,,,,6.13,,,,"{'bei': '16.73', 'le': '0.31', 'lle': '0.83', 'sei': '11.65'}",CHEMBL4480409,3258730,CHEMBL5550,COc1cc(Nc2ccnc3ccc(C(C)(C)C)cc23)cc(OC)c1OC
19485744,CHEMBL4481500,CHEMBL4575895,Kd,66.0,nM,=,,,,7.18,,,,"{'bei': '21.41', 'le': '0.39', 'lle': '3.30', 'sei': '9.40'}",CHEMBL4480409,3258729,CHEMBL5550,COc1cc(Nc2ccnc3cc(C#N)ccc23)cc(OC)c1OC
19485745,CHEMBL4481500,CHEMBL4585158,Kd,170.0,nM,=,,,,6.77,,,,"{'bei': '20.19', 'le': '0.37', 'lle': '2.89', 'sei': '8.86'}",CHEMBL4480409,3258728,CHEMBL5550,COc1cc(Nc2ccnc3ccc(C#N)cc23)cc(OC)c1OC
19485746,CHEMBL4481500,CHEMBL4586588,Kd,4100.0,nM,=,,,,5.39,,,,"{'bei': '17.36', 'le': '0.32', 'lle': '1.39', 'sei': '10.24'}",CHEMBL4480409,3258727,CHEMBL5550,COc1cc(Nc2ccnc3ccccc23)cc(OC)c1OC
19485747,CHEMBL4481500,CHEMBL4592501,Kd,2000.0,nM,=,,,,5.70,,,,"{'bei': '16.74', 'le': '0.31', 'lle': '1.69', 'sei': '9.22'}",CHEMBL4480409,3258726,CHEMBL5550,COc1ccc2nccc(Nc3cc(OC)c(OC)c(OC)c3)c2c1
19485748,CHEMBL4481500,CHEMBL4586530,Kd,1200.0,nM,=,,,,5.92,,,,"{'bei': '17.39', 'le': '0.32', 'lle': '1.91', 'sei': '9.57'}",CHEMBL4480409,3258725,CHEMBL5550,COc1ccc2c(Nc3cc(OC)c(OC)c(OC)c3)ccnc2c1
19485749,CHEMBL4481500,CHEMBL311959,Kd,250.0,nM,=,,,,6.60,,,,"{'bei': '17.82', 'le': '0.33', 'lle': '2.58', 'sei': '9.29'}",CHEMBL4480409,3258724,CHEMBL5550,COc1cc2nccc(Nc3cc(OC)c(OC)c(OC)c3)c2cc1OC
19485750,CHEMBL4481500,CHEMBL535429,Kd,220.0,nM,=,,,,6.66,,,,"{'bei': '17.60', 'le': '0.34', 'lle': '1.64', 'sei': '12.65'}",CHEMBL4480409,3258723,CHEMBL5550,COc1cc(Nc2ccnc3ccc(C(F)(F)F)cc23)cc(OC)c1OC
22393847,CHEMBL4667708,CHEMBL4443342,Kd,260.0,nM,=,,,,6.58,,,,"{'bei': '16.92', 'le': '0.37', 'lle': '1.82', 'sei': '12.52'}",CHEMBL4665659,3507769,CHEMBL5550,COc1cc(Nc2ccnc3ccc(Br)cc23)cc(OC)c1OC
22393848,CHEMBL4667708,CHEMBL311959,Kd,250.0,nM,=,,,,6.60,,,,"{'bei': '17.82', 'le': '0.33', 'lle': '2.58', 'sei': '9.29'}",CHEMBL4665659,3507779,CHEMBL5550,COc1cc2nccc(Nc3cc(OC)c(OC)c(OC)c3)c2cc1OC
22393849,CHEMBL4667708,CHEMBL535429,Kd,300.0,nM,=,,,,6.52,,,,"{'bei': '17.24', 'le': '0.33', 'lle': '1.50', 'sei': '12.40'}",CHEMBL4665659,3507786,CHEMBL5550,COc1cc(Nc2ccnc3ccc(C(F)(F)F)cc23)cc(OC)c1OC
24957563,CHEMBL5213615,CHEMBL4443342,Kd,190.0,nM,=,,,,6.72,,,,"{'bei': '17.27', 'le': '0.38', 'lle': '1.95', 'sei': '12.78'}",CHEMBL5212743,3898441,CHEMBL5550,COc1cc(Nc2ccnc3ccc(Br)cc23)cc(OC)c1OC
25679823,CHEMBL5379518,CHEMBL5440517,IC50,10000.0,nM,>,,,,,,,,,CHEMBL5375999,4002210,CHEMBL5550,COc1ccc(/C=C\c2cc(OC)c(OC)c(OC)c2)cc1NC(=O)CCC(=O)N[C@@H](CCCNC(=N)N)C(=O)O
25776477,CHEMBL5475108,CHEMBL576982,Kd,10000.0,nM,>,,,,,,,,,CHEMBL5465560,4018652,CHEMBL5550,CC(C)(C)c1cc(NC(=O)Nc2ccc(-c3cn4c(n3)sc3cc(OCCN5CCOCC5)ccc34)cc2)no1
25776478,CHEMBL5475109,CHEMBL576982,Kd,30000.0,nM,>,,,,,,,,,CHEMBL5465560,4018652,CHEMBL5550,CC(C)(C)c1cc(NC(=O)Nc2ccc(-c3cn4c(n3)sc3cc(OCCN5CCOCC5)ccc34)cc2)no1
25779576,CHEMBL5478233,CHEMBL4462395,Kd,10000.0,nM,>,,,,,,,,,CHEMBL5465560,4018680,CHEMBL5550,COc1cc(N(C)c2ccnc3ccc(C(F)(F)F)cc23)cc(OC)c1OC
