activity_id,assay_chembl_id,molecule_chembl_id,standard_type,standard_value,standard_units,standard_relation,published_value,published_units,published_relation,pchembl_value,activity_comment,data_validity_comment,confidence_score,ligand_efficiency,document_chembl_id,record_id,target_chembl_id,smiles
13205618,CHEMBL2363735,CHEMBL53463,IC50,83.45,nM,=,,,,7.08,,,,,CHEMBL1201861,1878450,CHEMBL1075391,COc1cccc2c1C(=O)c1c(O)c3c(c(O)c1C2=O)C[C@@](O)(C(=O)CO)C[C@@H]3O[C@H]1C[C@H](N)[C@H](O)[C@H](C)O1
13205619,CHEMBL2363735,CHEMBL44657,IC50,404.53,nM,=,,,,6.39,,,,,CHEMBL1201861,1878456,CHEMBL1075391,COc1cc([C@@H]2c3cc4c(cc3[C@@H](O[C@@H]3O[C@@H]5CO[C@@H](C)O[C@H]5[C@H](O)[C@H]3O)[C@H]3COC(=O)[C@H]23)OCO4)cc(OC)c1O
13205620,CHEMBL2363735,CHEMBL888,IC50,22.65,nM,=,,,,7.64,,,,,CHEMBL1201861,1878462,CHEMBL1075391,Nc1ccn([C@@H]2O[C@H](CO)[C@@H](O)C2(F)F)c(=O)n1
13205621,CHEMBL2363735,CHEMBL105,IC50,61.2,nM,=,,,,7.21,,,,,CHEMBL1201861,1878344,CHEMBL1075391,CO[C@@]12[C@H](COC(N)=O)C3=C(C(=O)C(C)=C(N)C3=O)N1C[C@@H]1N[C@@H]12
13205622,CHEMBL2363735,CHEMBL553025,IC50,3.024,nM,=,,,,8.52,,,,,CHEMBL1201861,1878386,CHEMBL1075391,CCC1=C[C@@H]2CN(C1)Cc1c([nH]c3ccccc13)[C@@](C(=O)OC)(c1cc3c(cc1OC)N(C)[C@H]1[C@@](O)(C(=O)OC)[C@H](OC(C)=O)[C@]4(CC)C=CCN5CC[C@]31[C@@H]54)C2
13205623,CHEMBL2363735,CHEMBL512504,IC50,57832.56,nM,=,,,,4.24,,,,,CHEMBL1201861,1878396,CHEMBL1075391,N#Cc1c(O)c2c(-c3ccc(-c4ccccc4O)cc3)csc2[nH]c1=O
13205624,CHEMBL2363735,CHEMBL472004,IC50,1682161.75,nM,=,,,,,,Outside typical range,,,CHEMBL1201861,1878348,CHEMBL1075391,O=S(=O)(O)c1ccc2cc(/N=N/c3cc(S(=O)(=O)O)c4cccnc4c3O)ccc2c1
13205625,CHEMBL2363735,CHEMBL409,IC50,41044.92,nM,=,,,,4.39,,,,,CHEMBL1201861,1878423,CHEMBL1075391,CC(O)(CS(=O)(=O)c1ccc(F)cc1)C(=O)Nc1ccc(C#N)c(C(F)(F)F)c1
13205626,CHEMBL2363735,CHEMBL259181,IC50,14818.67,nM,=,,,,4.83,,,,,CHEMBL1201861,1878368,CHEMBL1075391,OC[C@H](Cc1ccccc1)Nc1nc(Oc2ccc3c(c2)CCC3)nc2c1ncn2Cc1ccc(-c2ccccc2)cc1
13205627,CHEMBL2363735,CHEMBL608533,IC50,134.15,nM,=,,,,6.87,,,,,CHEMBL1201861,1878343,CHEMBL1075391,CO[C@@H]1[C@H](N(C)C(=O)c2ccccc2)C[C@H]2O[C@]1(C)n1c3ccccc3c3c4c(c5c6ccccc6n2c5c31)C(=O)NC4
13205628,CHEMBL2363735,CHEMBL412142,IC50,291068.61,nM,=,,,,,,Outside typical range,,,CHEMBL1201861,1878441,CHEMBL1075391,Cc1cnc(-c2cnc(NCCNc3ccc(C#N)cn3)nc2-c2ccc(Cl)cc2Cl)[nH]1
13205629,CHEMBL2363735,CHEMBL1171837,IC50,15803.29,nM,=,,,,4.80,,,,,CHEMBL1201861,1878407,CHEMBL1075391,Cc1ccc(C(=O)Nc2ccc(CN3CCN(C)CC3)c(C(F)(F)F)c2)cc1C#Cc1cnc2cccnn12
13205630,CHEMBL2363735,CHEMBL2165191,IC50,14750.44,nM,=,,,,4.83,,,,,CHEMBL1201861,1878416,CHEMBL1075391,Cc1cc([C@@H](C)Nc2ccccc2C(=O)O)c2nc(N3CCOCC3)cc(=O)n2c1
13205631,CHEMBL2363735,CHEMBL585951,IC50,888.71,nM,=,,,,6.05,,,,,CHEMBL1201861,1878471,CHEMBL1075391,Fc1cc(-c2cc[nH]/c(=N/c3ccc(-n4cnc(N5CCOCC5)n4)cc3)n2)cc(N2CCOCC2)c1
13205632,CHEMBL2363735,CHEMBL1084546,IC50,2251.96,nM,=,,,,5.65,,,,,CHEMBL1201861,1878364,CHEMBL1075391,CN(c1ncccc1CNc1nc(Nc2ccc3c(c2)CC(=O)N3)ncc1C(F)(F)F)S(C)(=O)=O
13205633,CHEMBL2363735,CHEMBL92309,IC50,447383.42,nM,=,,,,,,Outside typical range,,,CHEMBL1201861,1878448,CHEMBL1075391,COC(=O)CNC(=O)C(=O)OC
13205634,CHEMBL2363735,CHEMBL135561,IC50,25590.52,nM,=,,,,4.59,,,,,CHEMBL1201861,1878458,CHEMBL1075391,COC(=O)[C@H](CCSC)NC(=O)c1ccc(NC[C@@H](N)CS)cc1-c1ccccc1
13205635,CHEMBL2363735,CHEMBL9470,IC50,707.48,nM,=,,,,6.15,,,,,CHEMBL1201861,1878376,CHEMBL1075391,CC(C)=CC[C@@H](O)C1=CC(=O)c2c(O)ccc(O)c2C1=O
13205636,CHEMBL2363735,CHEMBL258844,IC50,10285.48,nM,=,,,,4.99,,,,,CHEMBL1201861,1878405,CHEMBL1075391,O=c1[nH]c2ccccc2n1C1CCN(Cc2ccc(-c3nc4cc5[nH]cnc5cc4nc3-c3ccccc3)cc2)CC1
13205637,CHEMBL2363735,CHEMBL221137,IC50,164690.01,nM,=,,,,,,Outside typical range,,,CHEMBL1201861,1878453,CHEMBL1075391,CCCCCCCCCCCC1=C(O)C(=O)C=C(O)C1=O
13205638,CHEMBL2363735,CHEMBL2363137,IC50,3407.46,nM,=,,,,5.47,,,,,CHEMBL1201861,1878457,CHEMBL1075391,Cc1cc([N+](=O)[O-])ccc1NS(=O)(=O)c1cc(Cl)ccc1Cl
13205639,CHEMBL2363735,CHEMBL591429,IC50,119056.48,nM,=,,,,,,Outside typical range,,,CHEMBL1201861,1878355,CHEMBL1075391,C=CCc1cccc(/C=N/NC(=O)CN2CCN(Cc3ccccc3)CC2)c1O
13205640,CHEMBL2363735,CHEMBL472940,IC50,416754.78,nM,=,,,,,,Outside typical range,,,CHEMBL1201861,1878469,CHEMBL1075391,Oc1ccc2ccccc2c1SSc1c(O)ccc2ccccc12
13205641,CHEMBL2363735,CHEMBL558642,IC50,6583.02,nM,=,,,,5.18,,,,,CHEMBL1201861,1878465,CHEMBL1075391,O=C(O)c1ccc(-c2c[nH]c3ncc(-c4ccccc4)cc23)cc1C1CCCC1
13205642,CHEMBL2363735,CHEMBL1190711,IC50,10208.09,nM,=,,,,4.99,,,,,CHEMBL1201861,1878419,CHEMBL1075391,COc1ccc(-c2cc3nccn3c(Nc3ncccc3C(N)=O)n2)cc1OC
13205643,CHEMBL2363735,CHEMBL96926,IC50,3.192,nM,=,,,,8.50,,,,,CHEMBL1201861,1878382,CHEMBL1075391,C/C=C(/C)C(=O)O[C@H]1C(C)=C2[C@H]([C@@H]1OC(=O)CCCCCCC)[C@@](C)(OC(C)=O)C[C@H](OC(=O)CCC)[C@@]1(O)[C@H]2OC(=O)[C@@]1(C)O
13205644,CHEMBL2363735,CHEMBL2107358,IC50,504.96,nM,=,,,,6.30,,,,,CHEMBL1201861,1878353,CHEMBL1075391,COC1=CC(c2cc3ccccc3[nH]2)=N/C1=C\c1[nH]c(C)cc1C.CS(=O)(=O)O
13205645,CHEMBL2363735,CHEMBL575448,IC50,116.95,nM,=,,,,6.93,,,,,CHEMBL1201861,1878430,CHEMBL1075391,C[C@@]1(C(=O)Nc2ccc(F)nc2)CCCN1c1nc(Nc2cc(C3CC3)n[nH]2)c2cccn2n1
13205646,CHEMBL2363735,CHEMBL1091644,IC50,903.52,nM,=,,,,6.04,,,,,CHEMBL1201861,1878354,CHEMBL1075391,C[C@]1(O)C[C@@H](c2nc(-c3ccc4ccc(-c5ccccc5)nc4c3)c3c(N)nccn32)C1
13205647,CHEMBL2363735,CHEMBL1023,IC50,76829.83,nM,=,,,,4.11,,,,,CHEMBL1201861,1878420,CHEMBL1075391,C=C(c1ccc(C(=O)O)cc1)c1cc2c(cc1C)C(C)(C)CCC2(C)C
13205648,CHEMBL2363735,CHEMBL403664,IC50,19667.88,nM,=,,,,4.71,,,,,CHEMBL1201861,1878426,CHEMBL1075391,Cc1c(N)nc([C@H](CC(N)=O)NC[C@H](N)C(N)=O)nc1C(=O)N[C@H](C(=O)N[C@H](C)[C@@H](O)[C@H](C)C(=O)N[C@H](C(=O)NCCc1nc(-c2nc(C(=O)NCCC[S+](C)C)cs2)cs1)[C@@H](C)O)[C@@H](O[C@@H]1O[C@@H](CO)[C@@H](O)[C@H](O)[C@@H]1O[C@H]1O[C@H](CO)[C@@H](O)[C@H](OC(N)=O)[C@@H]1O)c1c[nH]cn1
13205649,CHEMBL2363735,CHEMBL228043,IC50,627928.94,nM,=,,,,,,Outside typical range,,,CHEMBL1201861,1878339,CHEMBL1075391,C/C(O)=C(\C#N)C(=O)Nc1cc(Br)ccc1Br
13205650,CHEMBL2363735,CHEMBL252164,IC50,87.59,nM,=,,,,7.06,,,,,CHEMBL1201861,1878410,CHEMBL1075391,CCNC(=O)c1noc(-c2cc(C(C)C)c(O)cc2O)c1-c1ccc(CN2CCOCC2)cc1
13205651,CHEMBL2363735,CHEMBL449158,IC50,138.29,nM,=,,,,6.86,,,,,CHEMBL1201861,1878433,CHEMBL1075391,CCC/C=C/C=C/C(=O)O[C@H]1/C(=C/C(=O)OC)C[C@H]2C[C@H]([C@@H](C)O)OC(=O)C[C@H](O)C[C@@H]3C[C@H](OC(C)=O)C(C)(C)[C@](O)(C[C@@H]4C/C(=C/C(=O)OC)C[C@H](/C=C/C(C)(C)[C@]1(O)O2)O4)O3
13205652,CHEMBL2363735,CHEMBL477772,IC50,167776.38,nM,=,,,,,,Outside typical range,,,CHEMBL1201861,1878358,CHEMBL1075391,Cc1ccc(Nc2nccc(N(C)c3ccc4c(C)n(C)nc4c3)n2)cc1S(N)(=O)=O
13205653,CHEMBL2363735,CHEMBL94657,IC50,1.675,nM,=,,,,8.78,,,,,CHEMBL1201861,1878454,CHEMBL1075391,C/C(=C\c1csc(C)n1)[C@@H]1C[C@@H]2O[C@]2(C)CCC[C@H](C)[C@H](O)[C@@H](C)C(=O)C(C)(C)[C@@H](O)CC(=O)O1
13205654,CHEMBL2363735,CHEMBL289228,IC50,3212.08,nM,=,,,,5.49,,,,,CHEMBL1201861,1878383,CHEMBL1075391,Cn1cncc1[C@@](N)(c1ccc(Cl)cc1)c1ccc2c(c1)c(-c1cccc(Cl)c1)cc(=O)n2C
13205655,CHEMBL2363735,CHEMBL191384,IC50,9725.33,nM,=,,,,5.01,,,,,CHEMBL1201861,1878408,CHEMBL1075391,N#C/C(=C1/Nc2ccccc2S1)c1ccnc(NCCc2cccnc2)n1
13205656,CHEMBL2363735,CHEMBL1431,IC50,30969681.85,nM,=,,,,,,Outside typical range,,,CHEMBL1201861,1878340,CHEMBL1075391,CN(C)C(=N)NC(=N)N
13205657,CHEMBL2363735,CHEMBL483849,IC50,32281771.5,nM,=,,,,,,Outside typical range,,,CHEMBL1201861,1878404,CHEMBL1075391,NC(=O)c1ncn([C@@H]2O[C@H](COP(=O)(O)O)[C@@H](O)[C@H]2O)c1N
13205658,CHEMBL2363735,CHEMBL65,IC50,3.468,nM,=,,,,8.46,,,,,CHEMBL1201861,1878435,CHEMBL1075391,CC[C@@]1(O)C(=O)OCc2c1cc1n(c2=O)Cc2cc3ccccc3nc2-1
13205659,CHEMBL2363735,CHEMBL159,IC50,15.49,nM,=,,,,7.81,,,,,CHEMBL1201861,1878385,CHEMBL1075391,CC[C@]1(O)C[C@@H]2CN(CCc3c([nH]c4ccccc34)[C@@](C(=O)OC)(c3cc4c(cc3OC)N(C)[C@H]3[C@@](O)(C(=O)OC)[C@H](OC(C)=O)[C@]5(CC)C=CCN6CC[C@]43[C@@H]65)C2)C1
13205660,CHEMBL2363735,CHEMBL11359,IC50,3608.03,nM,=,,,,5.44,,,,,CHEMBL1201861,1878443,CHEMBL1075391,
13205661,CHEMBL2363735,CHEMBL803,IC50,1520.53,nM,=,,,,5.82,,,,,CHEMBL1201861,1878446,CHEMBL1075391,Nc1ccn([C@@H]2O[C@H](CO)[C@@H](O)[C@@H]2O)c(=O)n1
13205662,CHEMBL2363735,CHEMBL3545252,IC50,11.46,nM,=,,,,7.94,,,,,CHEMBL1201861,1878449,CHEMBL1075391,CC(=O)O[C@@]12CO[C@@H]1C[C@H](O)[C@@]1(C)C(=O)[C@H](O)C3=C(C)[C@@H](OC(=O)[C@H](O)[C@@H](NC(=O)OC(C)(C)C)c4ccccc4)C[C@@](O)([C@@H](OC(=O)c4ccccc4)[C@H]21)C3(C)C.O.O.O
13205663,CHEMBL2363735,CHEMBL34259,IC50,21149.62,nM,=,,,,4.67,,,,,CHEMBL1201861,1878341,CHEMBL1075391,CN(Cc1cnc2nc(N)nc(N)c2n1)c1ccc(C(=O)N[C@@H](CCC(=O)O)C(=O)O)cc1
13205664,CHEMBL2363735,CHEMBL38,IC50,685176.18,nM,=,,,,,,Outside typical range,,,CHEMBL1201861,1878409,CHEMBL1075391,CC1=C(/C=C/C(C)=C/C=C/C(C)=C/C(=O)O)C(C)(C)CCC1
13205665,CHEMBL2363735,CHEMBL939,IC50,12340.99,nM,=,,,,4.91,,,,,CHEMBL1201861,1878461,CHEMBL1075391,COc1cc2ncnc(Nc3ccc(F)c(Cl)c3)c2cc1OCCCN1CCOCC1
13205666,CHEMBL2363735,CHEMBL443684,IC50,17814.06,nM,=,,,,4.75,,,,,CHEMBL1201861,1878401,CHEMBL1075391,CC1(C)CCC(c2ccc(Cl)cc2)=C(CN2CCN(c3ccc(C(=O)NS(=O)(=O)c4ccc(N[C@H](CCN5CCOCC5)CSc5ccccc5)c(S(=O)(=O)C(F)(F)F)c4)cc3)CC2)C1
13205667,CHEMBL2363735,CHEMBL98,IC50,2604.6,nM,=,,,,5.58,,,,,CHEMBL1201861,1878387,CHEMBL1075391,O=C(CCCCCCC(=O)Nc1ccccc1)NO
13205668,CHEMBL2363735,CHEMBL255863,IC50,84594.14,nM,=,,,,4.07,,,,,CHEMBL1201861,1878347,CHEMBL1075391,Cc1cn(-c2cc(NC(=O)c3ccc(C)c(Nc4nccc(-c5cccnc5)n4)c3)cc(C(F)(F)F)c2)cn1
13205669,CHEMBL2363735,CHEMBL3349342,IC50,164525.24,nM,=,,,,,,Outside typical range,,,CHEMBL1201861,1878370,CHEMBL1075391,COc1cc(F)c(F)c(Nc2ccc(I)cc2F)c1NS(=O)(=O)C1(CC(O)CO)CC1
13205670,CHEMBL2363735,CHEMBL105442,IC50,24272.94,nM,=,,,,4.62,,,,,CHEMBL1201861,1878442,CHEMBL1075391,O=C(NOCC1CC1)c1ccc(F)c(F)c1Nc1ccc(I)cc1Cl
13205671,CHEMBL2363735,CHEMBL1201182,IC50,320.37,nM,=,,,,6.49,,,,,CHEMBL1201861,1878381,CHEMBL1075391,CO[C@H]1C[C@@H]2CC[C@@H](C)[C@@](O)(O2)C(=O)C(=O)N2CCCC[C@H]2C(=O)O[C@H]([C@H](C)C[C@@H]2CC[C@@H](OC(=O)C(C)(CO)CO)[C@H](OC)C2)CC(=O)[C@H](C)/C=C(\C)[C@@H](O)[C@@H](OC)C(=O)[C@H](C)C[C@H](C)/C=C/C=C/C=C/1C
13205672,CHEMBL2363735,CHEMBL521686,IC50,78678.11,nM,=,,,,4.10,,,,,CHEMBL1201861,1878414,CHEMBL1075391,O=C(c1cc(Cc2n[nH]c(=O)c3ccccc23)ccc1F)N1CCN(C(=O)C2CC2)CC1
13205673,CHEMBL2363735,CHEMBL506871,IC50,138388.23,nM,=,,,,,,Outside typical range,,,CHEMBL1201861,1878402,CHEMBL1075391,C[C@]1(c2nc3c(C(N)=O)cccc3[nH]2)CCCN1
13205674,CHEMBL2363735,CHEMBL288441,IC50,4233.33,nM,=,,,,5.37,,,,,CHEMBL1201861,1878432,CHEMBL1075391,COc1cc(Nc2c(C#N)cnc3cc(OCCCN4CCN(C)CC4)c(OC)cc23)c(Cl)cc1Cl
13205675,CHEMBL2363735,CHEMBL848,IC50,29697.41,nM,=,,,,4.53,,,,,CHEMBL1201861,1878477,CHEMBL1075391,Nc1cccc2c1CN(C1CCC(=O)NC1=O)C2=O
13205676,CHEMBL2363735,CHEMBL1289926,IC50,3939.11,nM,=,,,,5.41,,,,,CHEMBL1201861,1878411,CHEMBL1075391,CNC(=O)c1ccccc1Sc1ccc2c(/C=C/c3ccccn3)n[nH]c2c1
13205677,CHEMBL2363735,CHEMBL2041933,IC50,260.64,nM,=,,,,6.58,,,,,CHEMBL1201861,1878417,CHEMBL1075391,NC(=O)Nc1cc(-c2cccc(F)c2)sc1C(=O)N[C@H]1CCCNC1
13205678,CHEMBL2363735,CHEMBL176544,IC50,5722.0,nM,=,,,,5.24,,,,,CHEMBL1201861,1878466,CHEMBL1075391,Cn1cc(/C=C2\C(=O)Nc3cccnc32)c2ccccc21
13205679,CHEMBL2363735,CHEMBL603469,IC50,12506.61,nM,=,,,,4.90,,,,,CHEMBL1201861,1878438,CHEMBL1075391,C[C@]12O[C@H](C[C@]1(O)CO)n1c3ccccc3c3c4c(c5c6ccccc6n2c5c31)CNC4=O
13205680,CHEMBL2363735,CHEMBL102714,IC50,823929.53,nM,=,,,,,,Outside typical range,,,CHEMBL1201861,1878374,CHEMBL1075391,Cn1cc(C2=C(c3ccc(Cl)cc3Cl)C(=O)NC2=O)c2ccccc21
13205681,CHEMBL2363735,CHEMBL109480,IC50,46853.79,nM,=,,,,4.33,,,,,CHEMBL1201861,1878397,CHEMBL1075391,C=CCNC1=C2C[C@@H](C)C[C@H](OC)[C@H](O)[C@@H](C)/C=C(\C)[C@H](OC(N)=O)[C@@H](OC)/C=C\C=C(/C)C(=O)NC(=CC1=O)C2=O
13205682,CHEMBL2363735,CHEMBL1090090,IC50,210766.52,nM,=,,,,,,Outside typical range,,,CHEMBL1201861,1878389,CHEMBL1075391,NC(=O)c1ccc(N(C(N)=O)c2c(F)cccc2F)nc1-c1ccc(F)cc1F
13205683,CHEMBL2363735,CHEMBL572881,IC50,31026.51,nM,=,,,,4.51,,,,,CHEMBL1201861,1878406,CHEMBL1075391,CC1(C)CNc2cc(NC(=O)c3cccnc3NCc3ccncc3)ccc21
13205684,CHEMBL2363735,CHEMBL222102,IC50,633923.32,nM,=,,,,,,Outside typical range,,,CHEMBL1201861,1878475,CHEMBL1075391,O=c1cc(-c2cccc3c2Sc2ccccc2S3)oc(N2CCOCC2)c1
13205685,CHEMBL2363735,CHEMBL1972860,IC50,0.3653,nM,=,,,,9.44,,,,,CHEMBL1201861,1878452,CHEMBL1075391,CN(NC(=O)CC(=O)NN(C)C(=S)c1ccccc1)C(=S)c1ccccc1
13205686,CHEMBL2363735,CHEMBL1173655,IC50,34369.28,nM,=,,,,4.46,,,,,CHEMBL1201861,1878422,CHEMBL1075391,CN(C)C/C=C/C(=O)Nc1cc2c(Nc3ccc(F)c(Cl)c3)ncnc2cc1O[C@H]1CCOC1
13205687,CHEMBL2363735,CHEMBL473417,IC50,1049189.25,nM,=,,,,,,Outside typical range,,,CHEMBL1201861,1878459,CHEMBL1075391,CS(=O)(=O)c1ccc(C(=O)Nc2ccc(Cl)c(-c3ccccn3)c2)c(Cl)c1
13205688,CHEMBL2363735,CHEMBL1230020,IC50,698042.51,nM,=,,,,,,Outside typical range,,,CHEMBL1201861,1878366,CHEMBL1075391,CCCS(=O)(=O)Nc1ccc(F)c(C(=O)c2c[nH]c3ncc(Cl)cc23)c1F
13205689,CHEMBL2363735,CHEMBL577784,IC50,4811.73,nM,=,,,,5.32,,,,,CHEMBL1201861,1878434,CHEMBL1075391,O=C(NCCCNc1nc(Nc2cccc(NC(=O)N3CCCC3)c2)ncc1I)c1cccs1
13205690,CHEMBL2363735,CHEMBL188678,IC50,162170.95,nM,=,,,,,,Outside typical range,,,CHEMBL1201861,1878349,CHEMBL1075391,O=c1cc(N2CCOCC2)oc2c(-c3cccc4c3sc3ccccc34)cccc12
13205691,CHEMBL2363735,CHEMBL240954,IC50,483529.83,nM,=,,,,,,Outside typical range,,,CHEMBL1201861,1878377,CHEMBL1075391,CC(=O)O[C@@H]1[C@@H](OC(C)=O)[C@@H](O)[C@H](Oc2c(-c3ccc(O)cc3)oc3cc(O)cc(O)c3c2=O)O[C@H]1C
13205692,CHEMBL2363735,CHEMBL573107,IC50,335897.15,nM,=,,,,,,Outside typical range,,,CHEMBL1201861,1878424,CHEMBL1075391,CC(C)CCN1c2nc(Nc3cc(F)c(O)c(F)c3)ncc2N(C)C(=O)C1C
13205693,CHEMBL2363735,CHEMBL103667,IC50,179680.99,nM,=,,,,,,Outside typical range,,,CHEMBL1201861,1878425,CHEMBL1075391,Cc1ccc(-n2nc(C(C)(C)C)cc2NC(=O)Nc2ccc(OCCN3CCOCC3)c3ccccc23)cc1
13205694,CHEMBL2363735,CHEMBL210618,IC50,205148.48,nM,=,,,,,,Outside typical range,,,CHEMBL1201861,1878472,CHEMBL1075391,CCOc1nc(NC(=O)Cc2cc(OC)ccc2OC)cc(N)c1C#N
13206412,CHEMBL2363735,CHEMBL379975,IC50,39717.94,nM,=,,,,4.40,,,,,CHEMBL1201861,1878398,CHEMBL1075391,O=C1NC(=O)c2c1c(-c1ccccc1Cl)cc1[nH]c3ccc(O)cc3c21
13206413,CHEMBL2363735,CHEMBL191334,IC50,54122.34,nM,=,,,,4.27,,,,,CHEMBL1201861,1878350,CHEMBL1075391,COc1ccc(C2=N[C@@H](c3ccc(Cl)cc3)[C@@H](c3ccc(Cl)cc3)N2C(=O)N2CCNC(=O)C2)c(OC(C)C)c1
13206414,CHEMBL2363735,CHEMBL189584,IC50,79942.29,nM,=,,,,4.10,,,,,CHEMBL1201861,1878361,CHEMBL1075391,CCN(CC)CCCCNc1ncc2cc(-c3cc(OC)cc(OC)c3)c(NC(=O)NC(C)(C)C)nc2n1
13206415,CHEMBL2363735,CHEMBL202721,IC50,1403.52,nM,=,,,,5.85,,,,,CHEMBL1201861,1878395,CHEMBL1075391,COc1cc2c(Nc3ccc(NC(=O)c4ccccc4)cc3)ncnc2cc1OCCCN1CCOCC1
13206416,CHEMBL2363735,CHEMBL393929,IC50,18562.68,nM,=,,,,4.73,,,,,CHEMBL1201861,1878371,CHEMBL1075391,O=C1N=C(NCc2cccs2)S/C1=C\c1ccc2ncccc2c1
13206417,CHEMBL2363735,CHEMBL1079175,IC50,2332.53,nM,=,,,,5.63,,,,,CHEMBL1201861,1878345,CHEMBL1075391,NC1(c2ccc(-c3nc4ccn5c(=O)[nH]nc5c4cc3-c3ccccc3)cc2)CCC1
13206418,CHEMBL2363735,CHEMBL189963,IC50,1785.82,nM,=,,,,5.75,,,,,CHEMBL1201861,1878360,CHEMBL1075391,CC(=O)c1c(C)c2cnc(Nc3ccc(N4CCNCC4)cn3)nc2n(C2CCCC2)c1=O
13206419,CHEMBL2363735,CHEMBL1879463,IC50,420.45,nM,=,,,,6.38,,,,,CHEMBL1201861,1878351,CHEMBL1075391,Cn1c(=O)n(-c2ccc(C(C)(C)C#N)cc2)c2c3cc(-c4cnc5ccccc5c4)ccc3ncc21
13206420,CHEMBL2363735,CHEMBL521851,IC50,258456.14,nM,=,,,,,,Outside typical range,,,CHEMBL1201861,1878460,CHEMBL1075391,CS(=O)(=O)N1CCN(Cc2cc3nc(-c4cccc5[nH]ncc45)nc(N4CCOCC4)c3s2)CC1
13206421,CHEMBL2363735,CHEMBL1801204,IC50,26795.72,nM,=,,,,4.57,,,,,CHEMBL1201861,1878418,CHEMBL1075391,COc1ccc(-c2ccc3c(N4CCOC[C@@H]4C)nc(N4CCOC[C@@H]4C)nc3n2)cc1CO
13206422,CHEMBL2363735,CHEMBL507361,IC50,123.02,nM,=,,,,6.91,,,,,CHEMBL1201861,1878359,CHEMBL1075391,O=C(NOC[C@H](O)CO)c1ccc(F)c(F)c1Nc1ccc(I)cc1F
13206423,CHEMBL2363735,CHEMBL477989,IC50,234129.64,nM,=,,,,,,Outside typical range,,,CHEMBL1201861,1878375,CHEMBL1075391,CN(C)CCOc1ccc(-c2nc(-c3ccncc3)c(-c3ccc4c(c3)CC/C4=N\O)[nH]2)cc1
13206424,CHEMBL2363735,CHEMBL1614701,IC50,27197.42,nM,=,,,,4.57,,,,,CHEMBL1201861,1878415,CHEMBL1075391,Cn1cnc2c(F)c(Nc3ccc(Br)cc3Cl)c(C(=O)NOCCO)cc21
13206425,CHEMBL2363735,CHEMBL2165191,IC50,136287.69,nM,=,,,,,,Outside typical range,,,CHEMBL1201861,1878391,CHEMBL1075391,Cc1cc([C@@H](C)Nc2ccccc2C(=O)O)c2nc(N3CCOCC3)cc(=O)n2c1
13206426,CHEMBL2363735,CHEMBL255342,IC50,289868.39,nM,=,,,,,,Outside typical range,,,CHEMBL1201861,1878436,CHEMBL1075391,O=C1/C(=C/c2cccs2)CC/C1=C\c1cccs1
13206427,CHEMBL2363735,CHEMBL1186585,IC50,28436.23,nM,=,,,,4.55,,,,,CHEMBL1201861,1878451,CHEMBL1075391,O=c1cc(CN2CCOCC2)occ1OCCCCCSc1ccnc2cc(C(F)(F)F)ccc12
13206428,CHEMBL2363735,CHEMBL1090771,IC50,268453.85,nM,=,,,,,,Outside typical range,,,CHEMBL1201861,1878429,CHEMBL1075391,NC(=O)[C@@H](CCC(F)(F)F)N(Cc1ccc(-c2ncon2)cc1F)S(=O)(=O)c1ccc(Cl)cc1
13206429,CHEMBL2363735,CHEMBL2134202,IC50,10103.74,nM,=,,,,5.00,,,,,CHEMBL1201861,1878363,CHEMBL1075391,CCc1cncnc1N1CCN(Cc2nc3cc(C(F)(F)F)ccc3[nH]2)CC1
13206430,CHEMBL2363735,CHEMBL2137530,IC50,15944.92,nM,=,,,,4.80,,,,,CHEMBL1201861,1878470,CHEMBL1075391,c1ccc2c(CCNc3ccc(Nc4ccncc4)cc3)c[nH]c2c1
13206431,CHEMBL2363735,CHEMBL217354,IC50,315.5,nM,=,,,,6.50,,,,,CHEMBL1201861,1878384,CHEMBL1075391,CC(C)c1ccccc1Cc1cc(C(=O)Nc2ccc(S(=O)(=O)c3ccccc3C(C)(C)C)cc2)c(O)c(O)c1O
13206432,CHEMBL2363735,CHEMBL399530,IC50,711033.82,nM,=,,,,,,Outside typical range,,,CHEMBL1201861,1878437,CHEMBL1075391,CCc1cc(-c2[nH]nc(C)c2-c2ccc3c(c2)OCCO3)c(O)cc1O
13206433,CHEMBL2363735,CHEMBL1173055,IC50,800177.04,nM,=,,,,,,Outside typical range,,,CHEMBL1201861,1878403,CHEMBL1075391,CNCc1ccc(-c2[nH]c3cc(F)cc4c3c2CCNC4=O)cc1
25102722,CHEMBL5262258,CHEMBL5282240,IC50,20000.0,nM,=,,,,4.70,,,,,CHEMBL5260810,3936428,CHEMBL1075391,C/C=C/Cn1cc(-c2ccc(C(C)(C)O)cc2OC)c2cc[nH]c2c1=O
25102723,CHEMBL5262258,CHEMBL5270178,IC50,20000.0,nM,=,,,,4.70,,,,,CHEMBL5260810,3936430,CHEMBL1075391,C/C=C/Cn1cc(-c2ccc(C(=O)N3CCOCC3)cc2)c2cc[nH]c2c1=O
25102724,CHEMBL5262258,CHEMBL5268484,IC50,2000.0,nM,=,,,,5.70,,,,,CHEMBL5260810,3936436,CHEMBL1075391,C/C=C/Cn1cc(-c2cc(OC)c(C(=O)N3CCOCC3)cc2OC)c2cc(C)[nH]c2c1=O
