activity_id,assay_chembl_id,molecule_chembl_id,standard_type,standard_value,standard_units,standard_relation,published_value,published_units,published_relation,pchembl_value,activity_comment,data_validity_comment,confidence_score,ligand_efficiency,document_chembl_id,record_id,target_chembl_id,smiles
11000480,CHEMBL2076226,CHEMBL772,IC50,10200.0,nM,=,,,,4.99,inhibitor [IC50 = 10.2 u M (Hill coefficient = 4.7)],,,,CHEMBL2074066,1671175,CHEMBL6020,COC(=O)[C@H]1[C@H]2C[C@@H]3c4[nH]c5cc(OC)ccc5c4CCN3C[C@H]2C[C@@H](OC(=O)c2cc(OC)c(OC)c(OC)c2)[C@@H]1OC
11000482,CHEMBL2076226,CHEMBL437765,IC50,12200.0,nM,=,,,,4.91,inhibitor [IC50 = 12.2 u M (Hill coefficient = 1.6)],,,,CHEMBL2074066,1671177,CHEMBL6020,CO[C@H]1/C=C/O[C@@]2(C)Oc3c(C)c(O)c4c(O)c(cc(O)c4c3C2=O)NC(=O)/C(C)=C\C=C\[C@H](C)[C@H](O)[C@@H](C)[C@@H](O)[C@@H](C)[C@H](OC(C)=O)[C@@H]1C
11000484,CHEMBL2076242,CHEMBL83,IC50,15400.0,nM,=,,,,4.81,inhibitor [IC50 = 15.4 u M (Hill coefficient = 4.1)],,,,CHEMBL2074066,1671179,CHEMBL6020,CC/C(=C(\c1ccccc1)c1ccc(OCCN(C)C)cc1)c1ccccc1
11000485,CHEMBL2076226,CHEMBL103,IC50,17300.0,nM,=,,,,4.76,inhibitor [IC50 = 17.3 u M (Hill coefficient = 1.0)],,,,CHEMBL2074066,1671180,CHEMBL6020,CC(=O)[C@H]1CC[C@H]2[C@@H]3CCC4=CC(=O)CC[C@]4(C)[C@H]3CC[C@]12C
11000491,CHEMBL2076226,CHEMBL83,IC50,23300.0,nM,=,,,,4.63,inhibitor [IC50 = 23.3 u M (Hill coefficient = 5.1)],,,,CHEMBL2074066,1671179,CHEMBL6020,CC/C(=C(\c1ccccc1)c1ccc(OCCN(C)C)cc1)c1ccccc1
11000492,CHEMBL2076242,CHEMBL428647,IC50,26800.0,nM,=,,,,4.57,inhibitor [IC50 = 26.8 u M (Hill coefficient = 4.2)],,,,CHEMBL2074066,1671184,CHEMBL6020,CC(=O)O[C@H]1C(=O)[C@@]2(C)[C@H]([C@H](OC(=O)c3ccccc3)[C@]3(O)C[C@H](OC(=O)[C@H](O)[C@@H](NC(=O)c4ccccc4)c4ccccc4)C(C)=C1C3(C)C)[C@]1(OC(C)=O)CO[C@@H]1C[C@@H]2O
11000494,CHEMBL2076226,CHEMBL1292,IC50,28700.0,nM,=,,,,4.54,inhibitor [IC50 = 28.7 u M (Hill coefficient = 1.4)],,,,CHEMBL2074066,1671185,CHEMBL6020,CC(C)/N=c1\cc2n(-c3ccc(Cl)cc3)c3ccccc3nc-2cc1Nc1ccc(Cl)cc1
11000495,CHEMBL2076226,CHEMBL428647,IC50,28900.0,nM,=,,,,4.54,inhibitor [IC50 = 28.9 u M (Hill coefficient = 3.0)],,,,CHEMBL2074066,1671184,CHEMBL6020,CC(=O)O[C@H]1C(=O)[C@@]2(C)[C@H]([C@H](OC(=O)c3ccccc3)[C@]3(O)C[C@H](OC(=O)[C@H](O)[C@@H](NC(=O)c4ccccc4)c4ccccc4)C(C)=C1C3(C)C)[C@]1(OC(C)=O)CO[C@@H]1C[C@@H]2O
11000496,CHEMBL2076242,CHEMBL71,IC50,30900.0,nM,=,,,,4.51,inhibitor [IC50 = 30.9 u M (Hill coefficient = 11.0)],,,,CHEMBL2074066,1671186,CHEMBL6020,CN(C)CCCN1c2ccccc2Sc2ccc(Cl)cc21
11000497,CHEMBL2076226,CHEMBL71,IC50,33500.0,nM,=,,,,4.47,inhibitor [IC50 = 33.5 u M (Hill coefficient = 5.1)],,,,CHEMBL2074066,1671186,CHEMBL6020,CN(C)CCCN1c2ccccc2Sc2ccc(Cl)cc21
11000498,CHEMBL2076226,CHEMBL159,IC50,62000.0,nM,=,,,,4.21,inhibitor [IC50 = 62.0 u M (Hill coefficient = 1.9)],,,,CHEMBL2074066,1671176,CHEMBL6020,CC[C@]1(O)C[C@@H]2CN(CCc3c([nH]c4ccccc34)[C@@](C(=O)OC)(c3cc4c(cc3OC)N(C)[C@H]3[C@@](O)(C(=O)OC)[C@H](OC(C)=O)[C@]5(CC)C=CCN6CC[C@]43[C@@H]65)C2)C1
11000499,CHEMBL2076226,CHEMBL157101,IC50,65400.0,nM,=,,,,4.18,inhibitor [IC50 = 65.4 u M (Hill coefficient = 2.6)],,,,CHEMBL2074066,1671187,CHEMBL6020,CC(=O)N1CCN(c2ccc(OCC3COC(Cn4ccnc4)(c4ccc(Cl)cc4Cl)O3)cc2)CC1
11000500,CHEMBL2076226,CHEMBL408,IC50,66400.0,nM,=,,,,4.18,inhibitor [IC50 = 66.4 u M (Hill coefficient = 2.1)],,,,CHEMBL2074066,1671188,CHEMBL6020,Cc1c(C)c2c(c(C)c1O)CCC(C)(COc1ccc(CC3SC(=O)NC3=O)cc1)O2
11000501,CHEMBL2076226,CHEMBL223643,IC50,7200.0,nM,=,,,,5.14,inhibitor [IC50 = 7.2 u M (Hill coefficient = 1.0)],,,,CHEMBL2074066,1671189,CHEMBL6020,CC(C)[C@@H]1NC(=O)[C@H](C)OC(=O)[C@@H](C(C)C)NC(=O)[C@@H](C(C)C)OC(=O)[C@H](C(C)C)NC(=O)[C@H](C)OC(=O)[C@@H](C(C)C)NC(=O)[C@@H](C(C)C)OC(=O)[C@H](C(C)C)NC(=O)[C@H](C)OC(=O)[C@@H](C(C)C)NC(=O)[C@@H](C(C)C)OC1=O
11000502,CHEMBL2076242,CHEMBL160,IC50,7500.0,nM,=,,,,5.12,inhibitor [IC50 = 7.5 u M (Hill coefficient = 1.5)],,,,CHEMBL2074066,1671190,CHEMBL6020,C/C=C/C[C@@H](C)[C@@H](O)[C@H]1C(=O)N[C@@H](CC)C(=O)N(C)CC(=O)N(C)[C@@H](CC(C)C)C(=O)N[C@@H](C(C)C)C(=O)N(C)[C@@H](CC(C)C)C(=O)N[C@@H](C)C(=O)N[C@H](C)C(=O)N(C)[C@@H](CC(C)C)C(=O)N(C)[C@@H](CC(C)C)C(=O)N(C)[C@@H](C(C)C)C(=O)N1C
11000503,CHEMBL2076226,CHEMBL160,IC50,7800.0,nM,=,,,,5.11,inhibitor [IC50 = 7.8 u M (Hill coefficient = 1.1)],,,,CHEMBL2074066,1671190,CHEMBL6020,C/C=C/C[C@@H](C)[C@@H](O)[C@H]1C(=O)N[C@@H](CC)C(=O)N(C)CC(=O)N(C)[C@@H](CC(C)C)C(=O)N[C@@H](C(C)C)C(=O)N(C)[C@@H](CC(C)C)C(=O)N[C@@H](C)C(=O)N[C@H](C)C(=O)N(C)[C@@H](CC(C)C)C(=O)N(C)[C@@H](CC(C)C)C(=O)N(C)[C@@H](C(C)C)C(=O)N1C
11000504,CHEMBL2076242,CHEMBL6966,IC50,79100.0,nM,=,,,,4.1,inhibitor [IC50 = 79.1 u M (Hill coefficient = 2.7)],,,,CHEMBL2074066,1671181,CHEMBL6020,COc1ccc(CCN(C)CCCC(C#N)(c2ccc(OC)c(OC)c2)C(C)C)cc1OC
11002383,CHEMBL2077352,CHEMBL411070,Ki,11000.0,nM,=,,,,4.96,inhibitor [Ki=11uM],,,,CHEMBL2073959,1672965,CHEMBL6020,C[C@H](CCC(=O)NCC(=O)O)[C@H]1CC[C@H]2[C@@H]3[C@H](O)C[C@@H]4C[C@H](O)CC[C@]4(C)[C@H]3C[C@H](O)[C@]12C
11002828,CHEMBL2075453,CHEMBL472,Ki,27500.0,nM,=,,,,4.56,inhibitor [Ki=27.5uM],,,,CHEMBL2073959,1669160,CHEMBL6020,COc1ccc(Cl)cc1C(=O)NCCc1ccc(S(=O)(=O)NC(=O)NC2CCCCC2)cc1
11002844,CHEMBL2077352,CHEMBL185878,Ki,28000.0,nM,=,,,,4.55,inhibitor [Ki=28uM],,,,CHEMBL2073959,1669170,CHEMBL6020,C[C@H](CCC(=O)NCCS(=O)(=O)O)[C@H]1CC[C@H]2[C@@H]3[C@H](O)C[C@@H]4C[C@H](O)CC[C@]4(C)[C@H]3CC[C@]12C
11002884,CHEMBL2075452,CHEMBL437765,Ki,31000.0,nM,=,,,,4.51,inhibitor [Ki=31uM],,,,CHEMBL2073959,1669199,CHEMBL6020,CO[C@H]1/C=C/O[C@@]2(C)Oc3c(C)c(O)c4c(O)c(cc(O)c4c3C2=O)NC(=O)/C(C)=C\C=C\[C@H](C)[C@H](O)[C@@H](C)[C@@H](O)[C@@H](C)[C@H](OC(C)=O)[C@@H]1C
11003278,CHEMBL2077352,CHEMBL1552,Ki,7000.0,nM,=,,,,5.16,inhibitor [Ki=7uM],,,,CHEMBL2073959,1669509,CHEMBL6020,C[C@H](CCC(=O)NCC(=O)O)[C@H]1CC[C@H]2[C@@H]3[C@H](O)C[C@@H]4C[C@H](O)CC[C@]4(C)[C@H]3CC[C@]12C
11003316,CHEMBL2075454,CHEMBL160,Ki,9500.0,nM,=,,,,5.02,inhibitor [Ki=9.5uM],,,,CHEMBL2073959,1669526,CHEMBL6020,C/C=C/C[C@@H](C)[C@@H](O)[C@H]1C(=O)N[C@@H](CC)C(=O)N(C)CC(=O)N(C)[C@@H](CC(C)C)C(=O)N[C@@H](C(C)C)C(=O)N(C)[C@@H](CC(C)C)C(=O)N[C@@H](C)C(=O)N[C@H](C)C(=O)N(C)[C@@H](CC(C)C)C(=O)N(C)[C@@H](CC(C)C)C(=O)N(C)[C@@H](C(C)C)C(=O)N1C
13863451,CHEMBL3101856,CHEMBL3099716,IC50,11000.0,nM,=,,,,4.96,,,,"{'bei': '11.18', 'le': '0.21', 'lle': '-0.16', 'sei': '5.26'}",CHEMBL3098003,1956958,CHEMBL6020,CC1(C)OC(=O)N([C@H]2CC[C@H](c3cnc(N)c(-c4ncccn4)c3)CC2)[C@H]1c1ccccc1
15083160,CHEMBL3389575,CHEMBL1651956,IC50,110.0,nM,=,,,,6.96,,,,,CHEMBL3351593,2243540,CHEMBL6020,C/C=C/C[C@@H](C)[C@@H](O)[C@H]1C(=O)N[C@@H](CC)C(=O)N(C)[C@H](C)C(=O)N(CC)[C@@H](C(C)C)C(=O)N[C@@H](C(C)C)C(=O)N(C)[C@@H](CC(C)C)C(=O)N[C@@H](C)C(=O)N[C@H](C)C(=O)N(C)[C@@H](CC(C)C)C(=O)N(C)[C@@H](CC(C)C)C(=O)N(C)[C@@H](C(C)C)C(=O)N1C
15083161,CHEMBL3389575,CHEMBL3344501,IC50,1600.0,nM,=,,,,5.8,,,,,CHEMBL3351593,2245525,CHEMBL6020,C/C=C/C[C@@H](C)[C@@H](O)[C@H]1C(=O)N[C@@H](CC)C(=O)N(C)[C@H](C)C(=O)N(C)[C@@H]([C@@H](C)CN2CCN(CCOC)CC2)C(=O)N[C@@H](C(C)C)C(=O)N(C)[C@@H](CC(C)C)C(=O)N[C@@H](C)C(=O)N[C@H](C)C(=O)N(C)[C@@H](CC(C)C)C(=O)N(C)[C@@H](CC(C)C)C(=O)N(C)[C@@H](C(C)C)C(=O)N1C
15449835,CHEMBL3540573,CHEMBL976,IC50,96800.0,nM,=,,,,4.01,,,,"{'bei': '12.85', 'le': '0.24', 'lle': '1.48', 'sei': '9.88'}",CHEMBL3526080,2469866,CHEMBL6020,O=C(C1CCCCC1)N1CC(=O)N2CCc3ccccc3C2C1
15460386,CHEMBL3540573,CHEMBL1159650,IC50,8500.0,nM,=,,,,5.07,,,,"{'bei': '10.86', 'le': '0.22', 'lle': '0.97', 'sei': '6.29'}",CHEMBL3526080,2469706,CHEMBL6020,CCC(=O)O[C@]1(C(=O)CCl)[C@@H](C)C[C@H]2[C@@H]3CCC4=CC(=O)C=C[C@]4(C)[C@@]3(F)[C@@H](O)C[C@@]21C
15460402,CHEMBL3540573,CHEMBL146095,IC50,22300.0,nM,=,,,,4.65,,,,"{'bei': '12.48', 'le': '0.24', 'lle': '1.51', 'sei': '5.07'}",CHEMBL3526080,2469311,CHEMBL6020,O=C(OCC(O)CO)c1ccccc1Nc1ccnc2cc(Cl)ccc12
15460409,CHEMBL3540573,CHEMBL54349,IC50,9200.0,nM,=,,,,5.04,,,,"{'bei': '12.46', 'le': '0.25', 'lle': '-0.46', 'sei': '13.39'}",CHEMBL3526080,2470494,CHEMBL6020,CCCN(CCC)C(=O)Cc1c(-c2ccc(Cl)cc2)nc2ccc(Cl)cn12
15460413,CHEMBL3540573,CHEMBL408,IC50,2700.0,nM,=,,,,5.57,,,,"{'bei': '12.61', 'le': '0.25', 'lle': '1.20', 'sei': '6.56'}",CHEMBL3526080,2470225,CHEMBL6020,Cc1c(C)c2c(c(C)c1O)CCC(C)(COc1ccc(CC3SC(=O)NC3=O)cc1)O2
15460415,CHEMBL3540573,CHEMBL833,IC50,74000.0,nM,=,,,,4.13,,,,"{'bei': '15.66', 'le': '0.33', 'lle': '0.17', 'sei': '127.49'}",CHEMBL3526080,2470463,CHEMBL6020,Clc1ccccc1CN1CCc2sccc2C1
15460418,CHEMBL3540573,CHEMBL121,IC50,6400.0,nM,=,,,,5.19,,,,"{'bei': '14.53', 'le': '0.28', 'lle': '2.70', 'sei': '7.26'}",CHEMBL3526080,2469160,CHEMBL6020,CN(CCOc1ccc(CC2SC(=O)NC2=O)cc1)c1ccccn1
15460419,CHEMBL3540573,CHEMBL437765,IC50,6300.0,nM,=,,,,5.2,,,,"{'bei': '7.45', 'le': '0.14', 'lle': '0.45', 'sei': '2.58'}",CHEMBL3526080,2469159,CHEMBL6020,CO[C@H]1/C=C/O[C@@]2(C)Oc3c(C)c(O)c4c(O)c(cc(O)c4c3C2=O)NC(=O)/C(C)=C\C=C\[C@H](C)[C@H](O)[C@@H](C)[C@@H](O)[C@@H](C)[C@H](OC(C)=O)[C@@H]1C
15460420,CHEMBL3540573,CHEMBL374478,IC50,11300.0,nM,=,,,,4.95,,,,"{'bei': '6.01', 'le': '0.11', 'lle': '0.61', 'sei': '2.25'}",CHEMBL3526080,2469158,CHEMBL6020,CO[C@H]1/C=C/O[C@@]2(C)Oc3c(C)c(O)c4c(O)c(c(/C=N/N5CCN(C)CC5)c(O)c4c3C2=O)NC(=O)/C(C)=C\C=C\[C@H](C)[C@H](O)[C@@H](C)[C@@H](O)[C@@H](C)[C@H](OC(C)=O)[C@@H]1C
15460422,CHEMBL3540573,CHEMBL595,IC50,300.0,nM,=,,,,6.52,,,,"{'bei': '18.30', 'le': '0.36', 'lle': '3.36', 'sei': '9.55'}",CHEMBL3526080,2470388,CHEMBL6020,CCc1ccc(CCOc2ccc(CC3SC(=O)NC3=O)cc2)nc1
15460425,CHEMBL3540573,CHEMBL193,IC50,30700.0,nM,=,,,,4.51,,,,"{'bei': '13.03', 'le': '0.25', 'lle': '2.33', 'sei': '4.19'}",CHEMBL3526080,2468979,CHEMBL6020,COC(=O)C1=C(C)NC(C)=C(C(=O)OC)C1c1ccccc1[N+](=O)[O-]
15460426,CHEMBL3540573,CHEMBL623,IC50,4200.0,nM,=,,,,5.38,,,,"{'bei': '11.44', 'le': '0.22', 'lle': '1.83', 'sei': '9.68'}",CHEMBL3526080,2468978,CHEMBL6020,CCc1nn(CCCN2CCN(c3cccc(Cl)c3)CC2)c(=O)n1CCOc1ccccc1
15460428,CHEMBL3540573,CHEMBL157101,IC50,2900.0,nM,=,,,,5.54,,,,"{'bei': '10.42', 'le': '0.21', 'lle': '1.33', 'sei': '8.02'}",CHEMBL3526080,2470335,CHEMBL6020,CC(=O)N1CCN(c2ccc(OCC3COC(Cn4ccnc4)(c4ccc(Cl)cc4Cl)O3)cc2)CC1
15460431,CHEMBL3540573,CHEMBL472,IC50,5300.0,nM,=,,,,5.28,,,,"{'bei': '10.68', 'le': '0.22', 'lle': '1.64', 'sei': '4.64'}",CHEMBL3526080,2468969,CHEMBL6020,COc1ccc(Cl)cc1C(=O)NCCc1ccc(S(=O)(=O)NC(=O)NC2CCCCC2)cc1
15460432,CHEMBL3540573,CHEMBL374975,IC50,11500.0,nM,=,,,,4.94,,,,"{'bei': '9.56', 'le': '0.18', 'lle': '-0.73', 'sei': '4.75'}",CHEMBL3526080,2469171,CHEMBL6020,CC(=O)O[C@H]1C[C@@]2(C)[C@@H](C[C@@H](O)[C@H]3[C@@]4(C)CC[C@@H](O)[C@@H](C)[C@@H]4CC[C@@]32C)/C1=C(\CCC=C(C)C)C(=O)O
15460437,CHEMBL3540573,CHEMBL2218877,IC50,4100.0,nM,=,,,,5.39,,,,"{'bei': '6.82', 'le': '0.13', 'lle': '2.64', 'sei': '2.69'}",CHEMBL3526080,2470190,CHEMBL6020,CCC(=O)O[C@H]1[C@H](O[C@@H]2[C@@H](C)[C@H](O[C@H]3C[C@@](C)(OC)[C@@H](O)[C@H](C)O3)[C@@H](C)C(=O)O[C@H](CC)[C@@](C)(O)[C@H](O)[C@@H](C)C(=O)[C@H](C)C[C@@]2(C)O)O[C@H](C)C[C@@H]1N(C)C.CCCCCCCCCCCCOS(=O)(=O)O
15460439,CHEMBL3540573,CHEMBL893,IC50,69700.0,nM,=,,,,4.16,,,,"{'bei': '8.84', 'le': '0.19', 'lle': '0.96', 'sei': '3.69'}",CHEMBL3526080,2470188,CHEMBL6020,Cc1onc(-c2c(Cl)cccc2Cl)c1C(=O)N[C@@H]1C(=O)N2[C@@H]1SC(C)(C)[C@@H]2C(=O)O
15460441,CHEMBL3540573,CHEMBL160,IC50,500.0,nM,=,,,,6.3,,,,"{'bei': '5.24', 'le': None, 'lle': None, 'sei': None}",CHEMBL3526080,2468785,CHEMBL6020,C/C=C/C[C@@H](C)[C@@H](O)[C@H]1C(=O)N[C@@H](CC)C(=O)N(C)CC(=O)N(C)[C@@H](CC(C)C)C(=O)N[C@@H](C(C)C)C(=O)N(C)[C@@H](CC(C)C)C(=O)N[C@@H](C)C(=O)N[C@H](C)C(=O)N(C)[C@@H](CC(C)C)C(=O)N(C)[C@@H](CC(C)C)C(=O)N(C)[C@@H](C(C)C)C(=O)N1C
15461938,CHEMBL3540573,CHEMBL957,IC50,38100.0,nM,=,,,,4.42,,,,"{'bei': '8.01', 'le': '0.15', 'lle': '0.22', 'sei': '3.03'}",CHEMBL3526080,2468994,CHEMBL6020,COc1ccccc1Oc1c(NS(=O)(=O)c2ccc(C(C)(C)C)cc2)nc(-c2ncccn2)nc1OCCO
15461942,CHEMBL3540573,CHEMBL1131,IC50,18200.0,nM,=,,,,4.74,,,,"{'bei': '14.52', 'le': '0.27', 'lle': '-0.43', 'sei': '10.19'}",CHEMBL3526080,2470030,CHEMBL6020,COc1cc(C)c(/C=C/C(C)=C/C=C/C(C)=C/C(=O)O)c(C)c1C
16298672,CHEMBL3707554,CHEMBL3704747,IC50,12300.0,nM,=,,,,4.91,317677,,,"{'bei': '5.66', 'le': '0.11', 'lle': '1.89', 'sei': '2.19'}",CHEMBL3639237,2582264,CHEMBL6020,CC(=O)CC[C@H]1C(=O)N[C@@H](C(C)C)C(=O)N[C@@H](Cc2cc(O)cc(F)c2)C(=O)N2CCCC(N2)C(=O)O[C@H](/C(C)=C/C=C/C(=O)N2CCCCO2)C/C=C/C=C/[C@H](O)[C@H](C)[C@H]1O
16303408,CHEMBL3707554,CHEMBL3704745,IC50,180.0,nM,=,,,,6.75,317676,,,"{'bei': '5.54', 'le': None, 'lle': None, 'sei': None}",CHEMBL3639237,2582262,CHEMBL6020,C/C=C/CC(C)C(O)C1C(=O)NC(CC)C(=O)N(C)C(C)C(=O)N(CC)C(C(C)C)C(=O)NC(C(C)C)C(=O)N(C)C(CC(C)C)C(=O)NC(C)C(=O)NC(C)C(=O)N(C)C(CC(C)C)C(=O)N(C)C(CC(C)C)C(=O)N(C)C(C(C)C)C(=O)N1C
16306125,CHEMBL3707554,CHEMBL160,IC50,460.0,nM,=,,,,6.34,317675,,,"{'bei': '5.27', 'le': None, 'lle': None, 'sei': None}",CHEMBL3639237,2582265,CHEMBL6020,C/C=C/C[C@@H](C)[C@@H](O)[C@H]1C(=O)N[C@@H](CC)C(=O)N(C)CC(=O)N(C)[C@@H](CC(C)C)C(=O)N[C@@H](C(C)C)C(=O)N(C)[C@@H](CC(C)C)C(=O)N[C@@H](C)C(=O)N[C@H](C)C(=O)N(C)[C@@H](CC(C)C)C(=O)N(C)[C@@H](CC(C)C)C(=O)N(C)[C@@H](C(C)C)C(=O)N1C
16595521,CHEMBL3811149,CHEMBL1231206,IC50,7000.0,nM,=,,,,5.16,,,,"{'bei': '13.77', 'le': '0.26', 'lle': '0.79', 'sei': '7.70'}",CHEMBL3808386,2780743,CHEMBL6020,Cc1ccc(-c2ccc3c(ccc4sc5c(c43)NC[C@@H](C)NC5=O)n2)cn1
16595553,CHEMBL3811149,CHEMBL3808630,IC50,7000.0,nM,=,,,,5.16,,,,"{'bei': '11.52', 'le': '0.22', 'lle': '0.33', 'sei': '7.11'}",CHEMBL3808386,2780739,CHEMBL6020,COCCOCc1cccc(-c2ccc3c(ccc4sc5c(c43)NC[C@@H](C)NC5=O)n2)c1
16621108,CHEMBL3819824,CHEMBL3819587,IC50,4000.0,nM,=,,,,5.4,,,,"{'bei': '9.80', 'le': '0.19', 'lle': '1.54', 'sei': '4.36'}",CHEMBL3817762,2782809,CHEMBL6020,COc1cc([C@@H](CC(=O)O)c2ccc(C)c(CN3C[C@@H](C)Oc4ccccc4S3(=O)=O)c2)cc2nnn(C)c12
18051737,CHEMBL4011663,CHEMBL506,IC50,32700.0,nM,=,,,,4.49,,,,,CHEMBL4011581,2991676,CHEMBL6020,COc1cc(NC(C)CCCN)c2ncccc2c1
18051738,CHEMBL4011663,CHEMBL710,IC50,28200.0,nM,=,,,,4.55,,,,,CHEMBL4011581,2991675,CHEMBL6020,CC(C)(C)NC(=O)[C@H]1CC[C@H]2[C@@H]3CC[C@H]4NC(=O)C=C[C@]4(C)[C@H]3CC[C@]12C
18051739,CHEMBL4011663,CHEMBL1231,IC50,27400.0,nM,=,,,,4.56,,,,,CHEMBL4011581,2991674,CHEMBL6020,CCN(CC)CC#CCOC(=O)C(O)(c1ccccc1)C1CCCCC1
18051740,CHEMBL4011663,CHEMBL444633,IC50,26700.0,nM,=,,,,4.57,,,,,CHEMBL4011581,2991673,CHEMBL6020,CO[C@H]1/C=C/O[C@@]2(C)Oc3c(C)c(O)c4c(c3C2=O)C2=NC3(CCN(CC(C)C)CC3)NC2=C(NC(=O)/C(C)=C\C=C\[C@H](C)[C@H](O)[C@@H](C)[C@@H](O)[C@@H](C)[C@H](OC(C)=O)[C@@H]1C)C4=O
18051741,CHEMBL4011663,CHEMBL374478,IC50,25300.0,nM,=,,,,4.6,,,,,CHEMBL4011581,2991672,CHEMBL6020,CO[C@H]1/C=C/O[C@@]2(C)Oc3c(C)c(O)c4c(O)c(c(/C=N/N5CCN(C)CC5)c(O)c4c3C2=O)NC(=O)/C(C)=C\C=C\[C@H](C)[C@H](O)[C@@H](C)[C@@H](O)[C@@H](C)[C@H](OC(C)=O)[C@@H]1C
18051742,CHEMBL4011663,CHEMBL941,IC50,25100.0,nM,=,,,,4.6,,,,,CHEMBL4011581,2991671,CHEMBL6020,Cc1ccc(NC(=O)c2ccc(CN3CCN(C)CC3)cc2)cc1Nc1nccc(-c2cccnc2)n1
18051743,CHEMBL4011663,CHEMBL1064,IC50,24700.0,nM,=,,,,4.61,,,,,CHEMBL4011581,2991670,CHEMBL6020,CCC(C)(C)C(=O)O[C@H]1C[C@@H](C)C=C2C=C[C@H](C)[C@H](CC[C@@H]3C[C@@H](O)CC(=O)O3)[C@H]21
18051744,CHEMBL4011663,CHEMBL957,IC50,22000.0,nM,=,,,,4.66,,,,,CHEMBL4011581,2991669,CHEMBL6020,COc1ccccc1Oc1c(NS(=O)(=O)c2ccc(C(C)(C)C)cc2)nc(-c2ncccn2)nc1OCCO
18051745,CHEMBL4011663,CHEMBL5483011,IC50,21200.0,nM,=,,,,4.67,,,,,CHEMBL4011581,2991668,CHEMBL6020,CC(C)(C)NC(=O)[C@@H]1CN(Cc2cccnc2)CCN1C[C@@H](O)C[C@@H](Cc1ccccc1)C(=O)N[C@H]1c2ccccc2C[C@H]1O.O
18051746,CHEMBL4011663,CHEMBL388978,IC50,18700.0,nM,=,,,,4.73,,,,,CHEMBL4011581,2991667,CHEMBL6020,CN[C@@H]1C[C@H]2O[C@@](C)([C@@H]1OC)n1c3ccccc3c3c4c(c5c6ccccc6n2c5c31)C(=O)NC4
18051747,CHEMBL4011663,CHEMBL64391,IC50,18000.0,nM,=,,,,4.75,,,,,CHEMBL4011581,2991666,CHEMBL6020,CCC(C)n1ncn(-c2ccc(N3CCN(c4ccc(OCC5COC(Cn6cncn6)(c6ccc(Cl)cc6Cl)O5)cc4)CC3)cc2)c1=O
18051748,CHEMBL4011663,CHEMBL388590,IC50,17500.0,nM,=,,,,4.76,,,,,CHEMBL4011581,2991665,CHEMBL6020,CCc1oc2ccccc2c1C(=O)c1cc(Br)c(O)c(Br)c1
18051749,CHEMBL4011663,CHEMBL729,IC50,17300.0,nM,=,,,,4.76,,,,,CHEMBL4011581,2991664,CHEMBL6020,Cc1cccc(C)c1OCC(=O)N[C@@H](Cc1ccccc1)[C@@H](O)C[C@H](Cc1ccccc1)NC(=O)[C@H](C(C)C)N1CCCNC1=O
18051750,CHEMBL4011663,CHEMBL1017,IC50,16200.0,nM,=,,,,4.79,,,,,CHEMBL4011581,2991663,CHEMBL6020,CCCc1nc2c(C)cc(-c3nc4ccccc4n3C)cc2n1Cc1ccc(-c2ccccc2C(=O)O)cc1
18051751,CHEMBL4011663,CHEMBL1481,IC50,15700.0,nM,=,,,,4.8,,,,,CHEMBL4011581,2991662,CHEMBL6020,CCC1=C(C)CN(C(=O)NCCc2ccc(S(=O)(=O)NC(=O)N[C@H]3CC[C@H](C)CC3)cc2)C1=O
18051752,CHEMBL4011663,CHEMBL43064,IC50,15700.0,nM,=,,,,4.8,,,,,CHEMBL4011581,2991661,CHEMBL6020,C(=C/c1ccccc1)\CN1CCN(C(c2ccccc2)c2ccccc2)CC1
18051753,CHEMBL4011663,CHEMBL672,IC50,15300.0,nM,=,,,,4.82,,,,,CHEMBL4011581,2991660,CHEMBL6020,CC(C)OC(=O)C(C)(C)Oc1ccc(C(=O)c2ccc(Cl)cc2)cc1
18051754,CHEMBL4011663,CHEMBL428647,IC50,15000.0,nM,=,,,,4.82,,,,,CHEMBL4011581,2991659,CHEMBL6020,CC(=O)O[C@H]1C(=O)[C@@]2(C)[C@H]([C@H](OC(=O)c3ccccc3)[C@]3(O)C[C@H](OC(=O)[C@H](O)[C@@H](NC(=O)c4ccccc4)c4ccccc4)C(C)=C1C3(C)C)[C@]1(OC(C)=O)CO[C@@H]1C[C@@H]2O
18051755,CHEMBL4011663,CHEMBL4060109,IC50,14000.0,nM,=,,,,4.85,,,,,CHEMBL4011581,2991658,CHEMBL6020,C[C@]12CC[C@@H]3c4ccc(O)cc4CC[C@H]3[C@@H]1CC[C@@]2(O)C#N
18051756,CHEMBL4011663,CHEMBL428496,IC50,13600.0,nM,=,,,,4.87,,,,,CHEMBL4011581,2991657,CHEMBL6020,COC[C@H]1OC(=O)c2coc3c2[C@@]1(C)C1=C(C3=O)[C@@H]2CCC(=O)[C@@]2(C)C[C@H]1OC(C)=O
18051757,CHEMBL4011663,CHEMBL2218877,IC50,13000.0,nM,=,,,,4.89,,,,,CHEMBL4011581,2991656,CHEMBL6020,CCC(=O)O[C@H]1[C@H](O[C@@H]2[C@@H](C)[C@H](O[C@H]3C[C@@](C)(OC)[C@@H](O)[C@H](C)O3)[C@@H](C)C(=O)O[C@H](CC)[C@@](C)(O)[C@H](O)[C@@H](C)C(=O)[C@H](C)C[C@@]2(C)O)O[C@H](C)C[C@@H]1N(C)C.CCCCCCCCCCCCOS(=O)(=O)O
18051758,CHEMBL4011663,CHEMBL1292,IC50,12900.0,nM,=,,,,4.89,,,,,CHEMBL4011581,2991655,CHEMBL6020,CC(C)/N=c1\cc2n(-c3ccc(Cl)cc3)c3ccccc3nc-2cc1Nc1ccc(Cl)cc1
18051759,CHEMBL4011663,CHEMBL584,IC50,11800.0,nM,=,,,,4.93,,,,,CHEMBL4011581,2991654,CHEMBL6020,Cc1c(O)cccc1C(=O)N[C@@H](CSc1ccccc1)[C@H](O)CN1C[C@H]2CCCC[C@H]2C[C@H]1C(=O)NC(C)(C)C
18051760,CHEMBL4011663,CHEMBL939,IC50,10900.0,nM,=,,,,4.96,,,,,CHEMBL4011581,2991653,CHEMBL6020,COc1cc2ncnc(Nc3ccc(F)c(Cl)c3)c2cc1OCCCN1CCOCC1
18051761,CHEMBL4011663,CHEMBL4068768,IC50,10300.0,nM,=,,,,4.99,,,,,CHEMBL4011581,2991652,CHEMBL6020,Cc1ccc(Nc2nccc(N(C)c3ccc4c(C)n(C)nc4c3)n2)cc1S(C)(=O)=O
18051762,CHEMBL4011663,CHEMBL374975,IC50,10100.0,nM,=,,,,5.0,,,,,CHEMBL4011581,2991651,CHEMBL6020,CC(=O)O[C@H]1C[C@@]2(C)[C@@H](C[C@@H](O)[C@H]3[C@@]4(C)CC[C@@H](O)[C@@H](C)[C@@H]4CC[C@@]32C)/C1=C(\CCC=C(C)C)C(=O)O
18051763,CHEMBL4011663,CHEMBL772,IC50,8400.0,nM,=,,,,5.08,,,,,CHEMBL4011581,2991650,CHEMBL6020,COC(=O)[C@H]1[C@H]2C[C@@H]3c4[nH]c5cc(OC)ccc5c4CCN3C[C@H]2C[C@@H](OC(=O)c2cc(OC)c(OC)c(OC)c2)[C@@H]1OC
18051764,CHEMBL4011663,CHEMBL1336,IC50,8000.0,nM,=,,,,5.1,,,,,CHEMBL4011581,2991649,CHEMBL6020,CNC(=O)c1cc(Oc2ccc(NC(=O)Nc3ccc(Cl)c(C(F)(F)F)c3)cc2)ccn1
18051765,CHEMBL4011663,CHEMBL1484,IC50,7900.0,nM,=,,,,5.1,,,,,CHEMBL4011581,2991648,CHEMBL6020,COC(=O)C1=C(C)NC(C)=C(C(=O)OCCN(C)Cc2ccccc2)C1c1cccc([N+](=O)[O-])c1
18051766,CHEMBL4011663,CHEMBL554,IC50,6500.0,nM,=,,,,5.19,,,,,CHEMBL4011581,2991647,CHEMBL6020,CS(=O)(=O)CCNCc1ccc(-c2ccc3ncnc(Nc4ccc(OCc5cccc(F)c5)c(Cl)c4)c3c2)o1
18051767,CHEMBL4011663,CHEMBL623,IC50,6100.0,nM,=,,,,5.21,,,,,CHEMBL4011581,2991646,CHEMBL6020,CCc1nn(CCCN2CCN(c3cccc(Cl)c3)CC2)c(=O)n1CCOc1ccccc1
18051768,CHEMBL4011663,CHEMBL472,IC50,6100.0,nM,=,,,,5.21,,,,,CHEMBL4011581,2991645,CHEMBL6020,COc1ccc(Cl)cc1C(=O)NCCc1ccc(S(=O)(=O)NC(=O)NC2CCCCC2)cc1
18051769,CHEMBL4011663,CHEMBL408,IC50,5900.0,nM,=,,,,5.23,,,,,CHEMBL4011581,2991644,CHEMBL6020,Cc1c(C)c2c(c(C)c1O)CCC(C)(COc1ccc(CC3SC(=O)NC3=O)cc1)O2
18051770,CHEMBL4011663,CHEMBL114,IC50,4900.0,nM,=,,,,5.31,,,,,CHEMBL4011581,2991643,CHEMBL6020,CC(C)(C)NC(=O)[C@@H]1C[C@@H]2CCCC[C@@H]2CN1C[C@@H](O)[C@H](Cc1ccccc1)NC(=O)[C@H](CC(N)=O)NC(=O)c1ccc2ccccc2n1
18051771,CHEMBL4011663,CHEMBL121,IC50,4400.0,nM,=,,,,5.36,,,,,CHEMBL4011581,2991642,CHEMBL6020,CN(CCOc1ccc(CC2SC(=O)NC2=O)cc1)c1ccccn1
18051772,CHEMBL4011663,CHEMBL1136,IC50,4000.0,nM,=,,,,5.4,,,,,CHEMBL4011581,2991641,CHEMBL6020,CC[C@H]1OC(=O)[C@H](C)C(=O)[C@H](C)[C@@H](O[C@@H]2O[C@H](C)C[C@H](N(C)C)[C@H]2O)[C@](C)(OC)C[C@@H](C)C(=O)[C@H](C)[C@H]2N(CCCCn3cnc(-c4cccnc4)c3)C(=O)O[C@]12C
18051773,CHEMBL4011663,CHEMBL15177,IC50,3500.0,nM,=,,,,5.46,,,,,CHEMBL4011581,2991640,CHEMBL6020,CN(C)C(=O)CCSC(SCCC(=O)O)c1cccc(/C=C/c2ccc3ccc(Cl)cc3n2)c1
18051774,CHEMBL4011663,CHEMBL157101,IC50,3400.0,nM,=,,,,5.47,,,,,CHEMBL4011581,2991639,CHEMBL6020,CC(=O)N1CCN(c2ccc(OCC3COC(Cn4ccnc4)(c4ccc(Cl)cc4Cl)O3)cc2)CC1
18051775,CHEMBL4011663,CHEMBL163,IC50,2200.0,nM,=,,,,5.66,,,,,CHEMBL4011581,2991638,CHEMBL6020,CC(C)c1nc(CN(C)C(=O)N[C@H](C(=O)N[C@@H](Cc2ccccc2)C[C@H](O)[C@H](Cc2ccccc2)NC(=O)OCc2cncs2)C(C)C)cs1
18051776,CHEMBL4011663,CHEMBL223643,IC50,1600.0,nM,=,,,,5.8,,,,,CHEMBL4011581,2991637,CHEMBL6020,CC(C)[C@@H]1NC(=O)[C@H](C)OC(=O)[C@@H](C(C)C)NC(=O)[C@@H](C(C)C)OC(=O)[C@H](C(C)C)NC(=O)[C@H](C)OC(=O)[C@@H](C(C)C)NC(=O)[C@@H](C(C)C)OC(=O)[C@H](C(C)C)NC(=O)[C@H](C)OC(=O)[C@@H](C(C)C)NC(=O)[C@@H](C(C)C)OC1=O
18051777,CHEMBL4011663,CHEMBL160,IC50,900.0,nM,=,,,,6.05,,,,,CHEMBL4011581,2991636,CHEMBL6020,C/C=C/C[C@@H](C)[C@@H](O)[C@H]1C(=O)N[C@@H](CC)C(=O)N(C)CC(=O)N(C)[C@@H](CC(C)C)C(=O)N[C@@H](C(C)C)C(=O)N(C)[C@@H](CC(C)C)C(=O)N[C@@H](C)C(=O)N[C@H](C)C(=O)N(C)[C@@H](CC(C)C)C(=O)N(C)[C@@H](CC(C)C)C(=O)N(C)[C@@H](C(C)C)C(=O)N1C
18051778,CHEMBL4011663,CHEMBL595,IC50,400.0,nM,=,,,,6.4,,,,,CHEMBL4011581,2991635,CHEMBL6020,CCc1ccc(CCOc2ccc(CC3SC(=O)NC3=O)cc2)nc1
18051779,CHEMBL4011663,CHEMBL1324,IC50,34500.0,nM,=,,,,4.46,,,,,CHEMBL4011581,2991677,CHEMBL6020,Cc1ccc(C(=O)c2cc(O)c(O)c([N+](=O)[O-])c2)cc1
18051780,CHEMBL4011663,CHEMBL255044,IC50,35500.0,nM,=,,,,4.45,,,,,CHEMBL4011581,2991678,CHEMBL6020,CCOC(=O)Nc1ccc(NCc2ccc(F)cc2)nc1N
18051781,CHEMBL4011663,CHEMBL2220442,IC50,36100.0,nM,=,,,,4.44,,,,,CHEMBL4011581,2991679,CHEMBL6020,CC(C)n1c(/C=C/C(O)CC(O)CC(=O)O)c(-c2ccc(F)cc2)c2ccccc21
18051782,CHEMBL4011663,CHEMBL551978,IC50,37000.0,nM,=,,,,4.43,,,,,CHEMBL4011581,2991680,CHEMBL6020,CCOc1ccc(/C=C2\NCCc3cc(OCC)c(OCC)cc32)cc1OCC
18051783,CHEMBL4011663,CHEMBL7002,IC50,37800.0,nM,=,,,,4.42,,,,,CHEMBL4011581,2991681,CHEMBL6020,CC1(COc2ccc(CC3SC(=O)NC3=O)cc2)CCCCC1
18051784,CHEMBL4011663,CHEMBL655,IC50,41700.0,nM,=,,,,4.38,,,,,CHEMBL4011581,2991682,CHEMBL6020,Cc1ncc2n1-c1ccc(Cl)cc1C(c1ccccc1F)=NC2
18051785,CHEMBL4011663,CHEMBL6,IC50,42000.0,nM,=,,,,4.38,,,,,CHEMBL4011581,2991683,CHEMBL6020,COc1ccc2c(c1)c(CC(=O)O)c(C)n2C(=O)c1ccc(Cl)cc1
18051786,CHEMBL4011663,CHEMBL475534,IC50,25000.0,nM,=,,,,4.6,,,,,CHEMBL4011581,2991684,CHEMBL6020,CCOC(=O)C1=C(C)NC(C)=C(C(=O)OC)C1c1cccc([N+](=O)[O-])c1
18051787,CHEMBL4011663,CHEMBL633,IC50,25000.0,nM,=,,,,4.6,,,,,CHEMBL4011581,2991685,CHEMBL6020,CCCCc1oc2ccccc2c1C(=O)c1cc(I)c(OCCN(CC)CC)c(I)c1
18051788,CHEMBL4011663,CHEMBL45816,IC50,25000.0,nM,=,,,,4.6,,,,,CHEMBL4011581,2991686,CHEMBL6020,COCC(=O)O[C@]1(CCN(C)CCCc2nc3ccccc3[nH]2)CCc2cc(F)ccc2[C@@H]1C(C)C
18051789,CHEMBL4011663,CHEMBL451,IC50,25000.0,nM,=,,,,4.6,,,,,CHEMBL4011581,2991687,CHEMBL6020,CNC1=Nc2ccc(Cl)cc2C(c2ccccc2)=[N+]([O-])C1
18051790,CHEMBL4011663,CHEMBL116,IC50,25000.0,nM,=,,,,4.6,,,,,CHEMBL4011581,2991688,CHEMBL6020,CC(C)CN(C[C@@H](O)[C@H](Cc1ccccc1)NC(=O)O[C@H]1CCOC1)S(=O)(=O)c1ccc(N)cc1
18051791,CHEMBL4011663,CHEMBL416146,IC50,45000.0,nM,=,,,,4.35,,,,,CHEMBL4011581,2991689,CHEMBL6020,Cc1ccc(-c2ncc(Cl)cc2-c2ccc(S(C)(=O)=O)cc2)cn1
18051792,CHEMBL4011663,CHEMBL1162,IC50,45000.0,nM,=,,,,4.35,,,,,CHEMBL4011581,2991690,CHEMBL6020,C#C[C@]1(O)CC[C@H]2[C@@H]3CCC4=CC(=O)CC[C@@H]4[C@H]3CC[C@@]21C
18051793,CHEMBL4011663,CHEMBL893,IC50,45000.0,nM,=,,,,4.35,,,,,CHEMBL4011581,2991691,CHEMBL6020,Cc1onc(-c2c(Cl)cccc2Cl)c1C(=O)N[C@@H]1C(=O)N2[C@@H]1SC(C)(C)[C@@H]2C(=O)O
18051794,CHEMBL4011663,CHEMBL211501,IC50,45000.0,nM,=,,,,4.35,,,,,CHEMBL4011581,2991692,CHEMBL6020,CCCCCC[C@H]1C(=O)O[C@H](C)[C@H](NC(=O)c2cccc(NC=O)c2O)C(=O)O[C@@H](C)[C@@H]1OC(=O)CC(C)C
18051795,CHEMBL4011663,CHEMBL1381098,IC50,60000.0,nM,=,,,,4.22,,,,,CHEMBL4011581,2991693,CHEMBL6020,S=C=Nc1cccc2ccccc12
18051796,CHEMBL4011663,CHEMBL565,IC50,60000.0,nM,=,,,,4.22,,,,,CHEMBL4011581,2991694,CHEMBL6020,CCOC(=O)C(C)(C)Oc1ccc(Cl)cc1
18051797,CHEMBL4011663,CHEMBL1503,IC50,75000.0,nM,=,,,,4.12,,,,,CHEMBL4011581,2991695,CHEMBL6020,COc1ccc2[nH]c([S+]([O-])Cc3ncc(C)c(OC)c3C)nc2c1
18051798,CHEMBL4011663,CHEMBL295416,IC50,75000.0,nM,=,,,,4.12,,,,,CHEMBL4011581,2991696,CHEMBL6020,Cc1cccc(Nc2cc(Cl)nc(SCC(=O)O)n2)c1C
18051953,CHEMBL4011664,CHEMBL806,IC50,50000.0,nM,=,,,,4.3,,,,,CHEMBL4011581,2991752,CHEMBL6020,CC(C)C(=O)Nc1ccc([N+](=O)[O-])c(C(F)(F)F)c1
18051956,CHEMBL4011667,CHEMBL806,IC50,75000.0,nM,=,,,,4.12,,,,,CHEMBL4011581,2991752,CHEMBL6020,CC(C)C(=O)Nc1ccc([N+](=O)[O-])c(C(F)(F)F)c1
18051958,CHEMBL4011669,CHEMBL160,IC50,400.0,nM,=,,,,6.4,,,,,CHEMBL4011582,2991852,CHEMBL6020,C/C=C/C[C@@H](C)[C@@H](O)[C@H]1C(=O)N[C@@H](CC)C(=O)N(C)CC(=O)N(C)[C@@H](CC(C)C)C(=O)N[C@@H](C(C)C)C(=O)N(C)[C@@H](CC(C)C)C(=O)N[C@@H](C)C(=O)N[C@H](C)C(=O)N(C)[C@@H](CC(C)C)C(=O)N(C)[C@@H](CC(C)C)C(=O)N(C)[C@@H](C(C)C)C(=O)N1C
18051959,CHEMBL4011669,CHEMBL472,IC50,1500.0,nM,=,,,,5.82,,,,,CHEMBL4011582,2991851,CHEMBL6020,COc1ccc(Cl)cc1C(=O)NCCc1ccc(S(=O)(=O)NC(=O)NC2CCCCC2)cc1
18051960,CHEMBL4011669,CHEMBL437765,IC50,9500.0,nM,=,,,,5.02,,,,,CHEMBL4011582,2991854,CHEMBL6020,CO[C@H]1/C=C/O[C@@]2(C)Oc3c(C)c(O)c4c(O)c(cc(O)c4c3C2=O)NC(=O)/C(C)=C\C=C\[C@H](C)[C@H](O)[C@@H](C)[C@@H](O)[C@@H](C)[C@H](OC(C)=O)[C@@H]1C
18051961,CHEMBL4011669,CHEMBL623,IC50,7000.0,nM,=,,,,5.16,,,,,CHEMBL4011582,2991856,CHEMBL6020,CCc1nn(CCCN2CCN(c3cccc(Cl)c3)CC2)c(=O)n1CCOc1ccccc1
18051962,CHEMBL4011669,CHEMBL621,IC50,90000.0,nM,=,,,,4.05,,,,,CHEMBL4011582,2991857,CHEMBL6020,O=c1n(CCCN2CCN(c3cccc(Cl)c3)CC2)nc2ccccn12
18051965,CHEMBL4011669,CHEMBL1586,IC50,10300.0,nM,=,,,,4.99,,,,,CHEMBL4011582,2991861,CHEMBL6020,C[C@H]1C[C@H]2[C@@H]3CCC4=CC(=O)C=C[C@]4(C)[C@@]3(Cl)[C@@H](O)C[C@]2(C)[C@@]1(O)C(=O)CO
18051968,CHEMBL4011669,CHEMBL808,IC50,13400.0,nM,=,,,,4.87,,,,,CHEMBL4011582,2991865,CHEMBL6020,Clc1ccc(COC(Cn2ccnc2)c2ccc(Cl)cc2Cl)cc1
18051970,CHEMBL4011669,CHEMBL841,IC50,67000.0,nM,=,,,,4.17,,,,,CHEMBL4011582,2991870,CHEMBL6020,CN(C)C(=O)C(CCN1CCC(O)(c2ccc(Cl)cc2)CC1)(c1ccccc1)c1ccccc1
18051971,CHEMBL4011669,CHEMBL1201404,IC50,9300.0,nM,=,,,,5.03,,,,,CHEMBL4011582,2991872,CHEMBL6020,C[C@@H]1C[C@H]2[C@@H]3CCC4=CC(=O)C=C[C@]4(C)[C@@]3(Cl)[C@@H](O)C[C@]2(C)[C@@]1(O)C(=O)CCl
18051972,CHEMBL4011669,CHEMBL1428,IC50,10100.0,nM,=,,,,5.0,,,,,CHEMBL4011582,2991873,CHEMBL6020,COCCOC(=O)C1=C(C)NC(C)=C(C(=O)OC(C)C)C1c1cccc([N+](=O)[O-])c1
18051974,CHEMBL4011669,CHEMBL832,IC50,11000.0,nM,=,,,,4.96,,,,,CHEMBL4011582,2991878,CHEMBL6020,O=C1C(CC[S+]([O-])c2ccccc2)C(=O)N(c2ccccc2)N1c1ccccc1
18051975,CHEMBL4011669,CHEMBL240597,IC50,10600.0,nM,=,,,,4.97,,,,,CHEMBL4011582,2991881,CHEMBL6020,C[C@H](CCC(=O)O)[C@H]1CC[C@H]2[C@@H]3[C@H](O)C[C@@H]4C[C@H](O)CC[C@]4(C)[C@H]3CC[C@]12C
18051976,CHEMBL4011669,CHEMBL1200624,IC50,62000.0,nM,=,,,,4.21,,,,,CHEMBL4011582,2991884,CHEMBL6020,C#C[C@]1(OC(C)=O)CC[C@H]2[C@@H]3CCC4=C[C@@H](OC(C)=O)CC[C@@H]4[C@H]3CC[C@@]21C
18051977,CHEMBL4011669,CHEMBL672,IC50,41000.0,nM,=,,,,4.39,,,,,CHEMBL4011582,2991885,CHEMBL6020,CC(C)OC(=O)C(C)(C)Oc1ccc(C(=O)c2ccc(Cl)cc2)cc1
18051978,CHEMBL4011669,CHEMBL1481,IC50,34000.0,nM,=,,,,4.47,,,,,CHEMBL4011582,2991889,CHEMBL6020,CCC1=C(C)CN(C(=O)NCCc2ccc(S(=O)(=O)NC(=O)N[C@H]3CC[C@H](C)CC3)cc2)C1=O
18051979,CHEMBL4011669,CHEMBL193,IC50,69000.0,nM,=,,,,4.16,,,,,CHEMBL4011582,2991895,CHEMBL6020,COC(=O)C1=C(C)NC(C)=C(C(=O)OC)C1c1ccccc1[N+](=O)[O-]
18051980,CHEMBL4011669,CHEMBL114,IC50,2900.0,nM,=,,,,5.54,,,,,CHEMBL4011582,2991899,CHEMBL6020,CC(C)(C)NC(=O)[C@@H]1C[C@@H]2CCCC[C@@H]2CN1C[C@@H](O)[C@H](Cc1ccccc1)NC(=O)[C@H](CC(N)=O)NC(=O)c1ccc2ccccc2n1
18051981,CHEMBL4011669,CHEMBL388590,IC50,15900.0,nM,=,,,,4.8,,,,,CHEMBL4011582,2991904,CHEMBL6020,CCc1oc2ccccc2c1C(=O)c1cc(Br)c(O)c(Br)c1
18051982,CHEMBL4011669,CHEMBL409,IC50,29300.0,nM,=,,,,4.53,,,,,CHEMBL4011582,2991905,CHEMBL6020,CC(O)(CS(=O)(=O)c1ccc(F)cc1)C(=O)Nc1ccc(C#N)c(C(F)(F)F)c1
18051983,CHEMBL4011669,CHEMBL957,IC50,29000.0,nM,=,,,,4.54,,,,,CHEMBL4011582,2991906,CHEMBL6020,COc1ccccc1Oc1c(NS(=O)(=O)c2ccc(C(C)(C)C)cc2)nc(-c2ncccn2)nc1OCCO
18051984,CHEMBL4011669,CHEMBL139,IC50,44000.0,nM,=,,,,4.36,,,,,CHEMBL4011582,2991908,CHEMBL6020,O=C(O)Cc1ccccc1Nc1c(Cl)cccc1Cl
18051985,CHEMBL4011669,CHEMBL806,IC50,68000.0,nM,=,,,,4.17,,,,,CHEMBL4011582,2991910,CHEMBL6020,CC(C)C(=O)Nc1ccc([N+](=O)[O-])c(C(F)(F)F)c1
18051986,CHEMBL4011669,CHEMBL686,IC50,57000.0,nM,=,,,,4.24,,,,,CHEMBL4011582,2991914,CHEMBL6020,Cc1cccc(Nc2ccccc2C(=O)O)c1C
18051987,CHEMBL4011669,CHEMBL374478,IC50,18700.0,nM,=,,,,4.73,,,,,CHEMBL4011582,2991917,CHEMBL6020,CO[C@H]1/C=C/O[C@@]2(C)Oc3c(C)c(O)c4c(O)c(c(/C=N/N5CCN(C)CC5)c(O)c4c3C2=O)NC(=O)/C(C)=C\C=C\[C@H](C)[C@H](O)[C@@H](C)[C@@H](O)[C@@H](C)[C@H](OC(C)=O)[C@@H]1C
18051988,CHEMBL4011669,CHEMBL1136,IC50,30000.0,nM,=,,,,4.52,,,,,CHEMBL4011582,2991921,CHEMBL6020,CC[C@H]1OC(=O)[C@H](C)C(=O)[C@H](C)[C@@H](O[C@@H]2O[C@H](C)C[C@H](N(C)C)[C@H]2O)[C@](C)(OC)C[C@@H](C)C(=O)[C@H](C)[C@H]2N(CCCCn3cnc(-c4cccnc4)c3)C(=O)O[C@]12C
18051991,CHEMBL4011670,CHEMBL1544,IC50,11270.0,nM,=,,,,4.95,,,,,CHEMBL4011582,2991869,CHEMBL6020,N[C@@H](Cc1cc(I)c(Oc2ccc(O)c(I)c2)c(I)c1)C(=O)O
18051997,CHEMBL4011671,CHEMBL1159650,IC50,8500.0,nM,=,,,,5.07,,,,,CHEMBL4011582,2991863,CHEMBL6020,CCC(=O)O[C@]1(C(=O)CCl)[C@@H](C)C[C@H]2[C@@H]3CCC4=CC(=O)C=C[C@]4(C)[C@@]3(F)[C@@H](O)C[C@@]21C
18052000,CHEMBL4011671,CHEMBL54349,IC50,9200.0,nM,=,,,,5.04,,,,,CHEMBL4011582,2991903,CHEMBL6020,CCCN(CCC)C(=O)Cc1c(-c2ccc(Cl)cc2)nc2ccc(Cl)cn12
18052001,CHEMBL4011672,CHEMBL157101,IC50,3400.0,nM,=,,,,5.47,,,,,CHEMBL4011582,2991853,CHEMBL6020,CC(=O)N1CCN(c2ccc(OCC3COC(Cn4ccnc4)(c4ccc(Cl)cc4Cl)O3)cc2)CC1
18052002,CHEMBL4011672,CHEMBL710,IC50,28200.0,nM,=,,,,4.55,,,,,CHEMBL4011582,2991866,CHEMBL6020,CC(C)(C)NC(=O)[C@H]1CC[C@H]2[C@@H]3CC[C@H]4NC(=O)C=C[C@]4(C)[C@H]3CC[C@]12C
18052003,CHEMBL4011672,CHEMBL655,IC50,41700.0,nM,=,,,,4.38,,,,,CHEMBL4011582,2991871,CHEMBL6020,Cc1ncc2n1-c1ccc(Cl)cc1C(c1ccccc1F)=NC2
18052004,CHEMBL4011672,CHEMBL1231,IC50,27400.0,nM,=,,,,4.56,,,,,CHEMBL4011582,2991874,CHEMBL6020,CCN(CC)CC#CCOC(=O)C(O)(c1ccccc1)C1CCCCC1
18052005,CHEMBL4011672,CHEMBL1292,IC50,12900.0,nM,=,,,,4.89,,,,,CHEMBL4011582,2991882,CHEMBL6020,CC(C)/N=c1\cc2n(-c3ccc(Cl)cc3)c3ccccc3nc-2cc1Nc1ccc(Cl)cc1
18052006,CHEMBL4011672,CHEMBL2220442,IC50,36100.0,nM,=,,,,4.44,,,,,CHEMBL4011582,2991886,CHEMBL6020,CC(C)n1c(/C=C/C(O)CC(O)CC(=O)O)c(-c2ccc(F)cc2)c2ccccc21
18052007,CHEMBL4011672,CHEMBL939,IC50,10900.0,nM,=,,,,4.96,,,,,CHEMBL4011582,2991888,CHEMBL6020,COc1cc2ncnc(Nc3ccc(F)c(Cl)c3)c2cc1OCCCN1CCOCC1
18052008,CHEMBL4011672,CHEMBL1484,IC50,7900.0,nM,=,,,,5.1,,,,,CHEMBL4011582,2991894,CHEMBL6020,COC(=O)C1=C(C)NC(C)=C(C(=O)OCCN(C)Cc2ccccc2)C1c1cccc([N+](=O)[O-])c1
18052009,CHEMBL4011672,CHEMBL595,IC50,400.0,nM,=,,,,6.4,,,,,CHEMBL4011582,2991897,CHEMBL6020,CCc1ccc(CCOc2ccc(CC3SC(=O)NC3=O)cc2)nc1
18052010,CHEMBL4011672,CHEMBL444633,IC50,26700.0,nM,=,,,,4.57,,,,,CHEMBL4011582,2991898,CHEMBL6020,CO[C@H]1/C=C/O[C@@]2(C)Oc3c(C)c(O)c4c(c3C2=O)C2=NC3(CCN(CC(C)C)CC3)NC2=C(NC(=O)/C(C)=C\C=C\[C@H](C)[C@H](O)[C@@H](C)[C@@H](O)[C@@H](C)[C@H](OC(C)=O)[C@@H]1C)C4=O
18052011,CHEMBL4011672,CHEMBL1064,IC50,24700.0,nM,=,,,,4.61,,,,,CHEMBL4011582,2991900,CHEMBL6020,CCC(C)(C)C(=O)O[C@H]1C[C@@H](C)C=C2C=C[C@H](C)[C@H](CC[C@@H]3C[C@@H](O)CC(=O)O3)[C@H]21
18052012,CHEMBL4011672,CHEMBL1017,IC50,16200.0,nM,=,,,,4.79,,,,,CHEMBL4011582,2991901,CHEMBL6020,CCCc1nc2c(C)cc(-c3nc4ccccc4n3C)cc2n1Cc1ccc(-c2ccccc2C(=O)O)cc1
18052013,CHEMBL4011672,CHEMBL2218877,IC50,13000.0,nM,=,,,,4.89,,,,,CHEMBL4011582,2991909,CHEMBL6020,CCC(=O)O[C@H]1[C@H](O[C@@H]2[C@@H](C)[C@H](O[C@H]3C[C@@](C)(OC)[C@@H](O)[C@H](C)O3)[C@@H](C)C(=O)O[C@H](CC)[C@@](C)(O)[C@H](O)[C@@H](C)C(=O)[C@H](C)C[C@@]2(C)O)O[C@H](C)C[C@@H]1N(C)C.CCCCCCCCCCCCOS(=O)(=O)O
18052014,CHEMBL4011672,CHEMBL941,IC50,25100.0,nM,=,,,,4.6,,,,,CHEMBL4011582,2991911,CHEMBL6020,Cc1ccc(NC(=O)c2ccc(CN3CCN(C)CC3)cc2)cc1Nc1nccc(-c2cccnc2)n1
18052015,CHEMBL4011672,CHEMBL5483011,IC50,21200.0,nM,=,,,,4.67,,,,,CHEMBL4011582,2991912,CHEMBL6020,CC(C)(C)NC(=O)[C@@H]1CN(Cc2cccnc2)CCN1C[C@@H](O)C[C@@H](Cc1ccccc1)C(=O)N[C@H]1c2ccccc2C[C@H]1O.O
18052016,CHEMBL4011672,CHEMBL554,IC50,6500.0,nM,=,,,,5.19,,,,,CHEMBL4011582,2991913,CHEMBL6020,CS(=O)(=O)CCNCc1ccc(-c2ccc3ncnc(Nc4ccc(OCc5cccc(F)c5)c(Cl)c4)c3c2)o1
18052017,CHEMBL4011672,CHEMBL428647,IC50,15000.0,nM,=,,,,4.82,,,,,CHEMBL4011582,2991915,CHEMBL6020,CC(=O)O[C@H]1C(=O)[C@@]2(C)[C@H]([C@H](OC(=O)c3ccccc3)[C@]3(O)C[C@H](OC(=O)[C@H](O)[C@@H](NC(=O)c4ccccc4)c4ccccc4)C(C)=C1C3(C)C)[C@]1(OC(C)=O)CO[C@@H]1C[C@@H]2O
18052018,CHEMBL4011672,CHEMBL163,IC50,2200.0,nM,=,,,,5.66,,,,,CHEMBL4011582,2991918,CHEMBL6020,CC(C)c1nc(CN(C)C(=O)N[C@H](C(=O)N[C@@H](Cc2ccccc2)C[C@H](O)[C@H](Cc2ccccc2)NC(=O)OCc2cncs2)C(C)C)cs1
18052019,CHEMBL4011672,CHEMBL121,IC50,3750.0,nM,=,,,,5.43,,,,,CHEMBL4011582,2991919,CHEMBL6020,CN(CCOc1ccc(CC2SC(=O)NC2=O)cc1)c1ccccn1
18052020,CHEMBL4011672,CHEMBL1336,IC50,8000.0,nM,=,,,,5.1,,,,,CHEMBL4011582,2991920,CHEMBL6020,CNC(=O)c1cc(Oc2ccc(NC(=O)Nc3ccc(Cl)c(C(F)(F)F)c3)cc2)ccn1
18052021,CHEMBL4011672,CHEMBL408,IC50,5900.0,nM,=,,,,5.23,,,,,CHEMBL4011582,2991922,CHEMBL6020,Cc1c(C)c2c(c(C)c1O)CCC(C)(COc1ccc(CC3SC(=O)NC3=O)cc1)O2
18052022,CHEMBL4011673,CHEMBL547,IC50,37100.0,nM,=,,,,4.43,,,,,CHEMBL4011582,2991879,CHEMBL6020,CC1=C(/C=C/C(C)=C/C=C/C(C)=C\C(=O)O)C(C)(C)CCC1
18052023,CHEMBL4011673,CHEMBL116,IC50,44800.0,nM,=,,,,4.35,,,,,CHEMBL4011582,2991880,CHEMBL6020,CC(C)CN(C[C@@H](O)[C@H](Cc1ccccc1)NC(=O)O[C@H]1CCOC1)S(=O)(=O)c1ccc(N)cc1
18052024,CHEMBL4011673,CHEMBL1513,IC50,7310.0,nM,=,,,,5.14,,,,,CHEMBL4011582,2991890,CHEMBL6020,CCCCC1=NC2(CCCC2)C(=O)N1Cc1ccc(-c2ccccc2-c2nnn[nH]2)cc1
18052025,CHEMBL4011673,CHEMBL191,IC50,8530.0,nM,=,,,,5.07,,,,,CHEMBL4011582,2991891,CHEMBL6020,CCCCc1nc(Cl)c(CO)n1Cc1ccc(-c2ccccc2-c2nnn[nH]2)cc1
18052026,CHEMBL4011673,CHEMBL503,IC50,19300.0,nM,=,,,,4.71,,,,,CHEMBL4011582,2991892,CHEMBL6020,CC[C@H](C)C(=O)O[C@H]1C[C@@H](C)C=C2C=C[C@H](C)[C@H](CC[C@@H]3C[C@@H](O)CC(=O)O3)[C@H]21
18052027,CHEMBL4011673,CHEMBL584,IC50,11800.0,nM,=,,,,4.93,,,,,CHEMBL4011582,2991893,CHEMBL6020,Cc1c(O)cccc1C(=O)N[C@@H](CSc1ccccc1)[C@H](O)CN1C[C@H]2CCCC[C@H]2C[C@H]1C(=O)NC(C)(C)C
18052028,CHEMBL4011673,CHEMBL1726,IC50,33000.0,nM,=,,,,4.48,,,,,CHEMBL4011582,2991896,CHEMBL6020,COC(=O)C1=C(C)NC(C)=C(C(=O)OCC(C)C)C1c1ccccc1[N+](=O)[O-]
18052029,CHEMBL4011673,CHEMBL1479,IC50,18700.0,nM,=,,,,4.73,,,,,CHEMBL4011582,2991907,CHEMBL6020,C#C[C@]1(O)CC[C@H]2[C@@H]3CCC4=Cc5oncc5C[C@]4(C)[C@H]3CC[C@@]21C
18052030,CHEMBL4011673,CHEMBL603,IC50,11100.0,nM,=,,,,4.96,,,,,CHEMBL4011582,2991923,CHEMBL6020,COc1cc(C(=O)NS(=O)(=O)c2ccccc2C)ccc1Cc1cn(C)c2ccc(NC(=O)OC3CCCC3)cc12
18052176,CHEMBL4011677,CHEMBL2051959,IC50,11800.0,nM,=,,,,4.93,,,,,CHEMBL4011582,2991924,CHEMBL6020,CCOC(=O)[C@@]1(CCCCCCOc2ccc(Cl)cc2)CO1
18080599,CHEMBL4017550,CHEMBL715,IC50,54570.0,nM,=,,,,4.26,,,,,CHEMBL4017441,2997522,CHEMBL6020,Cc1cc2c(s1)Nc1ccccc1N=C2N1CCN(C)CC1
18080602,CHEMBL4017550,CHEMBL193,IC50,18650.0,nM,=,,,,4.73,,,,,CHEMBL4017441,2997518,CHEMBL6020,COC(=O)C1=C(C)NC(C)=C(C(=O)OC)C1c1ccccc1[N+](=O)[O-]
18080617,CHEMBL4017550,CHEMBL6437,IC50,46820.0,nM,=,,,,4.33,,,,,CHEMBL4017441,2997503,CHEMBL6020,CN1CCN2c3ccccc3Cc3ccccc3C2C1
18080632,CHEMBL4017550,CHEMBL65717,IC50,35870.0,nM,=,,,,4.45,,,,,CHEMBL4017441,2997488,CHEMBL6020,Cc1cc2c(OCC(O)CNC(C)C)cccc2[nH]1
18080637,CHEMBL4017550,CHEMBL852,IC50,93750.0,nM,=,,,,4.03,,,,,CHEMBL4017441,2997483,CHEMBL6020,N[C@@H](Cc1ccc(N(CCCl)CCCl)cc1)C(=O)O
18080639,CHEMBL4017550,CHEMBL509,IC50,27240.0,nM,=,,,,4.57,,,,,CHEMBL4017441,2997481,CHEMBL6020,Cc1ccc(Cl)c(Nc2ccccc2C(=O)O)c1Cl
18080642,CHEMBL4017550,CHEMBL36648,IC50,14390.0,nM,=,,,,4.84,,,,,CHEMBL4017441,2997478,CHEMBL6020,COc1c(OC)c(OC(C)=O)c2cc(Cl)ccc2c1OC(C)=O
18080656,CHEMBL4017550,CHEMBL157101,IC50,4100.0,nM,=,,,,5.39,,,,,CHEMBL4017441,2997464,CHEMBL6020,CC(=O)N1CCN(c2ccc(OCC3COC(Cn4ccnc4)(c4ccc(Cl)cc4Cl)O3)cc2)CC1
18080662,CHEMBL4017550,CHEMBL8412,IC50,31170.0,nM,=,,,,4.51,,,,,CHEMBL4017441,2997458,CHEMBL6020,O=C1c2ccccc2S(=O)(=O)N1CCCCN1CCN(c2ncccn2)CC1
18080666,CHEMBL4017550,CHEMBL6,IC50,49320.0,nM,=,,,,4.31,,,,,CHEMBL4017441,2997454,CHEMBL6020,COc1ccc2c(c1)c(CC(=O)O)c(C)n2C(=O)c1ccc(Cl)cc1
18080669,CHEMBL4017550,CHEMBL347695,IC50,61650.0,nM,=,,,,4.21,,,,,CHEMBL4017441,2997451,CHEMBL6020,CCn1ccnc1CC1COc2ccccc2O1
18080672,CHEMBL4017550,CHEMBL896,IC50,72910.0,nM,=,,,,4.14,,,,,CHEMBL4017441,2997448,CHEMBL6020,OCCOCCN1CCN(C(c2ccccc2)c2ccc(Cl)cc2)CC1
18080675,CHEMBL4017550,CHEMBL22077,IC50,29800.0,nM,=,,,,4.53,,,,,CHEMBL4017441,2997445,CHEMBL6020,CCN(CC)CCNc1ccc(CO)c2sc3ccccc3c(=O)c12
18080680,CHEMBL4017550,CHEMBL54,IC50,22760.0,nM,=,,,,4.64,,,,,CHEMBL4017441,2997440,CHEMBL6020,O=C(CCCN1CCC(O)(c2ccc(Cl)cc2)CC1)c1ccc(F)cc1
18080697,CHEMBL4017550,CHEMBL806,IC50,60780.0,nM,=,,,,4.22,,,,,CHEMBL4017441,2997423,CHEMBL6020,CC(C)C(=O)Nc1ccc([N+](=O)[O-])c(C(F)(F)F)c1
18080699,CHEMBL4017550,CHEMBL726,IC50,25820.0,nM,=,,,,4.59,,,,,CHEMBL4017441,2997421,CHEMBL6020,OCCN1CCN(CCCN2c3ccccc3Sc3ccc(C(F)(F)F)cc32)CC1
18080703,CHEMBL4017550,CHEMBL1201392,IC50,68460.0,nM,=,,,,4.17,,,,,CHEMBL4017441,2997417,CHEMBL6020,C[C@@H]1C[C@H]2[C@@H]3C[C@H](F)C4=CC(=O)C=C[C@]4(C)[C@@]3(F)[C@@H](O)C[C@]2(C)[C@@]1(O)C(=O)CO
18080705,CHEMBL4017550,CHEMBL1201012,IC50,71190.0,nM,=,,,,4.15,,,,,CHEMBL4017441,2997415,CHEMBL6020,CC1(C)O[C@@H]2C[C@H]3[C@@H]4C[C@H](F)C5=CC(=O)CC[C@]5(C)[C@H]4[C@@H](O)C[C@]3(C)[C@]2(C(=O)CO)O1
18080714,CHEMBL4017550,CHEMBL681,IC50,61610.0,nM,=,,,,4.21,,,,,CHEMBL4017441,2997406,CHEMBL6020,CCOC(=O)c1cncn1[C@H](C)c1ccccc1
18080721,CHEMBL4017550,CHEMBL94007,IC50,43480.0,nM,=,,,,4.36,,,,,CHEMBL4017441,2997399,CHEMBL6020,CCOc1ccc2nc3cc(N)ccc3c(N)c2c1
18080739,CHEMBL4017550,CHEMBL961,IC50,69260.0,nM,=,,,,4.16,,,,,CHEMBL4017441,2997381,CHEMBL6020,CCN(CC)C(=S)S
18080743,CHEMBL4017550,CHEMBL127643,IC50,68680.0,nM,=,,,,4.16,,,,,CHEMBL4017441,2997377,CHEMBL6020,CCCCc1cc2ccccc2c(OCCN(C)C)n1
18080751,CHEMBL4017550,CHEMBL1123,IC50,40040.0,nM,=,,,,4.4,,,,,CHEMBL4017441,2997369,CHEMBL6020,CCN(CC)CCOC(=O)C1(C2CCCCC2)CCCCC1
18080752,CHEMBL4017550,CHEMBL1466,IC50,39930.0,nM,=,,,,4.4,,,,,CHEMBL4017441,2997368,CHEMBL6020,O=c1oc2ccccc2c(O)c1Cc1c(O)c2ccccc2oc1=O
18080753,CHEMBL4017550,CHEMBL139,IC50,64970.0,nM,=,,,,4.19,,,,,CHEMBL4017441,2997367,CHEMBL6020,O=C(O)Cc1ccccc1Nc1c(Cl)cccc1Cl
18080760,CHEMBL4017550,CHEMBL28636,IC50,20180.0,nM,=,,,,4.7,,,,,CHEMBL4017441,2997360,CHEMBL6020,COc1ccc(-c2cc(C(F)F)nn2-c2ccc(S(N)(=O)=O)cc2)cc1F
18080769,CHEMBL4017550,CHEMBL891,IC50,41570.0,nM,=,,,,4.38,,,,,CHEMBL4017441,2997343,CHEMBL6020,Cc1onc(-c2ccccc2Cl)c1C(=O)N[C@@H]1C(=O)N2[C@@H]1SC(C)(C)[C@@H]2C(=O)O
18080776,CHEMBL4017550,CHEMBL1480987,IC50,15030.0,nM,=,,,,4.82,,,,,CHEMBL4017441,2997351,CHEMBL6020,CC1CC(OC(=O)C(O)c2ccccc2)CC(C)(C)C1
18080781,CHEMBL4017550,CHEMBL1069,IC50,31070.0,nM,=,,,,4.51,,,,,CHEMBL4017441,2997346,CHEMBL6020,CCCCC(=O)N(Cc1ccc(-c2ccccc2-c2nnn[nH]2)cc1)[C@H](C(=O)O)C(C)C
18080782,CHEMBL4017550,CHEMBL42,IC50,75140.0,nM,=,,,,4.12,,,,,CHEMBL4017441,2997345,CHEMBL6020,CN1CCN(C2=Nc3cc(Cl)ccc3Nc3ccccc32)CC1
18080783,CHEMBL4017550,CHEMBL1086,IC50,41650.0,nM,=,,,,4.38,,,,,CHEMBL4017441,2997337,CHEMBL6020,CCCCOc1cc(C(=O)NCCN(CC)CC)c2ccccc2n1
18080784,CHEMBL4017550,CHEMBL908,IC50,27470.0,nM,=,,,,4.56,,,,,CHEMBL4017441,2997336,CHEMBL6020,CN(C)CC/C=C1/c2ccccc2Sc2ccc(Cl)cc21
18080786,CHEMBL4017550,CHEMBL71,IC50,90970.0,nM,=,,,,4.04,,,,,CHEMBL4017441,2997334,CHEMBL6020,CN(C)CCCN1c2ccccc2Sc2ccc(Cl)cc21
18080788,CHEMBL4017550,CHEMBL415,IC50,37400.0,nM,=,,,,4.43,,,,,CHEMBL4017441,2997332,CHEMBL6020,CN(C)CCCN1c2ccccc2CCc2ccc(Cl)cc21
18080800,CHEMBL4017550,CHEMBL49,IC50,59630.0,nM,=,,,,4.22,,,,,CHEMBL4017441,2997320,CHEMBL6020,O=C1CC2(CCCC2)CC(=O)N1CCCCN1CCN(c2ncccn2)CC1
18080804,CHEMBL4017550,CHEMBL253376,IC50,20270.0,nM,=,,,,4.69,,,,,CHEMBL4017441,2997316,CHEMBL6020,CN(Cc1cc(Br)cc(Br)c1N)C1CCCCC1
18080807,CHEMBL4017550,CHEMBL942,IC50,56360.0,nM,=,,,,4.25,,,,,CHEMBL4017441,2997313,CHEMBL6020,CC(=O)Oc1ccc(C(c2ccc(OC(C)=O)cc2)c2ccccn2)cc1
18080815,CHEMBL4017550,CHEMBL1201039,IC50,57430.0,nM,=,,,,4.24,,,,,CHEMBL4017441,2997305,CHEMBL6020,NS(=O)(=O)c1cc2c(cc1Cl)N=C(CSCc1ccccc1)NS2(=O)=O
18080822,CHEMBL4017550,CHEMBL1684,IC50,69550.0,nM,=,,,,4.16,,,,,CHEMBL4017441,2997298,CHEMBL6020,NS(=O)(=O)c1cc2c(cc1C(F)(F)F)NC(Cc1ccccc1)NS2(=O)=O
18080823,CHEMBL4017550,CHEMBL1586,IC50,23670.0,nM,=,,,,4.63,,,,,CHEMBL4017441,2997297,CHEMBL6020,C[C@H]1C[C@H]2[C@@H]3CCC4=CC(=O)C=C[C@]4(C)[C@@]3(Cl)[C@@H](O)C[C@]2(C)[C@@]1(O)C(=O)CO
18080838,CHEMBL4017550,CHEMBL4092536,IC50,19300.0,nM,=,,,,4.71,,,,,CHEMBL4017441,2997282,CHEMBL6020,O=C(O)c1cc2c(F)c(O)ccc2n1Cc1ccc(Cl)c(Cl)c1
18080849,CHEMBL4017550,CHEMBL4096512,IC50,27350.0,nM,=,,,,4.56,,,,,CHEMBL4017441,2997261,CHEMBL6020,C[C@@](O)(C(=O)Nc1ccc(S(=O)(=O)c2ccc(NCCO)cc2)cc1Cl)C(F)(F)F
18080856,CHEMBL4017550,CHEMBL1396346,IC50,25590.0,nM,=,,,,4.59,,,,,CHEMBL4017441,2997254,CHEMBL6020,COC1C(OC(=O)/C=C/C=C/C=C/C=C/C(=O)O)CCC2(CO2)C1C1(C)OC1CC=C(C)C
18080859,CHEMBL4017550,CHEMBL339457,IC50,86070.0,nM,=,,,,4.07,,,,,CHEMBL4017441,2997251,CHEMBL6020,CCN(CC)C(=O)c1ccc(C(=C2CCNCC2)c2cccc(F)c2)cc1
18080860,CHEMBL4017550,CHEMBL376981,IC50,49840.0,nM,=,,,,4.3,,,,,CHEMBL4017441,2997250,CHEMBL6020,O=C(O)c1cc2cc(O)ccc2n1Cc1ccc(Cl)c(Cl)c1
18080863,CHEMBL4017550,CHEMBL4084549,IC50,39570.0,nM,=,,,,4.4,,,,,CHEMBL4017441,2997247,CHEMBL6020,COc1c(C(=O)O)n(Cc2ccc(Cl)c(Cl)c2)c2ccc(O)cc12
18080864,CHEMBL4017550,CHEMBL4079187,IC50,22390.0,nM,=,,,,4.65,,,,,CHEMBL4017441,2997246,CHEMBL6020,O=C(O)c1cc2scnc2n1Cc1ccc(Cl)c(Cl)c1
18080867,CHEMBL4017550,CHEMBL4065628,IC50,27550.0,nM,=,,,,4.56,,,,,CHEMBL4017441,2997243,CHEMBL6020,CC(=O)NC[C@H]1CN(c2ccc(C(=O)c3cnc4ccc(Cl)cn34)cc2)C(=O)O1
18080868,CHEMBL4017550,CHEMBL4063979,IC50,15890.0,nM,=,,,,4.8,,,,,CHEMBL4017441,2997242,CHEMBL6020,Cc1cc2c(cc(C(=O)O)n2Cc2ccc(Cl)c(Cl)c2)o1
18080870,CHEMBL4017550,CHEMBL4097595,IC50,55210.0,nM,=,,,,4.26,,,,,CHEMBL4017441,2997240,CHEMBL6020,CC(=O)Oc1ccc2c(c1)cc(C(=O)O)n2Cc1ccc(Cl)c(Cl)c1
18080876,CHEMBL4017550,CHEMBL4078616,IC50,97580.0,nM,=,,,,4.01,,,,,CHEMBL4017441,2997234,CHEMBL6020,COc1ccc2cc(C(C)CO)ccc2c1
18080880,CHEMBL4017550,CHEMBL1256868,IC50,65640.0,nM,=,,,,4.18,,,,,CHEMBL4017441,2997230,CHEMBL6020,COc1ccc2c(c1OC)C(=O)OC2C1c2cc3c(cc2CCN1C)OCO3
18080881,CHEMBL4017550,CHEMBL4068169,IC50,22730.0,nM,=,,,,4.64,,,,,CHEMBL4017441,2997229,CHEMBL6020,COc1cc2c(Oc3ccc4[nH]c(C)cc4c3F)ncnc2cc1OCCCN1CCCCC1
18080885,CHEMBL4017550,CHEMBL4086898,IC50,33560.0,nM,=,,,,4.47,,,,,CHEMBL4017441,2997225,CHEMBL6020,CC(=O)OCC(=O)C1(O)C(C)CC2C3CC(F)C4=CC(=O)C=CC4(C)C3C(O)CC21C
18080892,CHEMBL4017550,CHEMBL1429218,IC50,31330.0,nM,=,,,,4.5,,,,,CHEMBL4017441,2997218,CHEMBL6020,c1ccc2[nH]c(-c3nc4ccccc4[nH]3)nc2c1
18080896,CHEMBL4017550,CHEMBL402487,IC50,23910.0,nM,=,,,,4.62,,,,,CHEMBL4017441,2997214,CHEMBL6020,COc1ccc2c(c1OC)C(=O)OC2C1c2c(cc3c(c2OC)OCO3)CCN1C
18080907,CHEMBL4017550,CHEMBL595583,IC50,21040.0,nM,=,,,,4.68,,,,,CHEMBL4017441,2997203,CHEMBL6020,CCCCCCCCCCCCc1ccc(S(=O)(=O)Nc2nncs2)cc1
18080910,CHEMBL4017550,CHEMBL1162,IC50,18460.0,nM,=,,,,4.73,,,,,CHEMBL4017441,2997200,CHEMBL6020,C#C[C@]1(O)CC[C@H]2[C@@H]3CCC4=CC(=O)CC[C@@H]4[C@H]3CC[C@@]21C
18080915,CHEMBL4017550,CHEMBL4066640,IC50,35840.0,nM,=,,,,4.45,,,,,CHEMBL4017441,2997195,CHEMBL6020,C[C@H](Oc1ccc(C(F)(F)F)cc1-c1ccc(S(C)(=O)=O)c(C(F)(F)F)c1)C(=O)O
18080916,CHEMBL4017550,CHEMBL1498,IC50,17060.0,nM,=,,,,4.77,,,,,CHEMBL4017441,2997194,CHEMBL6020,C[C@]12CC[C@H]3[C@@H](CCC4=CC(=O)CC[C@@]43C)[C@@H]1CC[C@@H]2C(=O)CO
18080920,CHEMBL4017550,CHEMBL131,IC50,91470.0,nM,=,,,,4.04,,,,,CHEMBL4017441,2997190,CHEMBL6020,C[C@]12C=CC(=O)C=C1CC[C@@H]1[C@@H]2[C@@H](O)C[C@@]2(C)[C@H]1CC[C@]2(O)C(=O)CO
18080922,CHEMBL4017550,CHEMBL170,IC50,98830.0,nM,=,,,,4.0,,,,,CHEMBL4017441,2997188,CHEMBL6020,C=C[C@H]1CN2CC[C@H]1C[C@H]2[C@H](O)c1ccnc2ccc(OC)cc12
18080936,CHEMBL4017550,CHEMBL485253,IC50,33070.0,nM,=,,,,4.48,,,,,CHEMBL4017441,2997174,CHEMBL6020,CCC(CO)NC(=O)[C@@H]1C=C2c3cccc4c3c(cn4C)C[C@H]2N(C)C1
18080951,CHEMBL4017550,CHEMBL1592,IC50,15500.0,nM,=,,,,4.81,,,,,CHEMBL4017441,2997159,CHEMBL6020,CCOC(=O)[C@H](CCc1ccccc1)N[C@@H](C)C(=O)N1Cc2ccccc2C[C@H]1C(=O)O
18080953,CHEMBL4017550,CHEMBL559968,IC50,34420.0,nM,=,,,,4.46,,,,,CHEMBL4017441,2997157,CHEMBL6020,O=C(NCCc1ccccc1Cl)c1cc(-n2ncc(=O)[nH]c2=O)ccc1Cl
18080966,CHEMBL4017550,CHEMBL1697,IC50,82020.0,nM,=,,,,4.09,,,,,CHEMBL4017441,2997144,CHEMBL6020,COc1ccc([C@@H]2Sc3ccccc3N(CCN(C)C)C(=O)[C@@H]2OC(C)=O)cc1.Cl
18080969,CHEMBL4017550,CHEMBL650,IC50,33030.0,nM,=,,,,4.48,,,,,CHEMBL4017441,2997147,CHEMBL6020,C[C@H]1C[C@@H]2[C@H]([C@@H](O)C[C@@]3(C)[C@H]2CC[C@]3(O)C(=O)CO)[C@@]2(C)C=CC(=O)C=C12
18080972,CHEMBL4017550,CHEMBL4070705,IC50,23030.0,nM,=,,,,4.64,,,,,CHEMBL4017441,2997276,CHEMBL6020,COc1ccc(Nc2ccn(-c3ccccc3)n2)cc1
18080980,CHEMBL4017550,CHEMBL4070422,IC50,55570.0,nM,=,,,,4.25,,,,,CHEMBL4017441,2997140,CHEMBL6020,CC(=O)Nc1ccccc1OC[C@@H](O)CNC1CCN(Cc2ccc(Cl)cc2)CC1
18080981,CHEMBL4017550,CHEMBL4099090,IC50,18490.0,nM,=,,,,4.73,,,,,CHEMBL4017441,2997139,CHEMBL6020,O=C(O)c1cc2cc(O)ccc2n1Cc1ccc(Cl)c(C(F)(F)F)c1
18080982,CHEMBL4017550,CHEMBL4081054,IC50,71540.0,nM,=,,,,4.14,,,,,CHEMBL4017441,2997138,CHEMBL6020,CC(=O)Nc1ccccc1OC[C@@](C)(O)CNC1CCN(Cc2ccc(Cl)cc2)CC1
18080984,CHEMBL4017550,CHEMBL4088943,IC50,65560.0,nM,=,,,,4.18,,,,,CHEMBL4017441,2997136,CHEMBL6020,Cc1ccc(CCCN[C@H](C)CO)cc1C(=O)NCC12CC3CC(CC(C3)C1)C2
18080992,CHEMBL4017550,CHEMBL4091827,IC50,13720.0,nM,=,,,,4.86,,,,,CHEMBL4017441,2997128,CHEMBL6020,O=C(O)c1cc2sccc2n1Cc1ccc(Cl)c(Cl)c1
18081000,CHEMBL4017550,CHEMBL234952,IC50,19090.0,nM,=,,,,4.72,,,,,CHEMBL4017441,2997120,CHEMBL6020,O=C(NC1Cc2ccccc2N(C[C@@H](O)CO)C1=O)c1cc2cc(Cl)ccc2[nH]1
18081002,CHEMBL4017550,CHEMBL550637,IC50,59510.0,nM,=,,,,4.22,,,,,CHEMBL4017441,2997118,CHEMBL6020,Cc1ccc(C(=O)N2CC3CNCC(C2)O3)cc1NC(=O)CC12CC3CC(CC(C3)C1)C2
18081006,CHEMBL4017550,CHEMBL387125,IC50,16260.0,nM,=,,,,4.79,,,,,CHEMBL4017441,2997114,CHEMBL6020,CON(C)C(=O)c1c(Cn2c(C)nc(Cl)c2Cl)sc2c1c(=O)n(C)c(=O)n2CC(C)C
18081007,CHEMBL4017550,CHEMBL326239,IC50,32350.0,nM,=,,,,4.49,,,,,CHEMBL4017441,2997113,CHEMBL6020,O=c1[nH]c2c(O)ccc(CCNCCCS(=O)(=O)CCCOCCc3ccccc3)c2s1
18081019,CHEMBL4017550,CHEMBL1604571,IC50,74860.0,nM,=,,,,4.13,,,,,CHEMBL4017441,2997101,CHEMBL6020,CCOC(=O)C(CCc1ccccc1)NC1CCc2ccccc2N(CC(=O)O)C1=O
18081020,CHEMBL4017550,CHEMBL1237132,IC50,36350.0,nM,=,,,,4.44,,,,,CHEMBL4017441,2997100,CHEMBL6020,CCCC(=O)OCOC(=O)C1=C(C)NC(C)=C(C(=O)OC)C1c1cccc(Cl)c1Cl
18081032,CHEMBL4017550,CHEMBL111220,IC50,35690.0,nM,=,,,,4.45,,,,,CHEMBL4017441,2997088,CHEMBL6020,O=S(=O)(CCOCCc1ccccc1)NCCNCCc1ccc(O)c2nc(O)sc12
18081038,CHEMBL4017550,CHEMBL682,IC50,77760.0,nM,=,,,,4.11,,,,,CHEMBL4017441,2997082,CHEMBL6020,CCN(CC)Cc1cc(Nc2ccnc3cc(Cl)ccc23)ccc1O
18081039,CHEMBL4017550,CHEMBL1491,IC50,16000.0,nM,=,,,,4.8,,,,,CHEMBL4017441,2997081,CHEMBL6020,CCOC(=O)C1=C(COCCN)NC(C)=C(C(=O)OC)C1c1ccccc1Cl
18081046,CHEMBL4017550,CHEMBL54349,IC50,9155.0,nM,=,,,,5.04,,,,,CHEMBL4017441,2997074,CHEMBL6020,CCCN(CCC)C(=O)Cc1c(-c2ccc(Cl)cc2)nc2ccc(Cl)cn12
18081048,CHEMBL4017550,CHEMBL362103,IC50,55750.0,nM,=,,,,4.25,,,,,CHEMBL4017441,2997072,CHEMBL6020,CCC[S+]([O-])CCCN(CC)CC(O)COc1ccc(C#N)cc1
18081060,CHEMBL4017550,CHEMBL3697701,IC50,26810.0,nM,=,,,,4.57,,,,,CHEMBL4017441,2997060,CHEMBL6020,CCC(=N\O)/C(C)=C/c1ccc(F)cc1
18081065,CHEMBL4017550,CHEMBL513,IC50,97210.0,nM,=,,,,4.01,,,,,CHEMBL4017441,2997055,CHEMBL6020,O=NN(CCCl)C(=O)NCCCl
18081075,CHEMBL4017550,CHEMBL1708,IC50,68910.0,nM,=,,,,4.16,,,,,CHEMBL4017441,2997533,CHEMBL6020,Cl.Fc1ccc([C@@H]2CCNC[C@H]2COc2ccc3c(c2)OCO3)cc1
18081079,CHEMBL4017550,CHEMBL75880,IC50,14360.0,nM,=,,,,4.84,,,,,CHEMBL4017441,2997536,CHEMBL6020,C1CCC(C(CC2CCCCN2)C2CCCCC2)CC1
18081086,CHEMBL4017550,CHEMBL567,IC50,34840.0,nM,=,,,,4.46,,,,,CHEMBL4017441,2997537,CHEMBL6020,OCCN1CCN(CCCN2c3ccccc3Sc3ccc(Cl)cc32)CC1
18081092,CHEMBL4017550,CHEMBL595,IC50,262.1,nM,=,,,,6.58,,,,,CHEMBL4017441,2997550,CHEMBL6020,CCc1ccc(CCOc2ccc(CC3SC(=O)NC3=O)cc2)nc1
18081099,CHEMBL4017550,CHEMBL976,IC50,60270.0,nM,=,,,,4.22,,,,,CHEMBL4017441,2997557,CHEMBL6020,O=C(C1CCCCC1)N1CC(=O)N2CCc3ccccc3C2C1
18081100,CHEMBL4017550,CHEMBL506,IC50,53120.0,nM,=,,,,4.28,,,,,CHEMBL4017441,2997558,CHEMBL6020,COc1cc(NC(C)CCCN)c2ncccc2c1
18081106,CHEMBL4017550,CHEMBL631,IC50,53700.0,nM,=,,,,4.27,,,,,CHEMBL4017441,2997564,CHEMBL6020,CCCNCC(O)COc1ccccc1C(=O)CCc1ccccc1
18081111,CHEMBL4017550,CHEMBL42641,IC50,30000.0,nM,=,,,,4.52,,,,,CHEMBL4017441,2997569,CHEMBL6020,CCCc1c2c(c(O)c3c(=O)cc(C(=O)O)oc13)CCCC2
18081119,CHEMBL4017550,CHEMBL361812,IC50,62400.0,nM,=,,,,4.21,,,,,CHEMBL4017441,2997577,CHEMBL6020,O=C(O)CCn1c2c(c3ccccc31)C[C@H](NS(=O)(=O)c1ccc(F)cc1)CC2
18081120,CHEMBL4017550,CHEMBL1218,IC50,85000.0,nM,=,,,,4.07,,,,,CHEMBL4017441,2997578,CHEMBL6020,CCC(=O)NCC[C@@H]1CCc2ccc3c(c21)CCO3
18081127,CHEMBL4017550,CHEMBL440498,IC50,23360.0,nM,=,,,,4.63,,,,,CHEMBL4017441,2997585,CHEMBL6020,O=C(NO)C1(CS(=O)(=O)c2ccc(Oc3ccc(Cl)cc3)cc2)CCOCC1
18081128,CHEMBL4017550,CHEMBL122,IC50,95360.0,nM,=,,,,4.02,,,,,CHEMBL4017441,2997586,CHEMBL6020,CS(=O)(=O)c1ccc(C2=C(c3ccccc3)C(=O)OC2)cc1
18081130,CHEMBL4017550,CHEMBL121,IC50,6362.0,nM,=,,,,5.2,,,,,CHEMBL4017441,2997588,CHEMBL6020,CN(CCOc1ccc(CC2SC(=O)NC2=O)cc1)c1ccccn1
18081138,CHEMBL4017550,CHEMBL809,IC50,29340.0,nM,=,,,,4.53,,,,,CHEMBL4017441,2997596,CHEMBL6020,CN[C@H]1CC[C@@H](c2ccc(Cl)c(Cl)c2)c2ccccc21
18081140,CHEMBL4017550,CHEMBL192,IC50,16430.0,nM,=,,,,4.78,,,,,CHEMBL4017441,2997598,CHEMBL6020,CCCc1nn(C)c2c(=O)[nH]c(-c3cc(S(=O)(=O)N4CCN(C)CC4)ccc3OCC)nc12
18081147,CHEMBL4017550,CHEMBL1200831,IC50,47110.0,nM,=,,,,4.33,,,,,CHEMBL4017441,2997605,CHEMBL6020,CCOC(=O)[C@H](CCc1ccccc1)N[C@@H](C)C(=O)N1CC2(C[C@H]1C(=O)O)SCCS2.Cl
18081148,CHEMBL4017550,CHEMBL535,IC50,45810.0,nM,=,,,,4.34,,,,,CHEMBL4017441,2997606,CHEMBL6020,CCN(CC)CCNC(=O)c1c(C)[nH]c(/C=C2\C(=O)Nc3ccc(F)cc32)c1C
18081160,CHEMBL4017550,CHEMBL15770,IC50,63690.0,nM,=,,,,4.2,,,,,CHEMBL4017441,2997618,CHEMBL6020,CC1=C(CC(=O)O)c2cc(F)ccc2/C1=C\c1ccc([S+](C)[O-])cc1
18081172,CHEMBL4017550,CHEMBL479,IC50,24330.0,nM,=,,,,4.61,,,,,CHEMBL4017441,2997630,CHEMBL6020,CSc1ccc2c(c1)N(CCC1CCCCN1C)c1ccccc1S2
18081174,CHEMBL4017550,CHEMBL1201,IC50,30400.0,nM,=,,,,4.52,,,,,CHEMBL4017441,2997632,CHEMBL6020,CN1CCN(CC/C=C2/c3ccccc3Sc3ccc(S(=O)(=O)N(C)C)cc32)CC1
18081175,CHEMBL4017550,CHEMBL833,IC50,26950.0,nM,=,,,,4.57,,,,,CHEMBL4017441,2997633,CHEMBL6020,Clc1ccccc1CN1CCc2sccc2C1
18081187,CHEMBL4017550,CHEMBL15023,IC50,19700.0,nM,=,,,,4.71,,,,,CHEMBL4017441,2997645,CHEMBL6020,O=C(CCCN1CCC(O)(c2cccc(C(F)(F)F)c2)CC1)c1ccc(F)cc1
18081188,CHEMBL4017550,CHEMBL570,IC50,39010.0,nM,=,,,,4.41,,,,,CHEMBL4017441,2997646,CHEMBL6020,CN(C)CCCN1c2ccccc2Sc2ccc(C(F)(F)F)cc21
18081190,CHEMBL4017550,CHEMBL829,IC50,73720.0,nM,=,,,,4.13,,,,,CHEMBL4017441,2997648,CHEMBL6020,CC(CN(C)C)CN1c2ccccc2Sc2ccccc21
18081195,CHEMBL4017550,CHEMBL408,IC50,6900.0,nM,=,,,,5.16,,,,,CHEMBL4017441,2997653,CHEMBL6020,Cc1c(C)c2c(c(C)c1O)CCC(C)(COc1ccc(CC3SC(=O)NC3=O)cc1)O2
18081202,CHEMBL4017550,CHEMBL1280,IC50,20500.0,nM,=,,,,4.69,,,,,CHEMBL4017441,2997660,CHEMBL6020,COc1ccc(CCN(C)CCCC(C#N)(c2ccc(OC)c(OC)c2)C(C)C)cc1OC.Cl
18081210,CHEMBL4017550,CHEMBL4060773,IC50,19450.0,nM,=,,,,4.71,,,,,CHEMBL4017441,2997668,CHEMBL6020,COc1nc(C)cnc1NS(=O)(=O)c1cccnc1-c1ccc(CC(C)C)cc1
18081211,CHEMBL4017550,CHEMBL18861,IC50,21390.0,nM,=,,,,4.67,,,,,CHEMBL4017441,2997669,CHEMBL6020,C[C@](O)(C(=O)Nc1ccc(C(=O)c2ccccc2)cc1)C(F)(F)F
18081217,CHEMBL4017550,CHEMBL1766,IC50,16420.0,nM,=,,,,4.79,,,,,CHEMBL4017441,2997676,CHEMBL6020,C[C@@H]1C[C@H]2[C@@H]3CCC4=CC(=O)C=C[C@]4(C)[C@@]3(F)[C@@H](O)C[C@]2(C)[C@H]1C(=O)CO
18128977,CHEMBL4028921,CHEMBL1200963,IC50,40400.0,nM,=,,,,4.39,,,,,CHEMBL4028801,3006315,CHEMBL6020,CCNC(=O)CCC/C=C\C[C@@H]1[C@@H](/C=C/[C@@H](O)CCc2ccccc2)[C@H](O)C[C@@H]1O
18128978,CHEMBL4028921,CHEMBL846,IC50,39700.0,nM,=,,,,4.4,,,,,CHEMBL4028801,3006316,CHEMBL6020,C=C1/C(=C\C=C2/CCC[C@]3(C)[C@@H]([C@H](C)CCCC(C)(C)O)CC[C@@H]23)C[C@@H](O)C[C@@H]1O
18128979,CHEMBL4028921,CHEMBL4064157,IC50,27700.0,nM,=,,,,4.56,,,,,CHEMBL4028801,3006317,CHEMBL6020,CCCC[C@](C)(O)C/C=C/[C@H]1[C@H](O)CC(=O)[C@@H]1CCCCCCC(=O)OC
18128980,CHEMBL4028921,CHEMBL1370,IC50,46000.0,nM,=,,,,4.34,,,,,CHEMBL4028801,3006318,CHEMBL6020,CCCC1O[C@@H]2C[C@H]3[C@@H]4CCC5=CC(=O)C=C[C@]5(C)[C@H]4[C@@H](O)C[C@]3(C)[C@]2(C(=O)CO)O1
18128981,CHEMBL4028921,CHEMBL1200792,IC50,87300.0,nM,=,,,,4.06,,,,,CHEMBL4028801,3006319,CHEMBL6020,Cl.OCCN1CCN(CCCN2c3ccccc3Sc3ccc(C(F)(F)F)cc32)CC1
18128982,CHEMBL4028921,CHEMBL296419,IC50,58800.0,nM,=,,,,4.23,,,,,CHEMBL4028801,3006320,CHEMBL6020,COc1ccc(CCN2CCC(Nc3nc4ccccc4n3Cc3ccc(F)cc3)CC2)cc1
18128983,CHEMBL4028921,CHEMBL717,IC50,15700.0,nM,=,,,,4.8,,,,,CHEMBL4028801,3006321,CHEMBL6020,CC(=O)O[C@]1(C(C)=O)CC[C@H]2[C@@H]3C[C@H](C)C4=CC(=O)CC[C@]4(C)[C@H]3CC[C@@]21C
18128984,CHEMBL4028921,CHEMBL1231,IC50,27400.0,nM,=,,,,4.56,,,,,CHEMBL4028801,3006322,CHEMBL6020,CCN(CC)CC#CCOC(=O)C(O)(c1ccccc1)C1CCCCC1
18128985,CHEMBL4028921,CHEMBL1480,IC50,69700.0,nM,=,,,,4.16,,,,,CHEMBL4028801,3006323,CHEMBL6020,CCOC(=O)C1=C(C)NC(C)=C(C(=O)OC)C1c1cccc(Cl)c1Cl
18128986,CHEMBL4028921,CHEMBL772,IC50,8350.0,nM,=,,,,5.08,,,,,CHEMBL4028801,3006324,CHEMBL6020,COC(=O)[C@H]1[C@H]2C[C@@H]3c4[nH]c5cc(OC)ccc5c4CCN3C[C@H]2C[C@@H](OC(=O)c2cc(OC)c(OC)c(OC)c2)[C@@H]1OC
18128987,CHEMBL4028921,CHEMBL998,IC50,12000.0,nM,=,,,,4.92,,,,,CHEMBL4028801,3006325,CHEMBL6020,CCOC(=O)N1CCC(=C2c3ccc(Cl)cc3CCc3cccnc32)CC1
18128988,CHEMBL4028921,CHEMBL1200969,IC50,29800.0,nM,=,,,,4.53,,,,,CHEMBL4028801,3006326,CHEMBL6020,C[C@]12C=CC(=O)N[C@@H]1CC[C@@H]1[C@@H]2CC[C@]2(C)[C@@H](C(=O)Nc3cc(C(F)(F)F)ccc3C(F)(F)F)CC[C@@H]12
18128989,CHEMBL4028921,CHEMBL1051,IC50,12900.0,nM,=,,,,4.89,,,,,CHEMBL4028801,3006327,CHEMBL6020,CC(C)OC(=O)CCC/C=C\C[C@@H]1[C@@H](CC[C@@H](O)CCc2ccccc2)[C@H](O)C[C@@H]1O
18128990,CHEMBL4028921,CHEMBL1726,IC50,33000.0,nM,=,,,,4.48,,,,,CHEMBL4028801,3006328,CHEMBL6020,COC(=O)C1=C(C)NC(C)=C(C(=O)OCC(C)C)C1c1ccccc1[N+](=O)[O-]
18128991,CHEMBL4028921,CHEMBL1200686,IC50,10000.0,nM,=,,,,5.0,,,,,CHEMBL4028801,3006329,CHEMBL6020,CC[C@@H]1/C=C(\C)C[C@H](C)C[C@H](OC)[C@H]2O[C@@](O)(C(=O)C(=O)N3CCCC[C@H]3C(=O)O[C@H](/C(C)=C/[C@@H]3CC[C@H](Cl)[C@H](OC)C3)[C@H](C)[C@@H](O)CC1=O)[C@H](C)C[C@@H]2OC
18128992,CHEMBL4028921,CHEMBL1648,IC50,28000.0,nM,=,,,,4.55,,,,,CHEMBL4028801,3006330,CHEMBL6020,COC(=O)C1=C(C)NC(C)=C(C(=O)OC(C)C)C1c1cccc2nonc12
18128993,CHEMBL4028921,CHEMBL1064,IC50,24700.0,nM,=,,,,4.61,,,,,CHEMBL4028801,3006331,CHEMBL6020,CCC(C)(C)C(=O)O[C@H]1C[C@@H](C)C=C2C=C[C@H](C)[C@H](CC[C@@H]3C[C@@H](O)CC(=O)O3)[C@H]21
18128994,CHEMBL4028921,CHEMBL655,IC50,41740.0,nM,=,,,,4.38,,,,,CHEMBL4028801,3006332,CHEMBL6020,Cc1ncc2n1-c1ccc(Cl)cc1C(c1ccccc1F)=NC2
18128995,CHEMBL4028921,CHEMBL14376,IC50,23400.0,nM,=,,,,4.63,,,,,CHEMBL4028801,3006333,CHEMBL6020,COc1cc(C(C)=O)ccc1OCCCN1CCC(c2noc3cc(F)ccc23)CC1
18128996,CHEMBL4028921,CHEMBL1201155,IC50,77000.0,nM,=,,,,4.11,,,,,CHEMBL4028801,3006334,CHEMBL6020,CN1CCN(C2=Nc3ccccc3Oc3ccc(Cl)cc32)CC1.O=C(O)CCC(=O)O
18128997,CHEMBL4028921,CHEMBL503,IC50,19300.0,nM,=,,,,4.71,,,,,CHEMBL4028801,3006335,CHEMBL6020,CC[C@H](C)C(=O)O[C@H]1C[C@@H](C)C=C2C=C[C@H](C)[C@H](CC[C@@H]3C[C@@H](O)CC(=O)O3)[C@H]21
18128998,CHEMBL4028921,CHEMBL4091490,IC50,36000.0,nM,=,,,,4.44,,,,,CHEMBL4028801,3006336,CHEMBL6020,C#C[C@@]1(OC(C)=O)CC[C@H]2[C@@H]3CCC4=CC(=O)CC[C@@H]4[C@H]3CC[C@@]21C
18128999,CHEMBL4028921,CHEMBL922,IC50,46000.0,nM,=,,,,4.34,,,,,CHEMBL4028801,3006337,CHEMBL6020,CC(C)(C)C(=O)OCOP(=O)(COCCn1cnc2c(N)ncnc21)OCOC(=O)C(C)(C)C
18129000,CHEMBL4028921,CHEMBL1272,IC50,22000.0,nM,=,,,,4.66,,,,,CHEMBL4028801,3006338,CHEMBL6020,CCOc1cc(CC(=O)N[C@@H](CC(C)C)c2ccccc2N2CCCCC2)ccc1C(=O)O
18129001,CHEMBL4028921,CHEMBL393220,IC50,13000.0,nM,=,,,,4.89,,,,,CHEMBL4028801,3006339,CHEMBL6020,CC(C)c1c(C(=O)Nc2ccccc2)c(-c2ccccc2)c(-c2ccc(F)cc2)n1CC[C@@H](O)C[C@@H](O)CC(=O)[O-].CC(C)c1c(C(=O)Nc2ccccc2)c(-c2ccccc2)c(-c2ccc(F)cc2)n1CC[C@@H](O)C[C@@H](O)CC(=O)[O-].[Ca+2]
18129002,CHEMBL4028921,CHEMBL269732,IC50,7180.0,nM,=,,,,5.14,,,,,CHEMBL4028801,3006340,CHEMBL6020,C=CC[C@@H]1/C=C(\C)C[C@H](C)C[C@H](OC)[C@H]2O[C@@](O)(C(=O)C(=O)N3CCCC[C@H]3C(=O)O[C@H](/C(C)=C/[C@@H]3CC[C@@H](O)[C@H](OC)C3)[C@H](C)[C@@H](O)CC1=O)[C@H](C)C[C@@H]2OC
18129003,CHEMBL4028921,CHEMBL710,IC50,28200.0,nM,=,,,,4.55,,,,,CHEMBL4028801,3006341,CHEMBL6020,CC(C)(C)NC(=O)[C@H]1CC[C@H]2[C@@H]3CC[C@H]4NC(=O)C=C[C@]4(C)[C@H]3CC[C@]12C
18129004,CHEMBL4028921,CHEMBL1200561,IC50,45000.0,nM,=,,,,4.35,,,,,CHEMBL4028801,3006342,CHEMBL6020,COc1cc2nc(N3CCN(C(=O)C4COc5ccccc5O4)CC3)nc(N)c2cc1OC.CS(=O)(=O)O
18129005,CHEMBL4028921,CHEMBL2220442,IC50,36100.0,nM,=,,,,4.44,,,,,CHEMBL4028801,3006343,CHEMBL6020,CC(C)n1c(/C=C/C(O)CC(O)CC(=O)O)c(-c2ccc(F)cc2)c2ccccc21
18129006,CHEMBL4028921,CHEMBL1201729,IC50,73900.0,nM,=,,,,4.13,,,,,CHEMBL4028801,3006344,CHEMBL6020,CCCCc1oc2ccc(NS(C)(=O)=O)cc2c1C(=O)c1ccc(OCCCN(CCCC)CCCC)cc1.Cl
18129007,CHEMBL4028921,CHEMBL506,IC50,32700.0,nM,=,,,,4.49,,,,,CHEMBL4028801,3006345,CHEMBL6020,COc1cc(NC(C)CCCN)c2ncccc2c1
18129008,CHEMBL4028921,CHEMBL193,IC50,64000.0,nM,=,,,,4.19,,,,,CHEMBL4028801,3006346,CHEMBL6020,COC(=O)C1=C(C)NC(C)=C(C(=O)OC)C1c1ccccc1[N+](=O)[O-]
18129009,CHEMBL4028921,CHEMBL1138,IC50,56000.0,nM,=,,,,4.25,,,,,CHEMBL4028801,3006347,CHEMBL6020,O=C1[C@H](CC[C@H](O)c2ccc(F)cc2)[C@@H](c2ccc(O)cc2)N1c1ccc(F)cc1
18129010,CHEMBL4028921,CHEMBL1017,IC50,16200.0,nM,=,,,,4.79,,,,,CHEMBL4028801,3006348,CHEMBL6020,CCCc1nc2c(C)cc(-c3nc4ccccc4n3C)cc2n1Cc1ccc(-c2ccccc2C(=O)O)cc1
18129011,CHEMBL4028921,CHEMBL444633,IC50,26700.0,nM,=,,,,4.57,,,,,CHEMBL4028801,3006349,CHEMBL6020,CO[C@H]1/C=C/O[C@@]2(C)Oc3c(C)c(O)c4c(c3C2=O)C2=NC3(CCN(CC(C)C)CC3)NC2=C(NC(=O)/C(C)=C\C=C\[C@H](C)[C@H](O)[C@@H](C)[C@@H](O)[C@@H](C)[C@H](OC(C)=O)[C@@H]1C)C4=O
18129012,CHEMBL4028921,CHEMBL1484,IC50,7870.0,nM,=,,,,5.1,,,,,CHEMBL4028801,3006350,CHEMBL6020,COC(=O)C1=C(C)NC(C)=C(C(=O)OCCN(C)Cc2ccccc2)C1c1cccc([N+](=O)[O-])c1
18129013,CHEMBL4028921,CHEMBL5416410,IC50,13100.0,nM,=,,,,4.88,,,,,CHEMBL4028801,3006351,CHEMBL6020,Cc1nc(Nc2ncc(C(=O)Nc3c(C)cccc3Cl)s2)cc(N2CCN(CCO)CC2)n1.O
18129014,CHEMBL4028921,CHEMBL1503,IC50,99000.0,nM,=,,,,4.0,,,,,CHEMBL4028801,3006352,CHEMBL6020,COc1ccc2[nH]c([S+]([O-])Cc3ncc(C)c(OC)c3C)nc2c1
18129015,CHEMBL4028921,CHEMBL502,IC50,78000.0,nM,=,,,,4.11,,,,,CHEMBL4028801,3006353,CHEMBL6020,COc1cc2c(cc1OC)C(=O)C(CC1CCN(Cc3ccccc3)CC1)C2
18129016,CHEMBL4028921,CHEMBL1096885,IC50,24100.0,nM,=,,,,4.62,,,,,CHEMBL4028801,3006354,CHEMBL6020,CCCCC(=O)OCC(=O)[C@]1(O)Cc2c(O)c3c(c(O)c2[C@@H](O[C@H]2C[C@H](NC(=O)C(F)(F)F)[C@H](O)[C@H](C)O2)C1)C(=O)c1c(OC)cccc1C3=O
18129017,CHEMBL4028921,CHEMBL1509,IC50,16400.0,nM,=,,,,4.79,,,,,CHEMBL4028801,3006355,CHEMBL6020,C[C@]12CCC(=O)C=C1[C@@H]1C[C@@H]1[C@H]1[C@@H]3[C@@H]4C[C@@H]4[C@@]4(CCC(=O)O4)[C@@]3(C)CC[C@@H]12
18129018,CHEMBL4028921,CHEMBL1131,IC50,38200.0,nM,=,,,,4.42,,,,,CHEMBL4028801,3006356,CHEMBL6020,COc1cc(C)c(/C=C/C(C)=C/C=C/C(C)=C/C(=O)O)c(C)c1C
18129019,CHEMBL4028921,CHEMBL1292,IC50,12900.0,nM,=,,,,4.89,,,,,CHEMBL4028801,3006357,CHEMBL6020,CC(C)/N=c1\cc2n(-c3ccc(Cl)cc3)c3ccccc3nc-2cc1Nc1ccc(Cl)cc1
18129020,CHEMBL4028921,CHEMBL1481,IC50,15700.0,nM,=,,,,4.8,,,,,CHEMBL4028801,3006358,CHEMBL6020,CCC1=C(C)CN(C(=O)NCCc2ccc(S(=O)(=O)NC(=O)N[C@H]3CC[C@H](C)CC3)cc2)C1=O
18129021,CHEMBL4028921,CHEMBL2103735,IC50,1470.0,nM,=,,,,5.83,,,,,CHEMBL4028801,3006359,CHEMBL6020,CC(=O)N[C@H](Cc1ccc2ccccc2c1)C(=O)N[C@H](Cc1ccc(Cl)cc1)C(=O)N[C@H](Cc1cccnc1)C(=O)N[C@@H](CO)C(=O)N[C@@H](Cc1ccc(O)cc1)C(=O)N[C@H](CCCNC(N)=O)C(=O)N[C@@H](CC(C)C)C(=O)N[C@@H](CCCNC(=N)N)C(=O)N1CCC[C@H]1C(=O)N[C@H](C)C(N)=O.CC(=O)O
18129022,CHEMBL4028921,CHEMBL1908360,IC50,2000.0,nM,=,,,,5.7,,,,,CHEMBL4028801,3006360,CHEMBL6020,CO[C@H]1C[C@@H]2CC[C@@H](C)[C@@](O)(O2)C(=O)C(=O)N2CCCC[C@H]2C(=O)O[C@H]([C@H](C)C[C@@H]2CC[C@@H](OCCO)[C@H](OC)C2)CC(=O)[C@H](C)/C=C(\C)[C@@H](O)[C@@H](OC)C(=O)[C@H](C)C[C@H](C)/C=C/C=C/C=C/1C
18129023,CHEMBL4028921,CHEMBL995,IC50,8530.0,nM,=,,,,5.07,,,,,CHEMBL4028801,3006361,CHEMBL6020,CCCCc1nc(Cl)c(CO)n1Cc1ccc(-c2ccccc2-c2nnn[n-]2)cc1.[K+]
18129024,CHEMBL4028921,CHEMBL1256688,IC50,43800.0,nM,=,,,,4.36,,,,,CHEMBL4028801,3006362,CHEMBL6020,COCC(=O)O[C@]1(CCN(C)CCCc2nc3ccccc3[nH]2)CCc2cc(F)ccc2[C@@H]1C(C)C.Cl
18129025,CHEMBL4028921,CHEMBL64391,IC50,18000.0,nM,=,,,,4.75,,,,,CHEMBL4028801,3006363,CHEMBL6020,CCC(C)n1ncn(-c2ccc(N3CCN(c4ccc(OCC5COC(Cn6cncn6)(c6ccc(Cl)cc6Cl)O5)cc4)CC3)cc2)c1=O
18129026,CHEMBL4028921,CHEMBL939,IC50,10900.0,nM,=,,,,4.96,,,,,CHEMBL4028801,3006364,CHEMBL6020,COc1cc2ncnc(Nc3ccc(F)c(Cl)c3)c2cc1OCCCN1CCOCC1
18129027,CHEMBL4028921,CHEMBL472,IC50,5000.0,nM,=,,,,5.3,,,,,CHEMBL4028801,3006365,CHEMBL6020,COc1ccc(Cl)cc1C(=O)NCCc1ccc(S(=O)(=O)NC(=O)NC2CCCCC2)cc1
18129028,CHEMBL4028921,CHEMBL1201016,IC50,81700.0,nM,=,,,,4.09,,,,,CHEMBL4028801,3006366,CHEMBL6020,COCC1=C(C(=O)OC(C)OC(=O)OC(C)C)N2C(=O)[C@@H](NC(=O)/C(=N\OC)c3csc(N)n3)[C@H]2SC1
18129029,CHEMBL4028921,CHEMBL56337,IC50,36800.0,nM,=,,,,4.43,,,,,CHEMBL4028801,3006367,CHEMBL6020,CC(/C=C1\SC(=S)N(CC(=O)O)C1=O)=C\c1ccccc1
18129030,CHEMBL4028921,CHEMBL255044,IC50,35500.0,nM,=,,,,4.45,,,,,CHEMBL4028801,3006368,CHEMBL6020,CCOC(=O)Nc1ccc(NCc2ccc(F)cc2)nc1N
18129031,CHEMBL4028921,CHEMBL1164729,IC50,42900.0,nM,=,,,,4.37,,,,,CHEMBL4028801,3006369,CHEMBL6020,Cc1nc(-c2ccc(OCC(C)C)c(C#N)c2)sc1C(=O)O
18129032,CHEMBL4028921,CHEMBL1479,IC50,18700.0,nM,=,,,,4.73,,,,,CHEMBL4028801,3006370,CHEMBL6020,C#C[C@]1(O)CC[C@H]2[C@@H]3CCC4=Cc5oncc5C[C@]4(C)[C@H]3CC[C@@]21C
18129033,CHEMBL4028921,CHEMBL6,IC50,42000.0,nM,=,,,,4.38,,,,,CHEMBL4028801,3006371,CHEMBL6020,COc1ccc2c(c1)c(CC(=O)O)c(C)n2C(=O)c1ccc(Cl)cc1
18129034,CHEMBL4028921,CHEMBL603,IC50,11100.0,nM,=,,,,4.96,,,,,CHEMBL4028801,3006372,CHEMBL6020,COc1cc(C(=O)NS(=O)(=O)c2ccccc2C)ccc1Cc1cn(C)c2ccc(NC(=O)OC3CCCC3)cc12
18129035,CHEMBL4028921,CHEMBL551978,IC50,37000.0,nM,=,,,,4.43,,,,,CHEMBL4028801,3006373,CHEMBL6020,CCOc1ccc(/C=C2\NCCc3cc(OCC)c(OCC)cc32)cc1OCC
18129036,CHEMBL4028921,CHEMBL1201182,IC50,2690.0,nM,=,,,,5.57,,,,,CHEMBL4028801,3006374,CHEMBL6020,CO[C@H]1C[C@@H]2CC[C@@H](C)[C@@](O)(O2)C(=O)C(=O)N2CCCC[C@H]2C(=O)O[C@H]([C@H](C)C[C@@H]2CC[C@@H](OC(=O)C(C)(CO)CO)[C@H](OC)C2)CC(=O)[C@H](C)/C=C(\C)[C@@H](O)[C@@H](OC)C(=O)[C@H](C)C[C@H](C)/C=C/C=C/C=C/1C
18129037,CHEMBL4028921,CHEMBL633,IC50,43000.0,nM,=,,,,4.37,,,,,CHEMBL4028801,3006375,CHEMBL6020,CCCCc1oc2ccccc2c1C(=O)c1cc(I)c(OCCN(CC)CC)c(I)c1
18129038,CHEMBL4028921,CHEMBL953,IC50,55600.0,nM,=,,,,4.25,,,,,CHEMBL4028801,3006376,CHEMBL6020,CCN(CC)C(=O)/C(C#N)=C/c1cc(O)c(O)c([N+](=O)[O-])c1
18129039,CHEMBL4028921,CHEMBL383634,IC50,11600.0,nM,=,,,,4.94,,,,,CHEMBL4028801,3006377,CHEMBL6020,COc1ccc2c(c1)C(=O)N(CCc1ccc(S(=O)(=O)NC(=O)NC3CCCCC3)cc1)C(=O)C2(C)C
18129040,CHEMBL4028921,CHEMBL1200930,IC50,33900.0,nM,=,,,,4.47,,,,,CHEMBL4028801,3006378,CHEMBL6020,COCCCOc1ccnc(C[S+]([O-])c2nc3ccccc3[n-]2)c1C.[Na+]
18129041,CHEMBL4028921,CHEMBL1200788,IC50,22000.0,nM,=,,,,4.66,,,,,CHEMBL4028801,3006379,CHEMBL6020,COc1cc(N)c(Cl)cc1C(=O)NC1CCN(CCCOc2ccc(F)cc2)CC1OC.O
18129042,CHEMBL4028921,CHEMBL547,IC50,37100.0,nM,=,,,,4.43,,,,,CHEMBL4028801,3006380,CHEMBL6020,CC1=C(/C=C/C(C)=C/C=C/C(C)=C\C(=O)O)C(C)(C)CCC1
18129043,CHEMBL4028921,CHEMBL344159,IC50,9990.0,nM,=,,,,5.0,,,,,CHEMBL4028801,3006381,CHEMBL6020,Cc1ccccc1C(=O)Nc1ccc(C(=O)N2CCCC(O)c3cc(Cl)ccc32)c(C)c1
18129044,CHEMBL4028921,CHEMBL957,IC50,23000.0,nM,=,,,,4.64,,,,,CHEMBL4028801,3006382,CHEMBL6020,COc1ccccc1Oc1c(NS(=O)(=O)c2ccc(C(C)(C)C)cc2)nc(-c2ncccn2)nc1OCCO
18129045,CHEMBL4028921,CHEMBL1200692,IC50,4730.0,nM,=,,,,5.33,,,,,CHEMBL4028801,3006383,CHEMBL6020,CCCc1nc(C(C)(C)O)c(C(=O)OCc2oc(=O)oc2C)n1Cc1ccc(-c2ccccc2-c2nnn[nH]2)cc1
18129046,CHEMBL4028921,CHEMBL1201139,IC50,17800.0,nM,=,,,,4.75,,,,,CHEMBL4028801,3006384,CHEMBL6020,CC(=O)O[C@]1(C(C)=O)CC[C@H]2[C@@H]3C=C(C)C4=CC(=O)CC[C@]4(C)[C@H]3CC[C@@]21C
18129047,CHEMBL4028921,CHEMBL976,IC50,67100.0,nM,=,,,,4.17,,,,,CHEMBL4028801,3006385,CHEMBL6020,O=C(C1CCCCC1)N1CC(=O)N2CCc3ccccc3C2C1
18129048,CHEMBL4028921,CHEMBL116,IC50,44800.0,nM,=,,,,4.35,,,,,CHEMBL4028801,3006386,CHEMBL6020,CC(C)CN(C[C@@H](O)[C@H](Cc1ccccc1)NC(=O)O[C@H]1CCOC1)S(=O)(=O)c1ccc(N)cc1
18129049,CHEMBL4028921,CHEMBL623,IC50,6110.0,nM,=,,,,5.21,,,,,CHEMBL4028801,3006387,CHEMBL6020,CCc1nn(CCCN2CCN(c3cccc(Cl)c3)CC2)c(=O)n1CCOc1ccccc1
18129050,CHEMBL4028921,CHEMBL388590,IC50,17500.0,nM,=,,,,4.76,,,,,CHEMBL4028801,3006388,CHEMBL6020,CCc1oc2ccccc2c1C(=O)c1cc(Br)c(O)c(Br)c1
18129051,CHEMBL4028921,CHEMBL121,IC50,2800.0,nM,=,,,,5.55,,,,,CHEMBL4028801,3006389,CHEMBL6020,CN(CCOc1ccc(CC2SC(=O)NC2=O)cc1)c1ccccn1
18129052,CHEMBL4028921,CHEMBL21333,IC50,2970.0,nM,=,,,,5.53,,,,,CHEMBL4028801,3006390,CHEMBL6020,O=C(Nc1cccc2c(=O)cc(-c3nnn[nH]3)oc12)c1ccc(OCCCCc2ccccc2)cc1
18129053,CHEMBL4028921,CHEMBL374478,IC50,25300.0,nM,=,,,,4.6,,,,,CHEMBL4028801,3006391,CHEMBL6020,CO[C@H]1/C=C/O[C@@]2(C)Oc3c(C)c(O)c4c(O)c(c(/C=N/N5CCN(C)CC5)c(O)c4c3C2=O)NC(=O)/C(C)=C\C=C\[C@H](C)[C@H](O)[C@@H](C)[C@@H](O)[C@@H](C)[C@H](OC(C)=O)[C@@H]1C
18129054,CHEMBL4028921,CHEMBL282724,IC50,12600.0,nM,=,,,,4.9,,,,,CHEMBL4028801,3006392,CHEMBL6020,Cc1cc2c(cc1CC(=O)c1sccc1S(=O)(=O)Nc1onc(C)c1Cl)OCO2
18129055,CHEMBL4028921,CHEMBL92,IC50,41000.0,nM,=,,,,4.39,,,,,CHEMBL4028801,3006393,CHEMBL6020,CC(=O)O[C@@]12CO[C@@H]1C[C@H](O)[C@@]1(C)C(=O)[C@H](O)C3=C(C)[C@@H](OC(=O)[C@H](O)[C@@H](NC(=O)OC(C)(C)C)c4ccccc4)C[C@@](O)([C@@H](OC(=O)c4ccccc4)[C@H]21)C3(C)C
18129056,CHEMBL4028921,CHEMBL941,IC50,25100.0,nM,=,,,,4.6,,,,,CHEMBL4028801,3006394,CHEMBL6020,Cc1ccc(NC(=O)c2ccc(CN3CCN(C)CC3)cc2)cc1Nc1nccc(-c2cccnc2)n1
18129057,CHEMBL4028921,CHEMBL1136,IC50,5000.0,nM,=,,,,5.3,,,,,CHEMBL4028801,3006395,CHEMBL6020,CC[C@H]1OC(=O)[C@H](C)C(=O)[C@H](C)[C@@H](O[C@@H]2O[C@H](C)C[C@H](N(C)C)[C@H]2O)[C@](C)(OC)C[C@@H](C)C(=O)[C@H](C)[C@H]2N(CCCCn3cnc(-c4cccnc4)c3)C(=O)O[C@]12C
18129058,CHEMBL4028921,CHEMBL114,IC50,4900.0,nM,=,,,,5.31,,,,,CHEMBL4028801,3006396,CHEMBL6020,CC(C)(C)NC(=O)[C@@H]1C[C@@H]2CCCC[C@@H]2CN1C[C@@H](O)[C@H](Cc1ccccc1)NC(=O)[C@H](CC(N)=O)NC(=O)c1ccc2ccccc2n1
18129059,CHEMBL4028921,CHEMBL409,IC50,79600.0,nM,=,,,,4.1,,,,,CHEMBL4028801,3006397,CHEMBL6020,CC(O)(CS(=O)(=O)c1ccc(F)cc1)C(=O)Nc1ccc(C#N)c(C(F)(F)F)c1
18129060,CHEMBL4028921,CHEMBL5483011,IC50,21200.0,nM,=,,,,4.67,,,,,CHEMBL4028801,3006398,CHEMBL6020,CC(C)(C)NC(=O)[C@@H]1CN(Cc2cccnc2)CCN1C[C@@H](O)C[C@@H](Cc1ccccc1)C(=O)N[C@H]1c2ccccc2C[C@H]1O.O
18129061,CHEMBL4028921,CHEMBL415324,IC50,41500.0,nM,=,,,,4.38,,,,,CHEMBL4028801,3006399,CHEMBL6020,COc1ccc(/C=C/C(=O)Nc2ccccc2C(=O)O)cc1OC
18129062,CHEMBL4028921,CHEMBL1513,IC50,7310.0,nM,=,,,,5.14,,,,,CHEMBL4028801,3006400,CHEMBL6020,CCCCC1=NC2(CCCC2)C(=O)N1Cc1ccc(-c2ccccc2-c2nnn[nH]2)cc1
18129063,CHEMBL4028921,CHEMBL932,IC50,4000.0,nM,=,,,,5.4,,,,,CHEMBL4028801,3006401,CHEMBL6020,OCCN(CCO)c1nc(N2CCCCC2)c2nc(N(CCO)CCO)nc(N3CCCCC3)c2n1
18129064,CHEMBL4028921,CHEMBL408,IC50,3000.0,nM,=,,,,5.52,,,,,CHEMBL4028801,3006402,CHEMBL6020,Cc1c(C)c2c(c(C)c1O)CCC(C)(COc1ccc(CC3SC(=O)NC3=O)cc1)O2
18129065,CHEMBL4028921,CHEMBL157101,IC50,3400.0,nM,=,,,,5.47,,,,,CHEMBL4028801,3006403,CHEMBL6020,CC(=O)N1CCN(c2ccc(OCC3COC(Cn4ccnc4)(c4ccc(Cl)cc4Cl)O3)cc2)CC1
18129066,CHEMBL4028921,CHEMBL565,IC50,71000.0,nM,=,,,,4.15,,,,,CHEMBL4028801,3006404,CHEMBL6020,CCOC(=O)C(C)(C)Oc1ccc(Cl)cc1
18129067,CHEMBL4028921,CHEMBL729,IC50,17300.0,nM,=,,,,4.76,,,,,CHEMBL4028801,3006405,CHEMBL6020,Cc1cccc(C)c1OCC(=O)N[C@@H](Cc1ccccc1)[C@@H](O)C[C@H](Cc1ccccc1)NC(=O)[C@H](C(C)C)N1CCCNC1=O
18129068,CHEMBL4028921,CHEMBL1076241,IC50,6490.0,nM,=,,,,5.19,,,,,CHEMBL4028801,3006406,CHEMBL6020,CS(=O)(=O)CCNCc1ccc(-c2ccc3ncnc(Nc4ccc(OCc5cccc(F)c5)c(Cl)c4)c3c2)o1.Cc1ccc(S(=O)(=O)O)cc1
18129069,CHEMBL4028921,CHEMBL160,IC50,500.0,nM,=,,,,6.3,,,,,CHEMBL4028801,3006407,CHEMBL6020,C/C=C/C[C@@H](C)[C@@H](O)[C@H]1C(=O)N[C@@H](CC)C(=O)N(C)CC(=O)N(C)[C@@H](CC(C)C)C(=O)N[C@@H](C(C)C)C(=O)N(C)[C@@H](CC(C)C)C(=O)N[C@@H](C)C(=O)N[C@H](C)C(=O)N(C)[C@@H](CC(C)C)C(=O)N(C)[C@@H](CC(C)C)C(=O)N(C)[C@@H](C(C)C)C(=O)N1C
18129070,CHEMBL4028921,CHEMBL1660,IC50,9910.0,nM,=,,,,5.0,,,,,CHEMBL4028801,3006408,CHEMBL6020,CO[C@H]1/C=C/O[C@@]2(C)Oc3c(C)c(O)c4c(O)c(c(/C=N/N5CCN(C6CCCC6)CC5)c(O)c4c3C2=O)NC(=O)/C(C)=C\C=C\[C@H](C)[C@H](O)[C@@H](C)[C@@H](O)[C@@H](C)[C@H](OC(C)=O)[C@@H]1C
18129071,CHEMBL4028921,CHEMBL893,IC50,56400.0,nM,=,,,,4.25,,,,,CHEMBL4028801,3006409,CHEMBL6020,Cc1onc(-c2c(Cl)cccc2Cl)c1C(=O)N[C@@H]1C(=O)N2[C@@H]1SC(C)(C)[C@@H]2C(=O)O
18129072,CHEMBL4028921,CHEMBL1397,IC50,8100.0,nM,=,,,,5.09,,,,,CHEMBL4028801,3006410,CHEMBL6020,CC[C@@H]([C@H](C)O)n1ncn(-c2ccc(N3CCN(c4ccc(OC[C@@H]5CO[C@@](Cn6cncn6)(c6ccc(F)cc6F)C5)cc4)CC3)cc2)c1=O
18129073,CHEMBL4028921,CHEMBL584,IC50,11800.0,nM,=,,,,4.93,,,,,CHEMBL4028801,3006411,CHEMBL6020,Cc1c(O)cccc1C(=O)N[C@@H](CSc1ccccc1)[C@H](O)CN1C[C@H]2CCCC[C@H]2C[C@H]1C(=O)NC(C)(C)C
18129074,CHEMBL4028921,CHEMBL1200480,IC50,9340.0,nM,=,,,,5.03,,,,,CHEMBL4028801,3006412,CHEMBL6020,CC(=O)O.C[C@@H](O)[C@@H]1NC(=O)[C@H](CCCCN)NC(=O)[C@@H](Cc2c[nH]c3ccccc23)NC(=O)[C@H](Cc2ccccc2)NC(=O)[C@@H](NC(=O)[C@H](N)Cc2ccccc2)CSSC[C@@H](C(=O)N[C@H](CO)[C@@H](C)O)NC1=O
18129075,CHEMBL4028921,CHEMBL428647,IC50,24400.0,nM,=,,,,4.61,,,,,CHEMBL4028801,3006413,CHEMBL6020,CC(=O)O[C@H]1C(=O)[C@@]2(C)[C@H]([C@H](OC(=O)c3ccccc3)[C@]3(O)C[C@H](OC(=O)[C@H](O)[C@@H](NC(=O)c4ccccc4)c4ccccc4)C(C)=C1C3(C)C)[C@]1(OC(C)=O)CO[C@@H]1C[C@@H]2O
18129076,CHEMBL4028921,CHEMBL1324,IC50,36600.0,nM,=,,,,4.44,,,,,CHEMBL4028801,3006414,CHEMBL6020,Cc1ccc(C(=O)c2cc(O)c(O)c([N+](=O)[O-])c2)cc1
18129077,CHEMBL4028921,CHEMBL672,IC50,15300.0,nM,=,,,,4.82,,,,,CHEMBL4028801,3006415,CHEMBL6020,CC(C)OC(=O)C(C)(C)Oc1ccc(C(=O)c2ccc(Cl)cc2)cc1
18129078,CHEMBL4028921,CHEMBL595,IC50,400.0,nM,=,,,,6.4,,,,,CHEMBL4028801,3006416,CHEMBL6020,CCc1ccc(CCOc2ccc(CC3SC(=O)NC3=O)cc2)nc1
18129079,CHEMBL4028921,CHEMBL550348,IC50,58400.0,nM,=,,,,4.23,,,,,CHEMBL4028801,3006417,CHEMBL6020,O=C(O)c1ccc(-n2nc(-c3ccccc3O)nc2-c2ccccc2O)cc1
18129080,CHEMBL4028921,CHEMBL1276308,IC50,2020.0,nM,=,,,,5.7,,,,,CHEMBL4028801,3006418,CHEMBL6020,CC#C[C@]1(O)CC[C@H]2[C@@H]3CCC4=CC(=O)CCC4=C3[C@@H](c3ccc(N(C)C)cc3)C[C@@]21C
18129081,CHEMBL4028921,CHEMBL15177,IC50,3530.0,nM,=,,,,5.45,,,,,CHEMBL4028801,3006419,CHEMBL6020,CN(C)C(=O)CCSC(SCCC(=O)O)c1cccc(/C=C/c2ccc3ccc(Cl)cc3n2)c1
18129082,CHEMBL4028921,CHEMBL477772,IC50,10300.0,nM,=,,,,4.99,,,,,CHEMBL4028801,3006420,CHEMBL6020,Cc1ccc(Nc2nccc(N(C)c3ccc4c(C)n(C)nc4c3)n2)cc1S(N)(=O)=O
18129083,CHEMBL4028921,CHEMBL163,IC50,1740.0,nM,=,,,,5.76,,,,,CHEMBL4028801,3006421,CHEMBL6020,CC(C)c1nc(CN(C)C(=O)N[C@H](C(=O)N[C@@H](Cc2ccccc2)C[C@H](O)[C@H](Cc2ccccc2)NC(=O)OCc2cncs2)C(C)C)cs1
18129084,CHEMBL4028921,CHEMBL374975,IC50,10100.0,nM,=,,,,5.0,,,,,CHEMBL4028801,3006422,CHEMBL6020,CC(=O)O[C@H]1C[C@@]2(C)[C@@H](C[C@@H](O)[C@H]3[C@@]4(C)CC[C@@H](O)[C@@H](C)[C@@H]4CC[C@@]32C)/C1=C(\CCC=C(C)C)C(=O)O
18129085,CHEMBL4028921,CHEMBL1456,IC50,76000.0,nM,=,,,,4.12,,,,,CHEMBL4028801,3006423,CHEMBL6020,COc1c(C)c2c(c(O)c1C/C=C(\C)CCC(=O)OCCN1CCOCC1)C(=O)OC2
18129086,CHEMBL4028921,CHEMBL223643,IC50,1560.0,nM,=,,,,5.81,,,,,CHEMBL4028801,3006424,CHEMBL6020,CC(C)[C@@H]1NC(=O)[C@H](C)OC(=O)[C@@H](C(C)C)NC(=O)[C@@H](C(C)C)OC(=O)[C@H](C(C)C)NC(=O)[C@H](C)OC(=O)[C@@H](C(C)C)NC(=O)[C@@H](C(C)C)OC(=O)[C@H](C(C)C)NC(=O)[C@H](C)OC(=O)[C@@H](C(C)C)NC(=O)[C@@H](C(C)C)OC1=O
18129087,CHEMBL4028921,CHEMBL1200476,IC50,13000.0,nM,=,,,,4.89,,,,,CHEMBL4028801,3006425,CHEMBL6020,CCCCCCCCCCCCOS(=O)(=O)O.CC[C@H]1OC(=O)[C@H](C)[C@@H](O[C@H]2C[C@@](C)(OC)[C@@H](O)[C@H](C)O2)[C@H](C)[C@@H](O[C@@H]2O[C@H](C)C[C@H](N(C)C)[C@H]2O)[C@](C)(O)C[C@@H](C)C(=O)[C@H](C)[C@@H](O)[C@]1(C)O
18129088,CHEMBL4028921,CHEMBL428496,IC50,13600.0,nM,=,,,,4.87,,,,,CHEMBL4028801,3006426,CHEMBL6020,COC[C@H]1OC(=O)c2coc3c2[C@@]1(C)C1=C(C3=O)[C@@H]2CCC(=O)[C@@]2(C)C[C@H]1OC(C)=O
18129089,CHEMBL4028921,CHEMBL691,IC50,14000.0,nM,=,,,,4.85,,,,,CHEMBL4028801,3006427,CHEMBL6020,C#C[C@]1(O)CC[C@H]2[C@@H]3CCc4cc(O)ccc4[C@H]3CC[C@@]21C
18129090,CHEMBL4028921,CHEMBL4097197,IC50,15200.0,nM,=,,,,4.82,,,,,CHEMBL4028801,3006428,CHEMBL6020,CS(=O)(=O)N1CCN(Cc2cc3nc(-c4cccc5[nH]ncc45)nc(N4CCOCC4)c3s2)CC1.CS(=O)(=O)O.CS(=O)(=O)O
18129091,CHEMBL4028921,CHEMBL43064,IC50,15700.0,nM,=,,,,4.8,,,,,CHEMBL4028801,3006429,CHEMBL6020,C(=C/c1ccccc1)\CN1CCN(C(c2ccccc2)c2ccccc2)CC1
18129092,CHEMBL4028921,CHEMBL388978,IC50,18700.0,nM,=,,,,4.73,,,,,CHEMBL4028801,3006430,CHEMBL6020,CN[C@@H]1C[C@H]2O[C@@](C)([C@@H]1OC)n1c3ccccc3c3c4c(c5c6ccccc6n2c5c31)C(=O)NC4
18129093,CHEMBL4028921,CHEMBL180022,IC50,25000.0,nM,=,,,,4.6,,,,,CHEMBL4028801,3006431,CHEMBL6020,CCOc1cc2ncc(C#N)c(Nc3ccc(OCc4ccccn4)c(Cl)c3)c2cc1NC(=O)/C=C/CN(C)C
18129094,CHEMBL4028921,CHEMBL54440,IC50,27000.0,nM,=,,,,4.57,,,,,CHEMBL4028801,3006432,CHEMBL6020,CC[C@H](C)C(=O)O[C@H]1CCC=C2C=C[C@H](C)[C@H](CC[C@@H]3C[C@@H](O)CC(=O)O3)[C@H]21
18129095,CHEMBL4028921,CHEMBL7002,IC50,37800.0,nM,=,,,,4.42,,,,,CHEMBL4028801,3006433,CHEMBL6020,CC1(COc2ccc(CC3SC(=O)NC3=O)cc2)CCCCC1
18129096,CHEMBL4028921,CHEMBL1617,IC50,42000.0,nM,=,,,,4.38,,,,,CHEMBL4028801,3006434,CHEMBL6020,CO[C@H]1/C=C/O[C@@]2(C)Oc3c(C)c(O)c4c(O)c(c5c(nc6cc(C)ccn65)c4c3C2=O)NC(=O)/C(C)=C\C=C\[C@H](C)[C@H](O)[C@@H](C)[C@@H](O)[C@@H](C)[C@H](OC(C)=O)[C@@H]1C
18129097,CHEMBL4028921,CHEMBL451,IC50,44100.0,nM,=,,,,4.36,,,,,CHEMBL4028801,3006435,CHEMBL6020,CNC1=Nc2ccc(Cl)cc2C(c2ccccc2)=[N+]([O-])C1
18129098,CHEMBL4028921,CHEMBL1569487,IC50,7560.0,nM,=,,,,5.12,,,,,CHEMBL4028801,3006436,CHEMBL6020,CN1C(C(=O)Nc2ccccn2)=C(O)c2sc(Cl)cc2S1(=O)=O
18129099,CHEMBL4028921,CHEMBL1879463,IC50,7900.0,nM,=,,,,5.1,,,,,CHEMBL4028801,3006437,CHEMBL6020,Cn1c(=O)n(-c2ccc(C(C)(C)C#N)cc2)c2c3cc(-c4cnc5ccccc5c4)ccc3ncc21
18129100,CHEMBL4028921,CHEMBL429023,IC50,8000.0,nM,=,,,,5.1,,,,,CHEMBL4028801,3006438,CHEMBL6020,C=C(C)[C@H]1Cc2c(ccc3c2O[C@@H]2COc4cc(OC)c(OC)cc4[C@@H]2C3=O)O1
18129101,CHEMBL4028921,CHEMBL1555126,IC50,9650.0,nM,=,,,,5.01,,,,,CHEMBL4028801,3006439,CHEMBL6020,N#C/C(=C1/SCC(c2ccccc2Cl)S1)n1ccnc1
18129102,CHEMBL4028921,CHEMBL444963,IC50,14300.0,nM,=,,,,4.84,,,,,CHEMBL4028801,3006440,CHEMBL6020,CCC(=O)O[C@@H]1CC(=O)O[C@H](C)C/C=C/C=C/[C@H](O)[C@H](C)C[C@H](CC=O)[C@H](O[C@@H]2O[C@H](C)[C@@H](O[C@H]3C[C@@](C)(O)[C@@H](OC(=O)CC)[C@H](C)O3)[C@H](N(C)C)[C@H]2O)[C@H]1OC
18129103,CHEMBL4028921,CHEMBL2103772,IC50,20300.0,nM,=,,,,4.69,,,,,CHEMBL4028801,3006441,CHEMBL6020,CC(=O)SCC(Cc1ccccc1)C(=O)NCC(=O)OCc1ccccc1
18129104,CHEMBL4028921,CHEMBL475534,IC50,22500.0,nM,=,,,,4.65,,,,,CHEMBL4028801,3006442,CHEMBL6020,CCOC(=O)C1=C(C)NC(C)=C(C(=O)OC)C1c1cccc([N+](=O)[O-])c1
18129105,CHEMBL4028921,CHEMBL111,IC50,25000.0,nM,=,,,,4.6,,,,,CHEMBL4028801,3006443,CHEMBL6020,Cc1c(C(=O)NN2CCCCC2)nn(-c2ccc(Cl)cc2Cl)c1-c1ccc(Cl)cc1
18129106,CHEMBL4028921,CHEMBL277535,IC50,27100.0,nM,=,,,,4.57,,,,,CHEMBL4028801,3006444,CHEMBL6020,c1ccc(-c2ccc(C(c3ccccc3)n3ccnc3)cc2)cc1
18129107,CHEMBL4028921,CHEMBL254219,IC50,31000.0,nM,=,,,,4.51,,,,,CHEMBL4028801,3006445,CHEMBL6020,C[C@H]1O[C@@H](O[C@H]2[C@@H](O)C[C@H](O[C@H]3[C@@H](O)C[C@H](O[C@H]4CC[C@@]5(C)[C@H](CC[C@@H]6[C@@H]5CC[C@]5(C)[C@@H](C7=CC(=O)OC7)CC[C@]65O)C4)O[C@@H]3C)O[C@@H]2C)C[C@H](O)[C@@H]1O
18129108,CHEMBL4028921,CHEMBL1200865,IC50,40400.0,nM,=,,,,4.39,,,,,CHEMBL4028801,3006446,CHEMBL6020,CCOC(=O)O[C@]1(C(=O)OCCl)CC[C@H]2[C@@H]3CCC4=CC(=O)C=C[C@]4(C)[C@H]3[C@@H](O)C[C@@]21C
18129109,CHEMBL4028921,CHEMBL1200799,IC50,43900.0,nM,=,,,,4.36,,,,,CHEMBL4028801,3006447,CHEMBL6020,CC(C)OC(=O)CCC/C=C\C[C@@H]1[C@@H](/C=C/[C@@H](O)COc2cccc(C(F)(F)F)c2)[C@H](O)C[C@@H]1O
18129110,CHEMBL4028921,CHEMBL3109278,IC50,46000.0,nM,=,,,,4.34,,,,,CHEMBL4028801,3006448,CHEMBL6020,CCN(CC)CCNC(=O)c1c(C)[nH]c(/C=C2\C(=O)Nc3ccc(F)cc32)c1C.O=C(O)CC(O)C(=O)O
18129111,CHEMBL4028921,CHEMBL1200585,IC50,48700.0,nM,=,,,,4.31,,,,,CHEMBL4028801,3006449,CHEMBL6020,C[C@]12C/C(=C/O)C(=O)C[C@@H]1CC[C@@H]1[C@@H]2CC[C@@]2(C)[C@H]1CC[C@]2(C)O
18129112,CHEMBL4028921,CHEMBL1200836,IC50,49300.0,nM,=,,,,4.31,,,,,CHEMBL4028801,3006450,CHEMBL6020,Clc1ccc(CO/N=C(\Cn2ccnc2)c2ccc(Cl)cc2Cl)c(Cl)c1.O=[N+]([O-])O
18129113,CHEMBL4028921,CHEMBL416146,IC50,53200.0,nM,=,,,,4.27,,,,,CHEMBL4028801,3006451,CHEMBL6020,Cc1ccc(-c2ncc(Cl)cc2-c2ccc(S(C)(=O)=O)cc2)cn1
18129114,CHEMBL4028921,CHEMBL4082273,IC50,55000.0,nM,=,,,,4.26,,,,,CHEMBL4028801,3006452,CHEMBL6020,C#C[C@@]1(O)CC[C@H]2[C@@H]3CCC4=CC(=O)CC[C@@H]4[C@H]3CC[C@@]21C
18129115,CHEMBL4028921,CHEMBL211501,IC50,59600.0,nM,=,,,,4.22,,,,,CHEMBL4028801,3006453,CHEMBL6020,CCCCCC[C@H]1C(=O)O[C@H](C)[C@H](NC(=O)c2cccc(NC=O)c2O)C(=O)O[C@@H](C)[C@@H]1OC(=O)CC(C)C
18129116,CHEMBL4028921,CHEMBL1381098,IC50,69000.0,nM,=,,,,4.16,,,,,CHEMBL4028801,3006454,CHEMBL6020,S=C=Nc1cccc2ccccc12
18129117,CHEMBL4028921,CHEMBL1083385,IC50,72000.0,nM,=,,,,4.14,,,,,CHEMBL4028801,3006455,CHEMBL6020,COC(=O)[C@H](c1ccccc1Cl)N1CCc2sccc2C1.O=S(=O)(O)O
18129118,CHEMBL4028921,CHEMBL1452696,IC50,73900.0,nM,=,,,,4.13,,,,,CHEMBL4028801,3006456,CHEMBL6020,CC(C)=CCC1C(=O)N(c2ccccc2)N(c2ccccc2)C1=O
18129119,CHEMBL4028921,CHEMBL1536,IC50,75800.0,nM,=,,,,4.12,,,,,CHEMBL4028801,3006457,CHEMBL6020,C=C1CC[C@H](O)C/C1=C/C=C1\CCC[C@]2(C)[C@@H]([C@H](C)/C=C/[C@H](C)C(C)C)CC[C@@H]12
18129120,CHEMBL4028921,CHEMBL599,IC50,77500.0,nM,=,,,,4.11,,,,,CHEMBL4028801,3006458,CHEMBL6020,Cc1cnc(NC(=O)C2=C(O)c3ccccc3S(=O)(=O)N2C)s1
18129121,CHEMBL4028921,CHEMBL12713,IC50,82700.0,nM,=,,,,4.08,,,,,CHEMBL4028801,3006459,CHEMBL6020,O=C1NCCN1CCN1CCC(c2cn(-c3ccc(F)cc3)c3ccc(Cl)cc23)CC1
18129122,CHEMBL4028921,CHEMBL1200374,IC50,90000.0,nM,=,,,,4.05,,,,,CHEMBL4028801,3006460,CHEMBL6020,C=C1C[C@@H]2[C@H](CC[C@]3(C)C(=O)CC[C@@H]23)[C@@]2(C)C=CC(=O)C=C12
18129123,CHEMBL4028921,CHEMBL1592,IC50,94000.0,nM,=,,,,4.03,,,,,CHEMBL4028801,3006461,CHEMBL6020,CCOC(=O)[C@H](CCc1ccccc1)N[C@@H](C)C(=O)N1Cc2ccccc2C[C@H]1C(=O)O
18129124,CHEMBL4028921,CHEMBL295416,IC50,99000.0,nM,=,,,,4.0,,,,,CHEMBL4028801,3006462,CHEMBL6020,Cc1cccc(Nc2cc(Cl)nc(SCC(=O)O)n2)c1C
18131854,CHEMBL4028921,CHEMBL589973,IC50,11500.0,nM,=,,,,4.94,,,,,CHEMBL4028801,3006946,CHEMBL6020,CCCCNC(=O)c1ccc(Oc2ccc(CC(=O)O)cc2OC)c(NS(=O)(=O)c2ccc(Cl)cc2Cl)c1
18407427,CHEMBL4151281,CHEMBL4159416,IC50,1400.0,nM,=,,,,5.85,,,,,CHEMBL4145665,3055082,CHEMBL6020,COc1ccc(F)c(-c2ccc(C3CCc4ccc([C@H](C5CC5)[C@H](C)C(=O)[O-])cc4O3)cc2)c1.[Na+]
18407428,CHEMBL4151281,CHEMBL4162778,IC50,300.0,nM,=,,,,6.52,,,,,CHEMBL4145665,3055084,CHEMBL6020,COc1ccc(F)c(-c2ccc(C3CCc4ccc([C@H](C5CC5)[C@H](C)C(=O)[O-])cc4O3)nc2)c1.[Na+]
18407429,CHEMBL4151281,CHEMBL4165147,IC50,3500.0,nM,=,,,,5.46,,,,,CHEMBL4145665,3055092,CHEMBL6020,COc1cc(-c2ccc([C@@H]3CCc4ccc([C@H](C5CC5)[C@H](C)C(=O)[O-])cc4O3)c(F)c2)ccn1.[Na+]
18407430,CHEMBL4151281,CHEMBL4168422,IC50,3200.0,nM,=,,,,5.5,,,,,CHEMBL4145665,3055097,CHEMBL6020,COc1cc(-c2ccc(C3CCc4ccc([C@H](C5CC5)[C@H](C)C(=O)[O-])cc4O3)nc2)c(F)cn1.[Na+]
19061427,CHEMBL4358674,CHEMBL4483575,IC50,6600.0,nM,=,,,,5.18,,,,"{'bei': '10.21', 'le': '0.19', 'lle': '0.71', 'sei': '4.69'}",CHEMBL4354855,3180235,CHEMBL6020,C=CC(=O)N(C)CCOc1c(N)ncnc1-c1cc(F)cc(NC(=O)c2ccc(C3CC3)cc2F)c1C
19214721,CHEMBL4393831,CHEMBL4474619,IC50,74000.0,nM,=,,,,4.13,,,,,CHEMBL4393654,3207315,CHEMBL6020,Cc1cc(-c2ccc(C(=O)[C@@H]3CCCC[C@H]3C(=O)Nc3cnn(C)c3S(N)(=O)=O)cc2)n[nH]1
19214722,CHEMBL4393831,CHEMBL4542281,IC50,74000.0,nM,=,,,,4.13,,,,,CHEMBL4393654,3207316,CHEMBL6020,Cc1cc(-c2ccc(C(=O)[C@@H]3CCCC[C@H]3C(=O)Nc3cnn4c3C(=O)NCC4)cc2)n[nH]1
19430909,CHEMBL4428921,CHEMBL4469805,IC50,13300.0,nM,=,,,,4.88,,,,"{'bei': '10.02', 'le': '0.21', 'lle': '0.57', 'sei': '5.16'}",CHEMBL4428053,3245588,CHEMBL6020,COc1cc(C(=O)NS(C)(=O)=O)c(F)cc1-c1cnc(Oc2cc(F)ccc2F)c(Cl)c1
20673915,CHEMBL4621450,CHEMBL4637027,IC50,28000.0,nM,=,,,,4.55,,,,"{'bei': '9.97', 'le': '0.18', 'lle': '-0.71', 'sei': '4.66'}",CHEMBL4619774,3481433,CHEMBL6020,CC(C)c1cc(-c2ccc3c(c2)[C@H](N)CO3)cc([C@H](O)Cn2ccc3cccc(C(=O)O)c32)c1
20693112,CHEMBL4626006,CHEMBL4648431,IC50,50118.72,nM,=,,,,4.3,,,,,CHEMBL4622971,3485337,CHEMBL6020,CNC(=O)c1cc(C(=O)NC2CC2)cn(Cc2cccc3[nH]ccc23)c1=O
22396449,CHEMBL4668599,CHEMBL595,IC50,260.0,nM,=,,,,6.58,,,,,CHEMBL4665680,3508358,CHEMBL6020,CCc1ccc(CCOc2ccc(CC3SC(=O)NC3=O)cc2)nc1
22396450,CHEMBL4668599,CHEMBL160,IC50,400.0,nM,=,,,,6.4,,,,,CHEMBL4665680,3508357,CHEMBL6020,C/C=C/C[C@@H](C)[C@@H](O)[C@H]1C(=O)N[C@@H](CC)C(=O)N(C)CC(=O)N(C)[C@@H](CC(C)C)C(=O)N[C@@H](C(C)C)C(=O)N(C)[C@@H](CC(C)C)C(=O)N[C@@H](C)C(=O)N[C@H](C)C(=O)N(C)[C@@H](CC(C)C)C(=O)N(C)[C@@H](CC(C)C)C(=O)N(C)[C@@H](C(C)C)C(=O)N1C
22396451,CHEMBL4668599,CHEMBL163,IC50,2200.0,nM,=,,,,5.66,,,,,CHEMBL4665680,3508359,CHEMBL6020,CC(C)c1nc(CN(C)C(=O)N[C@H](C(=O)N[C@@H](Cc2ccccc2)C[C@H](O)[C@H](Cc2ccccc2)NC(=O)OCc2cncs2)C(C)C)cs1
22396452,CHEMBL4668599,CHEMBL114,IC50,2900.0,nM,=,,,,5.54,,,,,CHEMBL4665680,3508360,CHEMBL6020,CC(C)(C)NC(=O)[C@@H]1C[C@@H]2CCCC[C@@H]2CN1C[C@@H](O)[C@H](Cc1ccccc1)NC(=O)[C@H](CC(N)=O)NC(=O)c1ccc2ccccc2n1
22396453,CHEMBL4668599,CHEMBL75,IC50,3400.0,nM,=,,,,5.47,,,,,CHEMBL4665680,3508361,CHEMBL6020,CC(=O)N1CCN(c2ccc(OC[C@H]3CO[C@](Cn4ccnc4)(c4ccc(Cl)cc4Cl)O3)cc2)CC1
22396454,CHEMBL4668599,CHEMBL121,IC50,3800.0,nM,=,,,,5.42,,,,,CHEMBL4665680,3508362,CHEMBL6020,CN(CCOc1ccc(CC2SC(=O)NC2=O)cc1)c1ccccn1
22396455,CHEMBL4668599,CHEMBL472,IC50,5300.0,nM,=,,,,5.28,,,,,CHEMBL4665680,3508363,CHEMBL6020,COc1ccc(Cl)cc1C(=O)NCCc1ccc(S(=O)(=O)NC(=O)NC2CCCCC2)cc1
22396456,CHEMBL4668599,CHEMBL408,IC50,5900.0,nM,=,,,,5.23,,,,,CHEMBL4665680,3508364,CHEMBL6020,Cc1c(C)c2c(c(C)c1O)CCC(C)(COc1ccc(CC3SC(=O)NC3=O)cc1)O2
22396457,CHEMBL4668599,CHEMBL554,IC50,6500.0,nM,=,,,,5.19,,,,,CHEMBL4665680,3508365,CHEMBL6020,CS(=O)(=O)CCNCc1ccc(-c2ccc3ncnc(Nc4ccc(OCc5cccc(F)c5)c(Cl)c4)c3c2)o1
22396458,CHEMBL4668599,CHEMBL623,IC50,7000.0,nM,=,,,,5.16,,,,,CHEMBL4665680,3508366,CHEMBL6020,CCc1nn(CCCN2CCN(c3cccc(Cl)c3)CC2)c(=O)n1CCOc1ccccc1
22396459,CHEMBL4668599,CHEMBL1513,IC50,7300.0,nM,=,,,,5.14,,,,,CHEMBL4665680,3508367,CHEMBL6020,CCCCC1=NC2(CCCC2)C(=O)N1Cc1ccc(-c2ccccc2-c2nnn[nH]2)cc1
22396460,CHEMBL4668599,CHEMBL1484,IC50,7900.0,nM,=,,,,5.1,,,,,CHEMBL4665680,3508368,CHEMBL6020,COC(=O)C1=C(C)NC(C)=C(C(=O)OCCN(C)Cc2ccccc2)C1c1cccc([N+](=O)[O-])c1
22396461,CHEMBL4668599,CHEMBL772,IC50,8400.0,nM,=,,,,5.08,,,,,CHEMBL4665680,3508369,CHEMBL6020,COC(=O)[C@H]1[C@H]2C[C@@H]3c4[nH]c5cc(OC)ccc5c4CCN3C[C@H]2C[C@@H](OC(=O)c2cc(OC)c(OC)c(OC)c2)[C@@H]1OC
22396462,CHEMBL4668599,CHEMBL191,IC50,8500.0,nM,=,,,,5.07,,,,,CHEMBL4665680,3508370,CHEMBL6020,CCCCc1nc(Cl)c(CO)n1Cc1ccc(-c2ccccc2-c2nnn[nH]2)cc1
22396463,CHEMBL4668599,CHEMBL54349,IC50,9200.0,nM,=,,,,5.04,,,,,CHEMBL4665680,3508371,CHEMBL6020,CCCN(CCC)C(=O)Cc1c(-c2ccc(Cl)cc2)nc2ccc(Cl)cn12
22402001,CHEMBL4669880,CHEMBL4567446,IC50,94000.0,nM,=,,,,4.03,,,,"{'bei': '8.01', 'le': '0.15', 'lle': '-0.25', 'sei': '3.51'}",CHEMBL4665761,3509630,CHEMBL6020,COc1cc(C(=O)N2CCC3(CC2)CC(=O)c2c(cnn2C(C)C)C3)cc(-c2ccc(C(=O)O)cc2)n1
24366015,CHEMBL5035861,CHEMBL4297270,IC50,4800.0,nM,=,,,,5.32,,,,,CHEMBL5034035,3775602,CHEMBL6020,Cc1noc(-c2ccc(-c3ccc(C4(C(=O)O)CC4)cc3)cc2)c1NC(=O)O[C@H](C)c1ccccc1
24366016,CHEMBL5035861,CHEMBL5072201,IC50,19600.0,nM,=,,,,4.71,,,,,CHEMBL5034035,3775603,CHEMBL6020,Cc1nc(-c2nnn(C)c2COC(=O)N(C)CC2CCC2)ccc1O[C@H]1CCC[C@H](C(=O)O)C1
24366019,CHEMBL5035861,CHEMBL5092698,IC50,46300.0,nM,=,,,,4.33,,,,,CHEMBL5034035,3775612,CHEMBL6020,CN(C(=O)OCc1c(-c2ccc(O[C@H]3CCC[C@H](C(=O)O)C3)cn2)nnn1C)C1CCCC1
24366020,CHEMBL5035861,CHEMBL5085115,IC50,7700.0,nM,=,,,,5.11,,,,,CHEMBL5034035,3775614,CHEMBL6020,Cc1nc(-c2nnn(C)c2COC(=O)N(C)CC2CCC2)cnc1O[C@H]1CCC[C@H](C(=O)O)C1
24855084,CHEMBL5148519,CHEMBL5182534,IC50,1400.0,nM,=,,,,5.85,,,,"{'bei': '9.09', 'le': '0.17', 'lle': '-1.65', 'sei': '5.87'}",CHEMBL5143714,3882847,CHEMBL6020,CC(C)(O)c1ccc(-c2cccc(N(CC34CCC(c5noc(C(C)(C)F)n5)(CC3)CC4)C(=O)[C@H]3C[C@](O)(C(F)(F)F)C3)c2)cc1
