activity_id,assay_chembl_id,molecule_chembl_id,standard_type,standard_value,standard_units,standard_relation,published_value,published_units,published_relation,pchembl_value,activity_comment,data_validity_comment,confidence_score,ligand_efficiency,document_chembl_id,record_id,target_chembl_id,smiles
82183,CHEMBL779648,CHEMBL53492,IC50,3600.0,nM,=,,,,5.44,,,,,CHEMBL1149931,90244,CHEMBL2095152,CC1(C)C=C(c2cccc[n+]2[O-])c2cc(C#N)ccc2C1=O
93205,CHEMBL686671,CHEMBL301166,IC50,2520.0,nM,=,,,,5.6,,,,,CHEMBL1149931,90237,CHEMBL2095152,CC1(C)C=C(c2cccc[n+]2[O-])c2cc(C(F)(F)C(F)(F)F)ccc2C1=O
97291,CHEMBL686671,CHEMBL11684,IC50,1500.0,nM,=,,,,5.82,,,,,CHEMBL1149931,90242,CHEMBL2095152,CC1(C)Oc2ccc(C#N)cc2[C@H](N2CCCC2=O)[C@H]1O
196123,CHEMBL762564,CHEMBL131352,EC50,5011.87,nM,=,,,,5.3,,,,,CHEMBL1148468,247533,CHEMBL2095152,CCC(CC)(CCC#N)C(NC(=O)c1ccc(Cl)cc1)N/C(=N/c1cccnc1)NC#N
198267,CHEMBL762564,CHEMBL128096,EC50,1995.26,nM,=,,,,5.7,,,,,CHEMBL1148468,247536,CHEMBL2095152,N#CN/C(=N\C(NC(=O)c1ccc(Cl)cc1)C(Cl)(Cl)Cl)Nc1cccnc1
202147,CHEMBL762564,CHEMBL131453,EC50,7943.28,nM,=,,,,5.1,,,,,CHEMBL1148468,247520,CHEMBL2095152,CC(C)(C)C(NC(=O)c1ccc(Cl)cc1)N/C(=N/c1cccnc1)N[N+](=O)[O-]
206912,CHEMBL762564,CHEMBL335172,EC50,2511.89,nM,=,,,,5.6,,,,,CHEMBL1148468,247523,CHEMBL2095152,CC(Cl)(Cl)C(NC(=O)c1ccc(Cl)cc1)N/C(=N/c1cccnc1)NC#N
206914,CHEMBL762564,CHEMBL1788243,EC50,19952.62,nM,=,,,,4.7,,,,,CHEMBL1148468,247524,CHEMBL2095152,CC(Cl)(Cl)[C@H](NC(=O)c1ccc(Cl)cc1)N/C(=N/c1cccnc1)NC#N
208073,CHEMBL762564,CHEMBL339992,EC50,5011.87,nM,=,,,,5.3,,,,,CHEMBL1148468,247526,CHEMBL2095152,CC(Cl)(Cl)C(NC(=O)c1cc(F)cc(F)c1)N/C(=N/c1cccnc1)NC#N
210419,CHEMBL762564,CHEMBL421903,EC50,1995.26,nM,=,,,,5.7,,,,,CHEMBL1148468,247519,CHEMBL2095152,O=C(NC(NC(=S)Nc1cccnc1)C(Cl)(Cl)Cl)c1ccc(Cl)cc1
213926,CHEMBL762564,CHEMBL129080,EC50,1584.89,nM,=,,,,5.8,,,,,CHEMBL1148468,247528,CHEMBL2095152,CC(Cl)(Cl)C(NC(=O)c1cccc(Cl)c1)N/C(=N/c1cccnc1)NC#N
215027,CHEMBL762564,CHEMBL127164,EC50,19952.62,nM,=,,,,4.7,,,,,CHEMBL1148468,247539,CHEMBL2095152,CC(C)(C)C(NC(=O)c1ccc(Cl)cc1)N/C(=N/c1cccnc1)NC#N
221050,CHEMBL762564,CHEMBL131347,EC50,7943.28,nM,=,,,,5.1,,,,,CHEMBL1148468,247540,CHEMBL2095152,CC(C)(C)C(NC(=O)c1ccc(Cl)cc1)N/C(S)=N/c1cccnc1
221053,CHEMBL762564,CHEMBL239512,EC50,5011.87,nM,=,,,,5.3,,,,,CHEMBL1148468,247535,CHEMBL2095152,CC(Cl)(Cl)[C@@H](NC(=O)c1ccc(Cl)cc1)N/C(=N/C#N)Nc1cccnc1
265244,CHEMBL678531,CHEMBL36665,EC50,30.0,nM,=,,,,7.52,,,,,CHEMBL1135128,55348,CHEMBL2095152,OC1=C2C(=Nc3ccnn3C2c2ccc(F)c(Br)c2)CCC1
265246,CHEMBL858283,CHEMBL36665,EC50,338.84,nM,=,,,,6.47,,,,,CHEMBL1135128,55348,CHEMBL2095152,OC1=C2C(=Nc3ccnn3C2c2ccc(F)c(Br)c2)CCC1
265247,CHEMBL678531,CHEMBL285407,EC50,187.0,nM,=,,,,6.73,,,,,CHEMBL1135128,55323,CHEMBL2095152,OC1=C2C(=Nc3ccnn3C2c2ccc(Cl)c(C(F)(F)F)c2)CCC1
267747,CHEMBL678531,CHEMBL35250,EC50,9700.0,nM,=,,,,5.01,,,,,CHEMBL1135128,55341,CHEMBL2095152,CC1(C)CC(=O)C2C(C1)Nc1ccnn1C2c1ccc(F)c(Br)c1
269060,CHEMBL678531,CHEMBL285533,EC50,1100.0,nM,=,,,,5.96,,,,,CHEMBL1135128,55345,CHEMBL2095152,OC1=C2C(=Nc3ccnn3C2c2cccc(Cl)c2)CCC1
270376,CHEMBL678531,CHEMBL33973,EC50,3200.0,nM,=,,,,5.5,,,,,CHEMBL1135128,55344,CHEMBL2095152,OC1=C2C(=Nc3c(-c4cccc(F)c4)cnn3C2c2ccc(Cl)c(Cl)c2)CCC1
270377,CHEMBL678531,CHEMBL34523,EC50,30.0,nM,=,,,,7.52,,,,,CHEMBL1135128,55342,CHEMBL2095152,OC1=C2C(=Nc3ccnn3C2c2ccc(Br)c(F)c2)CCC1
271676,CHEMBL678531,CHEMBL287995,EC50,7800.0,nM,=,,,,5.11,,,,,CHEMBL1135128,55327,CHEMBL2095152,OC1=C2C(=Nc3ccnn3C2c2ccc(F)cc2)CCC1
272909,CHEMBL678531,CHEMBL37959,EC50,394.0,nM,=,,,,6.41,,,,,CHEMBL1135128,55333,CHEMBL2095152,OC1=C2C(=Nc3c(Br)cnn3C2c2ccc(F)c(Br)c2)CCC1
276691,CHEMBL678531,CHEMBL35554,EC50,155.0,nM,=,,,,6.81,,,,,CHEMBL1135128,55335,CHEMBL2095152,O=C1CCCC2Nc3ccnn3[C@@H](c3ccc(F)c(Br)c3)C12
276693,CHEMBL858283,CHEMBL35554,EC50,457.09,nM,=,,,,6.34,,,,,CHEMBL1135128,55335,CHEMBL2095152,O=C1CCCC2Nc3ccnn3[C@@H](c3ccc(F)c(Br)c3)C12
278997,CHEMBL678531,CHEMBL35104,EC50,310.0,nM,=,,,,6.51,,,,,CHEMBL1135128,55326,CHEMBL2095152,O=[N+]([O-])c1cc(C2C3=C(O)CCCC3=Nc3ccnn32)ccc1Cl
278998,CHEMBL678531,CHEMBL35304,EC50,12000.0,nM,=,,,,4.92,,,,,CHEMBL1135128,55339,CHEMBL2095152,CC(C)(C)c1cc2n(n1)C(c1ccc(F)c(Br)c1)C1=C(O)CCCC1=N2
279025,CHEMBL678531,CHEMBL35128,EC50,262.0,nM,=,,,,6.58,,,,,CHEMBL1135128,55336,CHEMBL2095152,O=C1CCCC2Nc3ccnn3[C@H](c3ccc(F)c(Br)c3)C12
279027,CHEMBL858283,CHEMBL35128,EC50,213.8,nM,=,,,,6.67,,,,,CHEMBL1135128,55336,CHEMBL2095152,O=C1CCCC2Nc3ccnn3[C@H](c3ccc(F)c(Br)c3)C12
281416,CHEMBL678531,CHEMBL37616,EC50,2860.0,nM,=,,,,5.54,,,,,CHEMBL1135128,55330,CHEMBL2095152,N#Cc1cccc(C2C3=C(O)CCCC3=Nc3ccnn32)c1
283649,CHEMBL678531,CHEMBL38327,EC50,130.0,nM,=,,,,6.89,,,,,CHEMBL1135128,55322,CHEMBL2095152,OC1=C2C(=Nc3ccnn3C2c2ccc(Cl)c(Cl)c2)CCC1
284951,CHEMBL678531,CHEMBL49035,EC50,425.0,nM,=,,,,6.37,,,,,CHEMBL1135128,55337,CHEMBL2095152,CC1(C)Oc2ccc(C#N)cc2C(N2CCCC2=O)C1O
284953,CHEMBL858283,CHEMBL49035,EC50,457.09,nM,=,,,,6.34,,,,,CHEMBL1135128,55337,CHEMBL2095152,CC1(C)Oc2ccc(C#N)cc2C(N2CCCC2=O)C1O
285955,CHEMBL688638,CHEMBL37648,EC50,13000.0,nM,=,,,,4.89,,,,,CHEMBL1135128,55347,CHEMBL2095152,Cc1cc(O)n2nc(C(C)(C)C)cc2n1
287161,CHEMBL678531,CHEMBL38015,EC50,550.0,nM,=,,,,6.26,,,,,CHEMBL1135128,55332,CHEMBL2095152,OC1=C2C(=Nc3ccnn3C2c2cccc(Br)c2)CCC1
288521,CHEMBL678531,CHEMBL37534,EC50,35.0,nM,=,,,,7.46,,,,,CHEMBL1135128,55324,CHEMBL2095152,CC1(C)CCC2Nc3ccnn3C(c3ccc(F)c(Br)c3)C2C1=O
288523,CHEMBL858283,CHEMBL37534,EC50,1000.0,nM,=,,,,6.0,,,,,CHEMBL1135128,55324,CHEMBL2095152,CC1(C)CCC2Nc3ccnn3C(c3ccc(F)c(Br)c3)C2C1=O
295989,CHEMBL678531,CHEMBL37598,EC50,256.0,nM,=,,,,6.59,,,,,CHEMBL1135128,55346,CHEMBL2095152,OC1=C2C(=Nc3ccnn3C2c2ccc(F)c(Cl)c2)CCC1
297326,CHEMBL678531,CHEMBL37535,EC50,910.0,nM,=,,,,6.04,,,,,CHEMBL1135128,55325,CHEMBL2095152,O=S1(=O)CCCC2Nc3ccnn3C(c3ccc(F)c(Br)c3)C21
299920,CHEMBL678531,CHEMBL2052025,EC50,3800.0,nM,=,,,,5.42,,,,,CHEMBL1135128,55321,CHEMBL2095152,N#Cc1cccc(C2C3=C(CCCC3=O)NC3=C2C(=O)CCC3)c1
299921,CHEMBL678531,CHEMBL37591,EC50,1700.0,nM,=,,,,5.77,,,,,CHEMBL1135128,55328,CHEMBL2095152,OC1=C2C(=Nc3ccnn3C2c2cccc(OC(F)(F)F)c2)CCC1
301148,CHEMBL678531,CHEMBL35356,EC50,40.0,nM,=,,,,7.4,,,,,CHEMBL1135128,55340,CHEMBL2095152,O=C1CSCC2Nc3ccnn3C(c3ccc(F)c(Br)c3)C12
301165,CHEMBL678531,CHEMBL284159,EC50,12000.0,nM,=,,,,4.92,,,,,CHEMBL1135128,55343,CHEMBL2095152,OC1=C2C(=Nc3c(-c4ccco4)cnn3C2c2ccc(Cl)c(Cl)c2)CCC1
303477,CHEMBL678531,CHEMBL284747,EC50,290.0,nM,=,,,,6.54,,,,,CHEMBL1135128,55331,CHEMBL2095152,OC1=C2C(=Nc3ccnn3C2c2ccc(F)c(C(F)(F)F)c2)CCC1
555385,CHEMBL701213,CHEMBL3138561,EC50,38.02,nM,=,,,,7.42,,,,,CHEMBL1148324,202715,CHEMBL2095152,O=C1CCCC2=C1C(c1ccc(F)c(Br)c1)C1=C(CCCS1(=O)=O)N2
555386,CHEMBL701216,CHEMBL3138561,EC50,363.08,nM,=,,,,6.44,,,,,CHEMBL1148324,202715,CHEMBL2095152,O=C1CCCC2=C1C(c1ccc(F)c(Br)c1)C1=C(CCCS1(=O)=O)N2
555387,CHEMBL701213,CHEMBL11458,EC50,44.67,nM,=,,,,7.35,,,,,CHEMBL1148324,202707,CHEMBL2095152,CCC(C)(C)/N=C(\NC#N)Nc1cccnc1
555388,CHEMBL701216,CHEMBL11458,EC50,85.11,nM,=,,,,7.07,,,,,CHEMBL1148324,202707,CHEMBL2095152,CCC(C)(C)/N=C(\NC#N)Nc1cccnc1
555389,CHEMBL699663,CHEMBL11458,EC50,21.88,nM,=,,,,7.66,,,,,CHEMBL1148324,202707,CHEMBL2095152,CCC(C)(C)/N=C(\NC#N)Nc1cccnc1
555391,CHEMBL701213,CHEMBL3138548,EC50,181.97,nM,=,,,,6.74,,,,,CHEMBL1148324,202679,CHEMBL2095152,Cc1ccc([C@H]2C3=C(CCCC3=O)NC3=C2S(=O)(=O)CC3)cc1Br
555392,CHEMBL701216,CHEMBL3138548,EC50,109.65,nM,=,,,,6.96,,,,,CHEMBL1148324,202679,CHEMBL2095152,Cc1ccc([C@H]2C3=C(CCCC3=O)NC3=C2S(=O)(=O)CC3)cc1Br
556545,CHEMBL701213,CHEMBL3138601,EC50,3311.31,nM,=,,,,5.48,,,,,CHEMBL1148324,202713,CHEMBL2095152,O=C1CCCC2=C1C(c1ccc(F)c(Br)c1)C1=C(CCCCS1(=O)=O)N2
556547,CHEMBL701213,CHEMBL3138612,EC50,17782.79,nM,=,,,,4.75,,,,,CHEMBL1148324,202668,CHEMBL2095152,CC1(C)CC(=O)C2=C(C1)NC1=C([C@@H]2c2ccc(F)c(Br)c2)S(=O)(=O)CC1
556549,CHEMBL701213,CHEMBL3138567,EC50,2041.74,nM,=,,,,5.69,,,,,CHEMBL1148324,202699,CHEMBL2095152,O=C1CCCC2=C1[C@H](c1ccc(F)c(F)c1)C1=C(CCS1(=O)=O)N2
556553,CHEMBL701213,CHEMBL3138589,EC50,1513.56,nM,=,,,,5.82,,,,,CHEMBL1148324,202690,CHEMBL2095152,O=C1CCCC2=C1[C@H](c1cccc(Br)c1)C1=C(CCS1(=O)=O)N2
559001,CHEMBL701213,CHEMBL3138603,EC50,575.44,nM,=,,,,6.24,,,,,CHEMBL1148324,202718,CHEMBL2095152,O=C1CCC2=C1[C@H](c1ccc(F)c(Br)c1)C1=C(CCS1(=O)=O)N2
559002,CHEMBL701216,CHEMBL3138603,EC50,338.84,nM,=,,,,6.47,,,,,CHEMBL1148324,202718,CHEMBL2095152,O=C1CCC2=C1[C@H](c1ccc(F)c(Br)c1)C1=C(CCS1(=O)=O)N2
559003,CHEMBL701213,CHEMBL3138577,EC50,83.18,nM,=,,,,7.08,,,,,CHEMBL1148324,202665,CHEMBL2095152,CC1(C)CCC2=C(C1=O)[C@H](c1ccc(F)c(Br)c1)C1=C(CCS1(=O)=O)N2
559004,CHEMBL701216,CHEMBL3138577,EC50,5623.41,nM,=,,,,5.25,,,,,CHEMBL1148324,202665,CHEMBL2095152,CC1(C)CCC2=C(C1=O)[C@H](c1ccc(F)c(Br)c1)C1=C(CCS1(=O)=O)N2
559005,CHEMBL701213,CHEMBL324190,EC50,213.8,nM,=,,,,6.67,,,,,CHEMBL1148324,202703,CHEMBL2095152,CC(=O)C1=C(C)NC2=C(C1c1ccc(F)c(Br)c1)S(=O)(=O)CCC2
559006,CHEMBL701216,CHEMBL324190,EC50,794.33,nM,=,,,,6.1,,,,,CHEMBL1148324,202703,CHEMBL2095152,CC(=O)C1=C(C)NC2=C(C1c1ccc(F)c(Br)c1)S(=O)(=O)CCC2
559007,CHEMBL701213,CHEMBL3138596,EC50,54.95,nM,=,,,,7.26,,,,,CHEMBL1148324,202677,CHEMBL2095152,O=C1CCCC2=C1[C@H](c1ccc(Br)c(Br)c1)C1=C(CCS1(=O)=O)N2
559008,CHEMBL701216,CHEMBL3138596,EC50,537.03,nM,=,,,,6.27,,,,,CHEMBL1148324,202677,CHEMBL2095152,O=C1CCCC2=C1[C@H](c1ccc(Br)c(Br)c1)C1=C(CCS1(=O)=O)N2
559009,CHEMBL701213,CHEMBL3138557,EC50,5888.44,nM,=,,,,5.23,,,,,CHEMBL1148324,202691,CHEMBL2095152,N#Cc1cccc([C@H]2C3=C(CCCC3=O)NC3=C2S(=O)(=O)CC3)c1
559010,CHEMBL701216,CHEMBL3138557,EC50,12882.5,nM,=,,,,4.89,,,,,CHEMBL1148324,202691,CHEMBL2095152,N#Cc1cccc([C@H]2C3=C(CCCC3=O)NC3=C2S(=O)(=O)CC3)c1
561166,CHEMBL701213,CHEMBL321982,EC50,446.68,nM,=,,,,6.35,,,,,CHEMBL1148324,202702,CHEMBL2095152,O=S1(=O)CCC2=C1C(c1ccc(F)c(Br)c1)C=C(C(F)(F)F)N2
561167,CHEMBL701216,CHEMBL321982,EC50,2238.72,nM,=,,,,5.65,,,,,CHEMBL1148324,202702,CHEMBL2095152,O=S1(=O)CCC2=C1C(c1ccc(F)c(Br)c1)C=C(C(F)(F)F)N2
561168,CHEMBL701213,CHEMBL3138592,EC50,154.88,nM,=,,,,6.81,,,,,CHEMBL1148324,202687,CHEMBL2095152,O=C1CCCC2=C1[C@H](c1ccc(F)c(C(F)(F)F)c1)C1=C(CCS1(=O)=O)N2
561169,CHEMBL701216,CHEMBL3138592,EC50,977.24,nM,=,,,,6.01,,,,,CHEMBL1148324,202687,CHEMBL2095152,O=C1CCCC2=C1[C@H](c1ccc(F)c(C(F)(F)F)c1)C1=C(CCS1(=O)=O)N2
561170,CHEMBL701213,CHEMBL3138555,EC50,213.8,nM,=,,,,6.67,,,,,CHEMBL1148324,202682,CHEMBL2095152,O=C1CCCC2=C1[C@H](c1ccc(F)c(-c3ccco3)c1)C1=C(CCS1(=O)=O)N2
561171,CHEMBL701216,CHEMBL3138555,EC50,1698.24,nM,=,,,,5.77,,,,,CHEMBL1148324,202682,CHEMBL2095152,O=C1CCCC2=C1[C@H](c1ccc(F)c(-c3ccco3)c1)C1=C(CCS1(=O)=O)N2
561173,CHEMBL699660,CHEMBL3138593,EC50,478.63,nM,=,,,,6.32,,,,,CHEMBL1148324,202655,CHEMBL2095152,O=C1CCC2=C1C(c1ccc([N+](=O)[O-])s1)C1=C(CCS1(=O)=O)N2
562400,CHEMBL701213,CHEMBL3138594,EC50,501.19,nM,=,,,,6.3,,,,,CHEMBL1148324,202706,CHEMBL2095152,CCOC(=O)C1=C(C)NC2=C(C1c1ccc(F)c(Br)c1)S(=O)(=O)CC2
563554,CHEMBL701213,CHEMBL3138611,EC50,107.15,nM,=,,,,6.97,,,,,CHEMBL1148324,202666,CHEMBL2095152,CC1(C)CCC2=C(C1=O)[C@@H](c1ccc(F)c(Br)c1)C1=C(CCS1(=O)=O)N2
563555,CHEMBL701216,CHEMBL3138611,EC50,977.24,nM,=,,,,6.01,,,,,CHEMBL1148324,202666,CHEMBL2095152,CC1(C)CCC2=C(C1=O)[C@@H](c1ccc(F)c(Br)c1)C1=C(CCS1(=O)=O)N2
564787,CHEMBL701213,CHEMBL3138561,EC50,1202.26,nM,=,,,,5.92,,,,,CHEMBL1148324,202653,CHEMBL2095152,O=C1CCCC2=C1C(c1ccc(F)c(Br)c1)C1=C(CCCS1(=O)=O)N2
564788,CHEMBL701216,CHEMBL3138561,EC50,6760.83,nM,=,,,,5.17,,,,,CHEMBL1148324,202653,CHEMBL2095152,O=C1CCCC2=C1C(c1ccc(F)c(Br)c1)C1=C(CCCS1(=O)=O)N2
564789,CHEMBL701213,CHEMBL2062142,EC50,251.19,nM,=,,,,6.6,,,,,CHEMBL1148324,202671,CHEMBL2095152,CCc1cc(C#N)ccc1Nc1c(N[C@H](C)C(C)(C)C)c(=O)c1=O
564790,CHEMBL701216,CHEMBL2062142,EC50,676.08,nM,=,,,,6.17,,,,,CHEMBL1148324,202671,CHEMBL2095152,CCc1cc(C#N)ccc1Nc1c(N[C@H](C)C(C)(C)C)c(=O)c1=O
564791,CHEMBL699663,CHEMBL2062142,EC50,102.33,nM,=,,,,6.99,,,,,CHEMBL1148324,202671,CHEMBL2095152,CCc1cc(C#N)ccc1Nc1c(N[C@H](C)C(C)(C)C)c(=O)c1=O
565864,CHEMBL701213,CHEMBL3138560,EC50,52.48,nM,=,,,,7.28,,,,,CHEMBL1148324,202716,CHEMBL2095152,O=C1CCC2=C1[C@@H](c1ccc(F)c(Br)c1)C1=C(CCCS1(=O)=O)N2
565865,CHEMBL701216,CHEMBL3138560,EC50,281.84,nM,=,,,,6.55,,,,,CHEMBL1148324,202716,CHEMBL2095152,O=C1CCC2=C1[C@@H](c1ccc(F)c(Br)c1)C1=C(CCCS1(=O)=O)N2
567068,CHEMBL701213,CHEMBL420483,EC50,338.84,nM,=,,,,6.47,,,,,CHEMBL1148324,202712,CHEMBL2095152,O=S1(=O)CCC2=C1C(c1ccc(F)c(Br)c1)C1=C(CCS1(=O)=O)N2
567069,CHEMBL701216,CHEMBL420483,EC50,269.15,nM,=,,,,6.57,,,,,CHEMBL1148324,202712,CHEMBL2095152,O=S1(=O)CCC2=C1C(c1ccc(F)c(Br)c1)C1=C(CCS1(=O)=O)N2
569680,CHEMBL701213,CHEMBL3138605,EC50,1318.26,nM,=,,,,5.88,,,,,CHEMBL1148324,202672,CHEMBL2095152,O=C1CCCC2=C1[C@H](c1ccc(Cl)c(F)c1)C1=C(CCS1(=O)=O)N2
571003,CHEMBL701213,CHEMBL3138607,EC50,123.03,nM,=,,,,6.91,,,,,CHEMBL1148324,202651,CHEMBL2095152,O=C1CCCC2=C1[C@H](c1ccc(F)c(Br)c1)C1=C(CCS1(=O)=O)N2
571004,CHEMBL701216,CHEMBL3138607,EC50,234.42,nM,=,,,,6.63,,,,,CHEMBL1148324,202651,CHEMBL2095152,O=C1CCCC2=C1[C@H](c1ccc(F)c(Br)c1)C1=C(CCS1(=O)=O)N2
571005,CHEMBL699663,CHEMBL3138607,EC50,22.91,nM,=,,,,7.64,,,,,CHEMBL1148324,202651,CHEMBL2095152,O=C1CCCC2=C1[C@H](c1ccc(F)c(Br)c1)C1=C(CCS1(=O)=O)N2
571013,CHEMBL701213,CHEMBL3138581,EC50,138.04,nM,=,,,,6.86,,,,,CHEMBL1148324,202700,CHEMBL2095152,O=C1CCCC2=C1[C@H](c1ccc(F)c(Cl)c1)C1=C(CCS1(=O)=O)N2
571014,CHEMBL701216,CHEMBL3138581,EC50,213.8,nM,=,,,,6.67,,,,,CHEMBL1148324,202700,CHEMBL2095152,O=C1CCCC2=C1[C@H](c1ccc(F)c(Cl)c1)C1=C(CCS1(=O)=O)N2
571015,CHEMBL701213,CHEMBL3138556,EC50,2398.83,nM,=,,,,5.62,,,,,CHEMBL1148324,202695,CHEMBL2095152,O=C1CCCC2=C1[C@H](c1ccc3nsnc3c1)C1=C(CCS1(=O)=O)N2
572273,CHEMBL701213,CHEMBL3138554,EC50,281.84,nM,=,,,,6.55,,,,,CHEMBL1148324,202675,CHEMBL2095152,Cc1ccc([C@H]2C3=C(CCCC3=O)NC3=C2S(=O)(=O)CC3)cc1[N+](=O)[O-]
572274,CHEMBL701216,CHEMBL3138554,EC50,537.03,nM,=,,,,6.27,,,,,CHEMBL1148324,202675,CHEMBL2095152,Cc1ccc([C@H]2C3=C(CCCC3=O)NC3=C2S(=O)(=O)CC3)cc1[N+](=O)[O-]
573475,CHEMBL701213,CHEMBL2052025,EC50,3801.89,nM,=,,,,5.42,,,,,CHEMBL1148324,202710,CHEMBL2095152,N#Cc1cccc(C2C3=C(CCCC3=O)NC3=C2C(=O)CCC3)c1
573476,CHEMBL701216,CHEMBL2052025,EC50,9772.37,nM,=,,,,5.01,,,,,CHEMBL1148324,202710,CHEMBL2095152,N#Cc1cccc(C2C3=C(CCCC3=O)NC3=C2C(=O)CCC3)c1
573477,CHEMBL701213,CHEMBL18861,EC50,389.05,nM,=,,,,6.41,,,,,CHEMBL1148324,202708,CHEMBL2095152,C[C@](O)(C(=O)Nc1ccc(C(=O)c2ccccc2)cc1)C(F)(F)F
573478,CHEMBL701216,CHEMBL18861,EC50,2754.23,nM,=,,,,5.56,,,,,CHEMBL1148324,202708,CHEMBL2095152,C[C@](O)(C(=O)Nc1ccc(C(=O)c2ccccc2)cc1)C(F)(F)F
573479,CHEMBL699663,CHEMBL18861,EC50,295.12,nM,=,,,,6.53,,,,,CHEMBL1148324,202708,CHEMBL2095152,C[C@](O)(C(=O)Nc1ccc(C(=O)c2ccccc2)cc1)C(F)(F)F
573481,CHEMBL701213,CHEMBL3138590,EC50,12022.64,nM,=,,,,4.92,,,,,CHEMBL1148324,202697,CHEMBL2095152,O=C1CCCC2=C1[C@H](c1ccc(F)c(-c3ccccc3)c1)C1=C(CCS1(=O)=O)N2
574631,CHEMBL701213,CHEMBL2112479,EC50,630.96,nM,=,,,,6.2,,,,,CHEMBL1148324,202669,CHEMBL2095152,CC1(C)CCC(=O)C2=C1NC1=C([C@H]2c2ccc(F)c(Br)c2)S(=O)(=O)CC1
574632,CHEMBL701216,CHEMBL2112479,EC50,2691.53,nM,=,,,,5.57,,,,,CHEMBL1148324,202669,CHEMBL2095152,CC1(C)CCC(=O)C2=C1NC1=C([C@H]2c2ccc(F)c(Br)c2)S(=O)(=O)CC1
575749,CHEMBL701213,CHEMBL3138604,EC50,467.74,nM,=,,,,6.33,,,,,CHEMBL1148324,202689,CHEMBL2095152,N#Cc1cc([C@H]2C3=C(CCCC3=O)NC3=C2S(=O)(=O)CC3)ccc1F
575753,CHEMBL701213,CHEMBL3138546,EC50,61659.5,nM,=,,,,4.21,,,,,CHEMBL1148324,202692,CHEMBL2095152,O=C1CCCC2=C1[C@H](c1cc(Cl)c(Cl)cc1CO)C1=C(CCS1(=O)=O)N2
578334,CHEMBL701213,CHEMBL3138576,EC50,7079.46,nM,=,,,,5.15,,,,,CHEMBL1148324,202667,CHEMBL2095152,CC1(C)CC(=O)C2=C(C1)NC1=C([C@H]2c2ccc(F)c(Br)c2)S(=O)(=O)CC1
579641,CHEMBL701213,CHEMBL3138582,EC50,213.8,nM,=,,,,6.67,,,,,CHEMBL1148324,202696,CHEMBL2095152,O=C1CCCC2=C1[C@H](c1ccc3nonc3c1)C1=C(CCS1(=O)=O)N2
579642,CHEMBL701216,CHEMBL3138582,EC50,2344.23,nM,=,,,,5.63,,,,,CHEMBL1148324,202696,CHEMBL2095152,O=C1CCCC2=C1[C@H](c1ccc3nonc3c1)C1=C(CCS1(=O)=O)N2
580739,CHEMBL701213,CHEMBL11684,EC50,426.58,nM,=,,,,6.37,,,,,CHEMBL1148324,202709,CHEMBL2095152,CC1(C)Oc2ccc(C#N)cc2[C@H](N2CCCC2=O)[C@H]1O
580740,CHEMBL701216,CHEMBL11684,EC50,257.04,nM,=,,,,6.59,,,,,CHEMBL1148324,202709,CHEMBL2095152,CC1(C)Oc2ccc(C#N)cc2[C@H](N2CCCC2=O)[C@H]1O
580741,CHEMBL699663,CHEMBL11684,EC50,34.67,nM,=,,,,7.46,,,,,CHEMBL1148324,202709,CHEMBL2095152,CC1(C)Oc2ccc(C#N)cc2[C@H](N2CCCC2=O)[C@H]1O
580749,CHEMBL701213,CHEMBL3138584,EC50,2290.87,nM,=,,,,5.64,,,,,CHEMBL1148324,202674,CHEMBL2095152,CCc1ccc([C@H]2C3=C(CCCC3=O)NC3=C2S(=O)(=O)CC3)cc1[N+](=O)[O-]
581894,CHEMBL701213,CHEMBL108586,EC50,27.54,nM,=,,,,7.56,,,,,CHEMBL1148324,202664,CHEMBL2095152,CC1=C(C#N)C(c2ccc(F)c(Br)c2)C2=C(CCS2(=O)=O)N1
583089,CHEMBL701213,CHEMBL109159,EC50,1819.7,nM,=,,,,5.74,,,,,CHEMBL1148324,202704,CHEMBL2095152,CC1=C(C(=O)O)C(c2ccc(F)c(Br)c2)C2=C(CCS2(=O)=O)N1
583090,CHEMBL701216,CHEMBL109159,EC50,8709.64,nM,=,,,,5.06,,,,,CHEMBL1148324,202704,CHEMBL2095152,CC1=C(C(=O)O)C(c2ccc(F)c(Br)c2)C2=C(CCS2(=O)=O)N1
583091,CHEMBL701213,CHEMBL3138583,EC50,2570.4,nM,=,,,,5.59,,,,,CHEMBL1148324,202686,CHEMBL2095152,CSc1cc([C@H]2C3=C(CCCC3=O)NC3=C2S(=O)(=O)CC3)ccc1F
584418,CHEMBL701213,CHEMBL3138586,EC50,33.11,nM,=,,,,7.48,,,,,CHEMBL1148324,202650,CHEMBL2095152,O=C1CCC2=C1[C@@H](c1ccc(F)c(Br)c1)C1=C(CCS1(=O)=O)N2
584419,CHEMBL701216,CHEMBL3138586,EC50,30.9,nM,=,,,,7.51,,,,,CHEMBL1148324,202650,CHEMBL2095152,O=C1CCC2=C1[C@@H](c1ccc(F)c(Br)c1)C1=C(CCS1(=O)=O)N2
585680,CHEMBL701213,CHEMBL3138597,EC50,2238.72,nM,=,,,,5.65,,,,,CHEMBL1148324,202714,CHEMBL2095152,O=C1CCC2=C1C(c1ccc(F)c(Br)c1)C1=C(CCCCS1(=O)=O)N2
585681,CHEMBL701216,CHEMBL3138597,EC50,11748.98,nM,=,,,,4.93,,,,,CHEMBL1148324,202714,CHEMBL2095152,O=C1CCC2=C1C(c1ccc(F)c(Br)c1)C1=C(CCCCS1(=O)=O)N2
585682,CHEMBL701213,CHEMBL3138568,EC50,218.78,nM,=,,,,6.66,,,,,CHEMBL1148324,202676,CHEMBL2095152,O=C1CCCC2=C1[C@H](c1ccc(C(F)(F)F)c(Br)c1)C1=C(CCS1(=O)=O)N2
585683,CHEMBL701216,CHEMBL3138568,EC50,9549.93,nM,=,,,,5.02,,,,,CHEMBL1148324,202676,CHEMBL2095152,O=C1CCCC2=C1[C@H](c1ccc(C(F)(F)F)c(Br)c1)C1=C(CCS1(=O)=O)N2
585684,CHEMBL701213,CHEMBL3138547,EC50,2818.38,nM,=,,,,5.55,,,,,CHEMBL1148324,202688,CHEMBL2095152,Cc1cc([C@H]2C3=C(CCCC3=O)NC3=C2S(=O)(=O)CC3)ccc1F
586900,CHEMBL701213,CHEMBL3138566,EC50,14791.08,nM,=,,,,4.83,,,,,CHEMBL1148324,202652,CHEMBL2095152,O=C1CCC2=C1[C@H](c1ccc(F)c(Br)c1)C1=C(CCCS1(=O)=O)N2
586901,CHEMBL701216,CHEMBL3138566,EC50,26302.68,nM,=,,,,4.58,,,,,CHEMBL1148324,202652,CHEMBL2095152,O=C1CCC2=C1[C@H](c1ccc(F)c(Br)c1)C1=C(CCCS1(=O)=O)N2
586902,CHEMBL701213,CHEMBL3138545,EC50,28.18,nM,=,,,,7.55,,,,,CHEMBL1148324,202701,CHEMBL2095152,O=C1CCCC2=C1[C@H](c1ccc(F)c(I)c1)C1=C(CCS1(=O)=O)N2
586903,CHEMBL701216,CHEMBL3138545,EC50,446.68,nM,=,,,,6.35,,,,,CHEMBL1148324,202701,CHEMBL2095152,O=C1CCCC2=C1[C@H](c1ccc(F)c(I)c1)C1=C(CCS1(=O)=O)N2
586904,CHEMBL701213,CHEMBL3138549,EC50,25.7,nM,=,,,,7.59,,,,,CHEMBL1148324,202678,CHEMBL2095152,O=C1CCCC2=C1[C@H](c1ccc(Cl)c(Br)c1)C1=C(CCS1(=O)=O)N2
586905,CHEMBL701216,CHEMBL3138549,EC50,724.44,nM,=,,,,6.14,,,,,CHEMBL1148324,202678,CHEMBL2095152,O=C1CCCC2=C1[C@H](c1ccc(Cl)c(Br)c1)C1=C(CCS1(=O)=O)N2
586906,CHEMBL701213,CHEMBL3138565,EC50,269.15,nM,=,,,,6.57,,,,,CHEMBL1148324,202673,CHEMBL2095152,O=C1CCCC2=C1[C@H](c1ccc(Cl)c(Cl)c1)C1=C(CCS1(=O)=O)N2
586907,CHEMBL701216,CHEMBL3138565,EC50,331.13,nM,=,,,,6.48,,,,,CHEMBL1148324,202673,CHEMBL2095152,O=C1CCCC2=C1[C@H](c1ccc(Cl)c(Cl)c1)C1=C(CCS1(=O)=O)N2
586908,CHEMBL701213,CHEMBL3138552,EC50,3162.28,nM,=,,,,5.5,,,,,CHEMBL1148324,202658,CHEMBL2095152,N#Cc1cc(C2C3=C(CCC3=O)NC3=C2S(=O)(=O)CC3)ccn1
586910,CHEMBL701213,CHEMBL3138572,EC50,741.31,nM,=,,,,6.13,,,,,CHEMBL1148324,202654,CHEMBL2095152,O=C1CCC2=C1C(c1cc(Br)cs1)C1=C(CCS1(=O)=O)N2
588111,CHEMBL701213,CHEMBL3138580,EC50,1047.13,nM,=,,,,5.98,,,,,CHEMBL1148324,202684,CHEMBL2095152,CC(=O)c1cc([C@H]2C3=C(CCCC3=O)NC3=C2S(=O)(=O)CC3)ccc1F
588113,CHEMBL701213,CHEMBL3138570,EC50,1348.96,nM,=,,,,5.87,,,,,CHEMBL1148324,202683,CHEMBL2095152,C=Cc1cc([C@H]2C3=C(CCCC3=O)NC3=C2S(=O)(=O)CC3)ccc1F
588114,CHEMBL701216,CHEMBL3138570,EC50,2454.71,nM,=,,,,5.61,,,,,CHEMBL1148324,202683,CHEMBL2095152,C=Cc1cc([C@H]2C3=C(CCCC3=O)NC3=C2S(=O)(=O)CC3)ccc1F
589413,CHEMBL701213,CHEMBL325805,EC50,3162.28,nM,=,,,,5.5,,,,,CHEMBL1148324,202711,CHEMBL2095152,O=S1(=O)CCCC2=C1C(c1ccc(F)c(Br)c1)C1=C(CCCS1(=O)=O)N2
589414,CHEMBL701216,CHEMBL325805,EC50,11748.98,nM,=,,,,4.93,,,,,CHEMBL1148324,202711,CHEMBL2095152,O=S1(=O)CCCC2=C1C(c1ccc(F)c(Br)c1)C1=C(CCCS1(=O)=O)N2
589415,CHEMBL701213,CHEMBL3138588,EC50,208.93,nM,=,,,,6.68,,,,,CHEMBL1148324,202694,CHEMBL2095152,O=C1CCCC2=C1[C@H](c1cc(Br)c(F)cc1O)C1=C(CCS1(=O)=O)N2
589416,CHEMBL701216,CHEMBL3138588,EC50,676.08,nM,=,,,,6.17,,,,,CHEMBL1148324,202694,CHEMBL2095152,O=C1CCCC2=C1[C@H](c1cc(Br)c(F)cc1O)C1=C(CCS1(=O)=O)N2
589417,CHEMBL701213,CHEMBL3138591,EC50,575.44,nM,=,,,,6.24,,,,,CHEMBL1148324,202693,CHEMBL2095152,O=C1CCCC2=C1[C@H](c1cc(Br)ccc1O)C1=C(CCS1(=O)=O)N2
589418,CHEMBL699660,CHEMBL3138591,EC50,20417.38,nM,=,,,,4.69,,,,,CHEMBL1148324,202693,CHEMBL2095152,O=C1CCCC2=C1[C@H](c1cc(Br)ccc1O)C1=C(CCS1(=O)=O)N2
590725,CHEMBL701213,CHEMBL3138553,EC50,43.65,nM,=,,,,7.36,,,,,CHEMBL1148324,202717,CHEMBL2095152,O=C1CCCC2=C1[C@@H](c1ccc(F)c(Br)c1)C1=C(CCS1(=O)=O)N2
590726,CHEMBL701217,CHEMBL3138553,EC50,69.18,nM,=,,,,7.16,,,,,CHEMBL1148324,202717,CHEMBL2095152,O=C1CCCC2=C1[C@@H](c1ccc(F)c(Br)c1)C1=C(CCS1(=O)=O)N2
590727,CHEMBL699663,CHEMBL3138553,EC50,12.59,nM,=,,,,7.9,,,,,CHEMBL1148324,202717,CHEMBL2095152,O=C1CCCC2=C1[C@@H](c1ccc(F)c(Br)c1)C1=C(CCS1(=O)=O)N2
590729,CHEMBL701213,CHEMBL3138606,EC50,53.7,nM,=,,,,7.27,,,,,CHEMBL1148324,202663,CHEMBL2095152,COC(=O)C1=C(C)NC2=C(C1c1ccc(F)c(Br)c1)S(=O)(=O)CC2
590731,CHEMBL701213,CHEMBL3138564,EC50,239.88,nM,=,,,,6.62,,,,,CHEMBL1148324,202657,CHEMBL2095152,O=C1CCC2=C1C(c1csc([N+](=O)[O-])c1)C1=C(CCS1(=O)=O)N2
590732,CHEMBL701216,CHEMBL3138564,EC50,660.69,nM,=,,,,6.18,,,,,CHEMBL1148324,202657,CHEMBL2095152,O=C1CCC2=C1C(c1csc([N+](=O)[O-])c1)C1=C(CCS1(=O)=O)N2
590733,CHEMBL701213,CHEMBL3138598,EC50,1862.09,nM,=,,,,5.73,,,,,CHEMBL1148324,202656,CHEMBL2095152,O=C1CCC2=C1C(c1ccc(Br)s1)C1=C(CCS1(=O)=O)N2
592061,CHEMBL701213,CHEMBL3138587,EC50,21.88,nM,=,,,,7.66,,,,,CHEMBL1148324,202680,CHEMBL2095152,Cc1ccc([C@H]2C3=C(CCCC3=O)NC3=C2S(=O)(=O)CC3)cc1I
592062,CHEMBL701216,CHEMBL3138587,EC50,309.03,nM,=,,,,6.51,,,,,CHEMBL1148324,202680,CHEMBL2095152,Cc1ccc([C@H]2C3=C(CCCC3=O)NC3=C2S(=O)(=O)CC3)cc1I
714646,CHEMBL762563,CHEMBL49035,EC50,457.09,nM,=,,,,6.34,,,,,CHEMBL1136389,80957,CHEMBL2095152,CC1(C)Oc2ccc(C#N)cc2C(N2CCCC2=O)C1O
714764,CHEMBL856036,CHEMBL358854,IC50,2600.0,nM,=,,,,5.58,,,,,CHEMBL1129399,273803,CHEMBL2095152,Cc1cc(C(=O)c2ccccc2)ccc1NC(=O)[C@](C)(O)C(F)(F)F
714809,CHEMBL856036,CHEMBL348203,IC50,430.0,nM,=,,,,6.37,,,,,CHEMBL1129399,273816,CHEMBL2095152,CC(O)(C(=O)Nc1ccc(S(=O)(=O)c2ccccc2)c(O)c1)C(F)(F)F
714811,CHEMBL856036,CHEMBL358107,IC50,26000.0,nM,=,,,,4.58,,,,,CHEMBL1129399,273835,CHEMBL2095152,CN1C(=O)c2cc(NC(=O)C(C)(O)C(F)(F)F)ccc2S1(=O)=O
715993,CHEMBL856036,CHEMBL142181,IC50,3090.0,nM,=,,,,5.51,,,,,CHEMBL1129399,273854,CHEMBL2095152,CC(O)(C(=O)Nc1ccc(S(=O)(=O)c2ccccc2O)cc1)C(F)(F)F
718450,CHEMBL856036,CHEMBL142328,IC50,14000.0,nM,=,,,,4.85,,,,,CHEMBL1129399,273793,CHEMBL2095152,CC(O)(C(=O)Nc1ccc(C(=O)c2ccc(F)cc2)cc1)C(F)(F)F
718535,CHEMBL856036,CHEMBL336923,IC50,8600.0,nM,=,,,,5.07,,,,,CHEMBL1129399,273814,CHEMBL2095152,CC(O)(C(=O)Nc1ccc(S(=O)(=O)c2ccc(F)cc2)cc1)C(F)(F)F
718536,CHEMBL856036,CHEMBL342749,IC50,5900.0,nM,=,,,,5.23,,,,,CHEMBL1129399,273851,CHEMBL2095152,COc1cc(NC(=O)C(C)(O)C(F)(F)F)ccc1S(=O)(=O)c1ccccc1
719450,CHEMBL762563,CHEMBL48797,EC50,302.0,nM,=,,,,6.52,,,,,CHEMBL1136389,80950,CHEMBL2095152,O=C(Nc1c(C(O)(C(F)(F)F)C(F)(F)F)ccc2ccccc12)c1cnco1
720637,CHEMBL762563,CHEMBL296931,EC50,389.05,nM,=,,,,6.41,,,,,CHEMBL1136389,80944,CHEMBL2095152,O=C(Nc1c(C(O)(C(F)(F)F)C(F)(F)F)ccc2ccccc12)c1ccc(Cl)cc1
720710,CHEMBL856036,CHEMBL143441,IC50,2700.0,nM,=,,,,5.57,,,,,CHEMBL1129399,273809,CHEMBL2095152,CC(O)(C(=O)Nc1ccc(C(=O)c2ccccc2)c(F)c1)C(F)(F)F
720728,CHEMBL856036,CHEMBL140271,IC50,16000.0,nM,=,,,,4.8,,,,,CHEMBL1129399,273849,CHEMBL2095152,COc1cccc(S(=O)(=O)c2ccc(NC(=O)C(C)(O)C(F)(F)F)cc2)c1
721721,CHEMBL856036,CHEMBL141880,IC50,7700.0,nM,=,,,,5.11,,,,,CHEMBL1129399,273796,CHEMBL2095152,CC(O)(C(=O)Nc1ccc(S(=O)(=O)c2cncs2)cc1)C(F)(F)F
721722,CHEMBL856036,CHEMBL140609,IC50,8300.0,nM,=,,,,5.08,,,,,CHEMBL1129399,273806,CHEMBL2095152,CC(O)(C(=O)Nc1ccc(C#N)c(Sc2ccccc2)c1)C(F)(F)F
722694,CHEMBL762563,CHEMBL48848,EC50,181.97,nM,=,,,,6.74,,,,,CHEMBL1136389,80951,CHEMBL2095152,O=C(Nc1c(C(O)(C(F)(F)F)C(F)(F)F)ccc2ccccc12)c1ccco1
722858,CHEMBL856036,CHEMBL424478,IC50,10000.0,nM,=,,,,5.0,,,,,CHEMBL1129399,273824,CHEMBL2095152,CC(O)(C(=O)Nc1ccc(S(=O)(=O)c2cccc(Cl)c2)cc1)C(F)(F)F
722859,CHEMBL856036,CHEMBL140684,IC50,2000.0,nM,=,,,,5.7,,,,,CHEMBL1129399,273819,CHEMBL2095152,CN(c1ccccc1)S(=O)(=O)c1ccc(NC(=O)C(C)(O)C(F)(F)F)cc1
723913,CHEMBL762563,CHEMBL299167,EC50,95.5,nM,=,,,,7.02,,,,,CHEMBL1136389,80921,CHEMBL2095152,CC(=O)Nc1c(C(O)(C(F)(F)F)C(F)(F)F)ccc2ccccc12
726310,CHEMBL762563,CHEMBL295458,EC50,426.58,nM,=,,,,6.37,,,,,CHEMBL1136389,80929,CHEMBL2095152,O=C(Nc1c(C(O)(C(F)(F)F)C(F)(F)F)ccc2ccccc12)c1cccc([N+](=O)[O-])c1
726505,CHEMBL856036,CHEMBL140790,IC50,4200.0,nM,=,,,,5.38,,,,,CHEMBL1129399,273790,CHEMBL2095152,CC(O)(C(=O)Nc1ccc(C(=O)c2ccccc2)c(O)c1)C(F)(F)F
726539,CHEMBL856036,CHEMBL143281,IC50,1100.0,nM,=,,,,5.96,,,,,CHEMBL1129399,273815,CHEMBL2095152,CC(O)(C(=O)Nc1ccc(S(=O)(=O)c2ccccc2C#N)cc1)C(F)(F)F
726540,CHEMBL856036,CHEMBL139557,IC50,3500.0,nM,=,,,,5.46,,,,,CHEMBL1129399,273845,CHEMBL2095152,CC(O)(C(=O)Nc1ccc(S(=O)(=O)c2cccnc2)cc1)C(F)(F)F
726541,CHEMBL687334,CHEMBL139557,IC50,130.0,nM,=,,,,6.89,,,,,CHEMBL1129399,273845,CHEMBL2095152,CC(O)(C(=O)Nc1ccc(S(=O)(=O)c2cccnc2)cc1)C(F)(F)F
727697,CHEMBL762563,CHEMBL47170,EC50,81.28,nM,=,,,,7.09,,,,,CHEMBL1136389,80928,CHEMBL2095152,O=C(Nc1c(C(O)(C(F)(F)F)C(F)(F)F)ccc2ccccc12)C1CCC1
728819,CHEMBL762563,CHEMBL300969,EC50,549.54,nM,=,,,,6.26,,,,,CHEMBL1136389,80972,CHEMBL2095152,CC(C)=CC(=O)Nc1c(C(O)(C(F)(F)F)C(F)(F)F)ccc2ccccc12
728961,CHEMBL856036,CHEMBL143097,IC50,2300.0,nM,=,,,,5.64,,,,,CHEMBL1129399,273785,CHEMBL2095152,CC(O)(C(=O)Nc1ccc(C(=O)c2ccccc2F)cc1)C(F)(F)F
728988,CHEMBL856036,CHEMBL343080,IC50,2200.0,nM,=,,,,5.66,,,,,CHEMBL1129399,273821,CHEMBL2095152,Cc1cccc(S(=O)(=O)c2ccc(NC(=O)C(C)(O)C(F)(F)F)cc2)c1
729987,CHEMBL762563,CHEMBL49153,EC50,48.98,nM,=,,,,7.31,,,,,CHEMBL1136389,80926,CHEMBL2095152,C/C=C/C(=O)Nc1c(C(O)(C(F)(F)F)C(F)(F)F)ccc2ccccc12
731089,CHEMBL762563,CHEMBL301296,EC50,851.14,nM,=,,,,6.07,,,,,CHEMBL1136389,80934,CHEMBL2095152,O=C(Nc1c(C(O)(C(F)(F)F)C(F)(F)F)ccc2ccccc12)c1cccc(Cl)c1
731277,CHEMBL856036,CHEMBL143548,IC50,1600.0,nM,=,,,,5.8,,,,,CHEMBL1129399,273850,CHEMBL2095152,COc1ccccc1S(=O)(=O)c1ccc(NC(=O)C(C)(O)C(F)(F)F)cc1
731278,CHEMBL856036,CHEMBL357137,IC50,1300.0,nM,=,,,,5.89,,,,,CHEMBL1129399,273841,CHEMBL2095152,CC(O)(C(=O)Nc1ccc(S(=O)(=O)c2ccncc2)c(O)c1)C(F)(F)F
732449,CHEMBL856036,CHEMBL141285,IC50,12000.0,nM,=,,,,4.92,,,,,CHEMBL1129399,273839,CHEMBL2095152,CC(O)(C(=O)Nc1ccc(S(=O)(=O)c2cnccn2)cc1)C(F)(F)F
733500,CHEMBL856036,CHEMBL70996,IC50,3800.0,nM,=,,,,5.42,,,,,CHEMBL1129399,273781,CHEMBL2095152,CC(O)(C(=O)Nc1ccc(C(=O)c2ccccc2)cc1)C(F)(F)F
733501,CHEMBL687336,CHEMBL70996,IC50,82.0,nM,=,,,,7.09,,,,,CHEMBL1129399,273781,CHEMBL2095152,CC(O)(C(=O)Nc1ccc(C(=O)c2ccccc2)cc1)C(F)(F)F
733514,CHEMBL856036,CHEMBL143180,IC50,2600.0,nM,=,,,,5.58,,,,,CHEMBL1129399,273807,CHEMBL2095152,CC(O)(C(=O)Nc1ccc(C#N)c(S(=O)(=O)c2ccccc2)c1)C(F)(F)F
734745,CHEMBL762563,CHEMBL300958,EC50,52.48,nM,=,,,,7.28,,,,,CHEMBL1136389,80932,CHEMBL2095152,Cc1cccc(C(=O)Nc2c(C(O)(C(F)(F)F)C(F)(F)F)ccc3ccccc23)c1
734855,CHEMBL856036,CHEMBL18861,IC50,1600.0,nM,=,,,,5.8,,,,,CHEMBL1129399,273782,CHEMBL2095152,C[C@](O)(C(=O)Nc1ccc(C(=O)c2ccccc2)cc1)C(F)(F)F
734856,CHEMBL856036,CHEMBL141615,IC50,6100.0,nM,=,,,,5.21,,,,,CHEMBL1129399,273789,CHEMBL2095152,COc1cc(C(=O)c2ccccc2)ccc1NC(=O)C(C)(O)C(F)(F)F
734883,CHEMBL856036,CHEMBL355915,IC50,3800.0,nM,=,,,,5.42,,,,,CHEMBL1129399,273856,CHEMBL2095152,CC(O)(C(=O)Nc1ccc(S(=O)(=O)c2ccccc2)c(C#N)c1)C(F)(F)F
734884,CHEMBL856036,CHEMBL140642,IC50,24000.0,nM,=,,,,4.62,,,,,CHEMBL1129399,273817,CHEMBL2095152,CC(O)(C(=O)Nc1ccc2c(c1)-c1ccccc1S2(=O)=O)C(F)(F)F
736136,CHEMBL856036,CHEMBL140946,IC50,15000.0,nM,=,,,,4.82,,,,,CHEMBL1129399,273791,CHEMBL2095152,CC(O)(C(=O)Nc1ccc(C(=O)c2ccccc2)cc1O)C(F)(F)F
738777,CHEMBL856036,CHEMBL140694,IC50,5000.0,nM,=,,,,5.3,,,,,CHEMBL1129399,273786,CHEMBL2095152,Cc1cc(C(=O)c2ccccc2)ccc1NC(=O)C(C)(O)C(F)(F)F
738787,CHEMBL856036,CHEMBL143181,IC50,470.0,nM,=,,,,6.33,,,,,CHEMBL1129399,273808,CHEMBL2095152,CC(O)(C(=O)Nc1ccc(S(=O)(=O)c2ccccc2)cc1)C(F)(F)F
738788,CHEMBL687336,CHEMBL143181,IC50,44.0,nM,=,,,,7.36,,,,,CHEMBL1129399,273808,CHEMBL2095152,CC(O)(C(=O)Nc1ccc(S(=O)(=O)c2ccccc2)cc1)C(F)(F)F
738840,CHEMBL856036,CHEMBL359079,IC50,5100.0,nM,=,,,,5.29,,,,,CHEMBL1129399,273822,CHEMBL2095152,Cc1ccccc1S(=O)(=O)c1ccc(NC(=O)C(C)(O)C(F)(F)F)cc1
738841,CHEMBL856036,CHEMBL341978,IC50,16000.0,nM,=,,,,4.8,,,,,CHEMBL1129399,273830,CHEMBL2095152,CC(O)(C(=O)Nc1ccc([N+](=O)[O-])c(Sc2ccccc2)c1)C(F)(F)F
739996,CHEMBL856036,CHEMBL343195,IC50,1600.0,nM,=,,,,5.8,,,,,CHEMBL1129399,273843,CHEMBL2095152,C[C@](O)(C(=O)Nc1ccc(S(=O)(=O)c2ccncc2)cc1)C(F)(F)F
741285,CHEMBL762563,CHEMBL50760,EC50,8.913,nM,=,,,,8.05,,,,,CHEMBL1136389,80923,CHEMBL2095152,CCC(=O)Nc1c(C(O)(C(F)(F)F)C(F)(F)F)ccc2ccccc12
741376,CHEMBL856036,CHEMBL143408,IC50,2600.0,nM,=,,,,5.58,,,,,CHEMBL1129399,273794,CHEMBL2095152,CC(O)(C(=O)Nc1ccc(C(=O)c2cccc(F)c2)cc1)C(F)(F)F
742627,CHEMBL762563,CHEMBL49806,EC50,371.54,nM,=,,,,6.43,,,,,CHEMBL1136389,80930,CHEMBL2095152,N#Cc1cccc(C(=O)Nc2c(C(O)(C(F)(F)F)C(F)(F)F)ccc3ccccc23)c1
742630,CHEMBL762563,CHEMBL49076,EC50,616.6,nM,=,,,,6.21,,,,,CHEMBL1136389,80949,CHEMBL2095152,O=C(Nc1c(C(O)(C(F)(F)F)C(F)(F)F)ccc2ccccc12)c1cccnc1
742739,CHEMBL856036,CHEMBL336880,IC50,7900.0,nM,=,,,,5.1,,,,,CHEMBL1129399,273780,CHEMBL2095152,CC(O)(C(=O)Nc1ccc(S(=O)(=O)c2ccccc2)cc1[N+](=O)[O-])C(F)(F)F
744162,CHEMBL856036,CHEMBL341965,IC50,6200.0,nM,=,,,,5.21,,,,,CHEMBL1129399,273838,CHEMBL2095152,CC(O)(C(=O)Nc1ccc(S(=O)(=O)c2ccccc2)cn1)C(F)(F)F
745472,CHEMBL856036,CHEMBL141022,IC50,1300.0,nM,=,,,,5.89,,,,,CHEMBL1129399,273813,CHEMBL2095152,CC(O)(C(=O)Nc1ccc(S(=O)(=O)c2ccccc2F)cc1)C(F)(F)F
745473,CHEMBL856036,CHEMBL143751,IC50,600.0,nM,=,,,,6.22,,,,,CHEMBL1129399,273846,CHEMBL2095152,CC(O)(C(=O)Nc1ccc(S(=O)(=O)c2ccccn2)cc1)C(F)(F)F
746580,CHEMBL856036,CHEMBL344259,IC50,3800.0,nM,=,,,,5.42,,,,,CHEMBL1129399,273792,CHEMBL2095152,CC(O)(C(=O)Nc1ccc(C(=O)c2ccccc2)cc1C#N)C(F)(F)F
746638,CHEMBL856036,CHEMBL140470,IC50,1800.0,nM,=,,,,5.75,,,,,CHEMBL1129399,273812,CHEMBL2095152,CC(O)(C(=O)Nc1ccc(S(=O)(=O)c2ccccc2)c(F)c1)C(F)(F)F
746639,CHEMBL856036,CHEMBL49035,IC50,570.0,nM,=,,,,6.24,,,,,CHEMBL1129399,273834,CHEMBL2095152,CC1(C)Oc2ccc(C#N)cc2C(N2CCCC2=O)C1O
746641,CHEMBL687336,CHEMBL49035,IC50,20.0,nM,=,,,,7.7,,,,,CHEMBL1129399,273834,CHEMBL2095152,CC1(C)Oc2ccc(C#N)cc2C(N2CCCC2=O)C1O
747829,CHEMBL762563,CHEMBL45749,EC50,204.17,nM,=,,,,6.69,,,,,CHEMBL1136389,80967,CHEMBL2095152,COCC(=O)Nc1c(C(O)(C(F)(F)F)C(F)(F)F)ccc2ccccc12
749131,CHEMBL762563,CHEMBL49797,EC50,707.95,nM,=,,,,6.15,,,,,CHEMBL1136389,80924,CHEMBL2095152,CCCC(=O)Nc1c(C(O)(C(F)(F)F)C(F)(F)F)ccc2ccccc12
749134,CHEMBL762563,CHEMBL296840,EC50,125.89,nM,=,,,,6.9,,,,,CHEMBL1136389,80970,CHEMBL2095152,O=C(Nc1c(C(O)(C(F)(F)F)C(F)(F)F)ccc2ccccc12)C1CC1
749223,CHEMBL856036,CHEMBL139825,IC50,11000.0,nM,=,,,,4.96,,,,,CHEMBL1129399,273784,CHEMBL2095152,CC(O)(C(=O)Nc1ccc(C(=O)c2ccccc2)cc1F)C(F)(F)F
749255,CHEMBL856036,CHEMBL143495,IC50,3400.0,nM,=,,,,5.47,,,,,CHEMBL1129399,273857,CHEMBL2095152,CC(O)(C(=O)Nc1ccc(S(=O)(=O)c2cccc(F)c2)cc1)C(F)(F)F
750427,CHEMBL856036,CHEMBL92840,IC50,2700.0,nM,=,,,,5.57,,,,,CHEMBL1129399,273844,CHEMBL2095152,CC(O)(C(=O)Nc1ccc(S(=O)(=O)c2ccncc2)cc1)C(F)(F)F
750428,CHEMBL687334,CHEMBL92840,IC50,540.0,nM,=,,,,6.27,,,,,CHEMBL1129399,273844,CHEMBL2095152,CC(O)(C(=O)Nc1ccc(S(=O)(=O)c2ccncc2)cc1)C(F)(F)F
751643,CHEMBL856036,CHEMBL139724,IC50,1400.0,nM,=,,,,5.85,,,,,CHEMBL1129399,273797,CHEMBL2095152,CC(O)(C(=O)Nc1ccc(S(=O)(=O)c2nccs2)cc1)C(F)(F)F
751689,CHEMBL856036,CHEMBL143691,IC50,1600.0,nM,=,,,,5.8,,,,,CHEMBL1129399,273823,CHEMBL2095152,Cc1cc(NC(=O)C(C)(O)C(F)(F)F)ccc1S(=O)(=O)c1ccccc1
752860,CHEMBL856036,CHEMBL141414,IC50,18000.0,nM,=,,,,4.75,,,,,CHEMBL1129399,273853,CHEMBL2095152,CC(O)(C(=O)Nc1ccc(S(=O)(=O)c2cccc(O)c2)cc1)C(F)(F)F
752861,CHEMBL856036,CHEMBL143752,IC50,2200.0,nM,=,,,,5.66,,,,,CHEMBL1129399,273847,CHEMBL2095152,CC(O)(C(=O)Nc1ccc(S(=O)(=O)c2ccccc2)c(Cl)c1)C(F)(F)F
752862,CHEMBL856036,CHEMBL344492,IC50,2300.0,nM,=,,,,5.64,,,,,CHEMBL1129399,273825,CHEMBL2095152,CC(O)(C(=O)Nc1ccc(S(=O)(=O)c2ccccc2Cl)cc1)C(F)(F)F
754102,CHEMBL701214,CHEMBL108969,EC50,81.28,nM,=,,,,7.09,,,,,CHEMBL1148325,203792,CHEMBL2095152,O=C1OCCC2=C1C(c1ccc(F)c(Br)c1)C1=C(O)OCCC1=N2
754103,CHEMBL878707,CHEMBL108969,EC50,177.83,nM,=,,,,6.75,,,,,CHEMBL1148325,203792,CHEMBL2095152,O=C1OCCC2=C1C(c1ccc(F)c(Br)c1)C1=C(O)OCCC1=N2
755076,CHEMBL701214,CHEMBL110987,EC50,1000.0,nM,=,,,,6.0,,,,,CHEMBL1148325,203786,CHEMBL2095152,CN1CC2=C(C1=O)C(c1ccc(F)c(Br)c1)C1=C(CN(C)C1=O)N2
755077,CHEMBL878707,CHEMBL110987,EC50,2041.74,nM,=,,,,5.69,,,,,CHEMBL1148325,203786,CHEMBL2095152,CN1CC2=C(C1=O)C(c1ccc(F)c(Br)c1)C1=C(CN(C)C1=O)N2
756257,CHEMBL701214,CHEMBL108251,EC50,14.13,nM,=,,,,7.85,,,,,CHEMBL1148325,203790,CHEMBL2095152,O=C1OCCC2=C1C(c1ccc(F)c(Br)c1)C1=C(O)OCC1=N2
756259,CHEMBL701214,CHEMBL110511,EC50,64.57,nM,=,,,,7.19,,,,,CHEMBL1148325,203798,CHEMBL2095152,O=C1CSCC2=C1C(c1ccc(F)c(Br)c1)C1=C(O)OCC1=N2
756260,CHEMBL699661,CHEMBL110511,EC50,1174.9,nM,=,,,,5.93,,,,,CHEMBL1148325,203798,CHEMBL2095152,O=C1CSCC2=C1C(c1ccc(F)c(Br)c1)C1=C(O)OCC1=N2
757368,CHEMBL701214,CHEMBL323460,EC50,1096.48,nM,=,,,,5.96,,,,,CHEMBL1148325,203822,CHEMBL2095152,O=C1NCC2=C1[C@@H](c1ccc(F)c(Br)c1)C1=C(O)CCCC1=N2
757369,CHEMBL699661,CHEMBL323460,EC50,6918.31,nM,=,,,,5.16,,,,,CHEMBL1148325,203822,CHEMBL2095152,O=C1NCC2=C1[C@@H](c1ccc(F)c(Br)c1)C1=C(O)CCCC1=N2
759539,CHEMBL701214,CHEMBL323159,EC50,6.31,nM,=,,,,8.2,,,,,CHEMBL1148325,203773,CHEMBL2095152,O=C1CCCC2=C1[C@H](c1ccc(F)c(Br)c1)C1=C(O)OCC1=N2
759540,CHEMBL878707,CHEMBL323159,EC50,134.9,nM,=,,,,6.87,,,,,CHEMBL1148325,203773,CHEMBL2095152,O=C1CCCC2=C1[C@H](c1ccc(F)c(Br)c1)C1=C(O)OCC1=N2
759541,CHEMBL701214,CHEMBL326901,EC50,79.43,nM,=,,,,7.1,,,,,CHEMBL1148325,203774,CHEMBL2095152,O=C1CCCC2=C1C(c1ccc(F)c(Br)c1)C1=C(O)OCCC1=N2
759542,CHEMBL878707,CHEMBL326901,EC50,93.33,nM,=,,,,7.03,,,,,CHEMBL1148325,203774,CHEMBL2095152,O=C1CCCC2=C1C(c1ccc(F)c(Br)c1)C1=C(O)OCCC1=N2
760615,CHEMBL701214,CHEMBL108547,EC50,114.82,nM,=,,,,6.94,,,,,CHEMBL1148325,203821,CHEMBL2095152,CN1CC2=C(C1=O)[C@H](c1ccc(F)c(Br)c1)C1=C(O)CCC1=N2
760616,CHEMBL878707,CHEMBL108547,EC50,204.17,nM,=,,,,6.69,,,,,CHEMBL1148325,203821,CHEMBL2095152,CN1CC2=C(C1=O)[C@H](c1ccc(F)c(Br)c1)C1=C(O)CCC1=N2
760617,CHEMBL701214,CHEMBL322931,EC50,436.52,nM,=,,,,6.36,,,,,CHEMBL1148325,203811,CHEMBL2095152,CN1CC2=C(C1=O)C(c1ccc(F)c(Br)c1)C1=C(CCS1(=O)=O)N2
761748,CHEMBL701214,CHEMBL11684,EC50,426.58,nM,=,,,,6.37,,,,,CHEMBL1148325,203778,CHEMBL2095152,CC1(C)Oc2ccc(C#N)cc2[C@H](N2CCCC2=O)[C@H]1O
761749,CHEMBL878707,CHEMBL11684,EC50,257.04,nM,=,,,,6.59,,,,,CHEMBL1148325,203778,CHEMBL2095152,CC1(C)Oc2ccc(C#N)cc2[C@H](N2CCCC2=O)[C@H]1O
761750,CHEMBL701214,CHEMBL321455,EC50,0.537,nM,=,,,,9.27,,,,,CHEMBL1148325,203801,CHEMBL2095152,O=C1CSCC2=C1C(c1ccc(F)c(Br)c1)C1=C(O)CSCC1=N2
761751,CHEMBL878707,CHEMBL321455,EC50,851.14,nM,=,,,,6.07,,,,,CHEMBL1148325,203801,CHEMBL2095152,O=C1CSCC2=C1C(c1ccc(F)c(Br)c1)C1=C(O)CSCC1=N2
761752,CHEMBL701214,CHEMBL108723,EC50,12.88,nM,=,,,,7.89,,,,,CHEMBL1148325,203796,CHEMBL2095152,CN1CC2=C(C1=O)C(c1ccc(F)c(Br)c1)C1=C(O)COCC1=N2
764978,CHEMBL701214,CHEMBL323787,EC50,67.61,nM,=,,,,7.17,,,,,CHEMBL1148325,203825,CHEMBL2095152,O=C1CCC2=C1C(c1ccc(F)c(Br)c1)C1=C(O)OCCC1=N2
764981,CHEMBL699664,CHEMBL3138607,EC50,22.91,nM,=,,,,7.64,,,,,CHEMBL1148325,203803,CHEMBL2095152,O=C1CCCC2=C1[C@H](c1ccc(F)c(Br)c1)C1=C(CCS1(=O)=O)N2
764982,CHEMBL878707,CHEMBL3138607,EC50,234.42,nM,=,,,,6.63,,,,,CHEMBL1148325,203803,CHEMBL2095152,O=C1CCCC2=C1[C@H](c1ccc(F)c(Br)c1)C1=C(CCS1(=O)=O)N2
766036,CHEMBL701214,CHEMBL108440,EC50,35.48,nM,=,,,,7.45,,,,,CHEMBL1148325,203775,CHEMBL2095152,O=C1CCCC2=C1C(c1ccc(F)c(Br)c1)C1=C(O)COCC1=N2
766038,CHEMBL701214,CHEMBL109693,EC50,1023.29,nM,=,,,,5.99,,,,,CHEMBL1148325,203783,CHEMBL2095152,O=C1CCC2=C1C(c1ccc(F)c(Br)c1)C1=C(O)CNCC1=N2
766039,CHEMBL878707,CHEMBL109693,EC50,4466.84,nM,=,,,,5.35,,,,,CHEMBL1148325,203783,CHEMBL2095152,O=C1CCC2=C1C(c1ccc(F)c(Br)c1)C1=C(O)CNCC1=N2
766040,CHEMBL701214,CHEMBL109196,EC50,5754.4,nM,=,,,,5.24,,,,,CHEMBL1148325,203802,CHEMBL2095152,O=C1CNCC2=C1C(c1ccc(F)c(Br)c1)C1=C(O)CNCC1=N2
768188,CHEMBL701214,CHEMBL107888,EC50,22.39,nM,=,,,,7.65,,,,,CHEMBL1148325,203827,CHEMBL2095152,O=C1CCC2=C1[C@H](c1ccc(F)c(Br)c1)C1=C(O)OCC1=N2
768189,CHEMBL878707,CHEMBL107888,EC50,269.15,nM,=,,,,6.57,,,,,CHEMBL1148325,203827,CHEMBL2095152,O=C1CCC2=C1[C@H](c1ccc(F)c(Br)c1)C1=C(O)OCC1=N2
770408,CHEMBL701214,CHEMBL3392139,EC50,8.71,nM,=,,,,8.06,,,,,CHEMBL1148325,203776,CHEMBL2095152,O=C1OCC2=C1C(c1ccc(F)c(Br)c1)C1=C(CCCS1(=O)=O)N2
770409,CHEMBL699661,CHEMBL3392139,EC50,245.47,nM,=,,,,6.61,,,,,CHEMBL1148325,203776,CHEMBL2095152,O=C1OCC2=C1C(c1ccc(F)c(Br)c1)C1=C(CCCS1(=O)=O)N2
770410,CHEMBL701214,CHEMBL3138573,EC50,5.012,nM,=,,,,8.3,,,,,CHEMBL1148325,203814,CHEMBL2095152,O=C1COCC2=C1[C@@H](c1ccc(F)c(Br)c1)C1=C(CCS1(=O)=O)N2
770411,CHEMBL699661,CHEMBL3138573,EC50,67.61,nM,=,,,,7.17,,,,,CHEMBL1148325,203814,CHEMBL2095152,O=C1COCC2=C1[C@@H](c1ccc(F)c(Br)c1)C1=C(CCS1(=O)=O)N2
770412,CHEMBL701214,CHEMBL3138562,EC50,1380.38,nM,=,,,,5.86,,,,,CHEMBL1148325,203809,CHEMBL2095152,O=C1CNCC2=C1C(c1ccc(F)c(Br)c1)C1=C(CCS1(=O)=O)N2
770413,CHEMBL878707,CHEMBL3138562,EC50,50118.72,nM,=,,,,4.3,,,,,CHEMBL1148325,203809,CHEMBL2095152,O=C1CNCC2=C1C(c1ccc(F)c(Br)c1)C1=C(CCS1(=O)=O)N2
770414,CHEMBL701214,CHEMBL2111694,EC50,11.22,nM,=,,,,7.95,,,,,CHEMBL1148325,203788,CHEMBL2095152,O=C1COCC2=C1[C@H](c1ccc(F)c(Br)c1)C1=C(COC1=O)N2
770415,CHEMBL878707,CHEMBL2111694,EC50,263.03,nM,=,,,,6.58,,,,,CHEMBL1148325,203788,CHEMBL2095152,O=C1COCC2=C1[C@H](c1ccc(F)c(Br)c1)C1=C(COC1=O)N2
770417,CHEMBL699664,CHEMBL2111694,EC50,5.012,nM,=,,,,8.3,,,,,CHEMBL1148325,203788,CHEMBL2095152,O=C1COCC2=C1[C@H](c1ccc(F)c(Br)c1)C1=C(COC1=O)N2
770419,CHEMBL701214,CHEMBL106033,EC50,562.34,nM,=,,,,6.25,,,,,CHEMBL1148325,203794,CHEMBL2095152,O=C1CNCC2=C1C(c1ccc(F)c(Br)c1)C1=C(O)COCC1=N2
770420,CHEMBL699661,CHEMBL106033,EC50,977.24,nM,=,,,,6.01,,,,,CHEMBL1148325,203794,CHEMBL2095152,O=C1CNCC2=C1C(c1ccc(F)c(Br)c1)C1=C(O)COCC1=N2
771590,CHEMBL701214,CHEMBL106755,EC50,177.83,nM,=,,,,6.75,,,,,CHEMBL1148325,203817,CHEMBL2095152,O=C1NCCC2=C1C(c1ccc(F)c(Br)c1)C1=C(O)CCC1=N2
771591,CHEMBL878707,CHEMBL106755,EC50,16595.87,nM,=,,,,4.78,,,,,CHEMBL1148325,203817,CHEMBL2095152,O=C1NCCC2=C1C(c1ccc(F)c(Br)c1)C1=C(O)CCC1=N2
772771,CHEMBL701214,CHEMBL109693,EC50,186.21,nM,=,,,,6.73,,,,,CHEMBL1148325,203784,CHEMBL2095152,O=C1CCC2=C1C(c1ccc(F)c(Br)c1)C1=C(O)CNCC1=N2
772772,CHEMBL878707,CHEMBL109693,EC50,446.68,nM,=,,,,6.35,,,,,CHEMBL1148325,203784,CHEMBL2095152,O=C1CCC2=C1C(c1ccc(F)c(Br)c1)C1=C(O)CNCC1=N2
772775,CHEMBL701214,CHEMBL3138551,EC50,2570.4,nM,=,,,,5.59,,,,,CHEMBL1148325,203808,CHEMBL2095152,O=C1CNCC2=C1C(c1ccc(F)c(Br)c1)C1=C(CCCS1(=O)=O)N2
775102,CHEMBL701214,CHEMBL108658,EC50,2630.27,nM,=,,,,5.58,,,,,CHEMBL1148325,203820,CHEMBL2095152,CN1CC2=C(C1=O)[C@@H](c1ccc(F)c(Br)c1)C1=C(O)CCC1=N2
775104,CHEMBL701214,CHEMBL323397,EC50,141.25,nM,=,,,,6.85,,,,,CHEMBL1148325,203819,CHEMBL2095152,CN1CC2=C(C1=O)[C@H](c1ccc(F)c(Br)c1)C1=C(O)CCCC1=N2
775105,CHEMBL878707,CHEMBL323397,EC50,1148.15,nM,=,,,,5.94,,,,,CHEMBL1148325,203819,CHEMBL2095152,CN1CC2=C(C1=O)[C@H](c1ccc(F)c(Br)c1)C1=C(O)CCCC1=N2
775106,CHEMBL701214,CHEMBL3392140,EC50,72.44,nM,=,,,,7.14,,,,,CHEMBL1148325,203777,CHEMBL2095152,O=C1OCC2=C1C(c1ccc(F)c(Br)c1)C1=C(CCS1(=O)=O)N2
775107,CHEMBL699661,CHEMBL3392140,EC50,549.54,nM,=,,,,6.26,,,,,CHEMBL1148325,203777,CHEMBL2095152,O=C1OCC2=C1C(c1ccc(F)c(Br)c1)C1=C(CCS1(=O)=O)N2
775108,CHEMBL701214,CHEMBL109412,EC50,63.1,nM,=,,,,7.2,,,,,CHEMBL1148325,203807,CHEMBL2095152,O=C1COCC2=C1C(c1ccc(F)c(Br)c1)C1=C(O)CSCC1=N2
776207,CHEMBL701214,CHEMBL108029,EC50,208.93,nM,=,,,,6.68,,,,,CHEMBL1148325,203823,CHEMBL2095152,O=C1NCC2=C1[C@H](c1ccc(F)c(Br)c1)C1=C(O)CCCC1=N2
776208,CHEMBL878707,CHEMBL108029,EC50,1412.54,nM,=,,,,5.85,,,,,CHEMBL1148325,203823,CHEMBL2095152,O=C1NCC2=C1[C@H](c1ccc(F)c(Br)c1)C1=C(O)CCCC1=N2
776209,CHEMBL701214,CHEMBL110399,EC50,63.1,nM,=,,,,7.2,,,,,CHEMBL1148325,203793,CHEMBL2095152,O=C1OCC2=C1C(c1ccc(F)c(Br)c1)C1=C(O)OCC1=N2
776210,CHEMBL878707,CHEMBL110399,EC50,501.19,nM,=,,,,6.3,,,,,CHEMBL1148325,203793,CHEMBL2095152,O=C1OCC2=C1C(c1ccc(F)c(Br)c1)C1=C(O)OCC1=N2
776212,CHEMBL699664,CHEMBL110399,EC50,23.44,nM,=,,,,7.63,,,,,CHEMBL1148325,203793,CHEMBL2095152,O=C1OCC2=C1C(c1ccc(F)c(Br)c1)C1=C(O)OCC1=N2
776214,CHEMBL701214,CHEMBL107933,EC50,234.42,nM,=,,,,6.63,,,,,CHEMBL1148325,203800,CHEMBL2095152,O=C1NCC2=C1C(c1ccc(F)c(Br)c1)C1=C(O)OCC1=N2
777240,CHEMBL701214,CHEMBL322507,EC50,1230.27,nM,=,,,,5.91,,,,,CHEMBL1148325,203810,CHEMBL2095152,CN1CC2=C(C1=O)C(c1ccc(F)c(Br)c1)C1=C(CCCS1(=O)=O)N2
777242,CHEMBL701214,CHEMBL108816,EC50,691.83,nM,=,,,,6.16,,,,,CHEMBL1148325,203799,CHEMBL2095152,O=C1CNCC2=C1C(c1ccc(F)c(Br)c1)C1=C(O)OCC1=N2
777243,CHEMBL699661,CHEMBL108816,EC50,2344.23,nM,=,,,,5.63,,,,,CHEMBL1148325,203799,CHEMBL2095152,O=C1CNCC2=C1C(c1ccc(F)c(Br)c1)C1=C(O)OCC1=N2
777244,CHEMBL701214,CHEMBL106984,EC50,281.84,nM,=,,,,6.55,,,,,CHEMBL1148325,203795,CHEMBL2095152,O=C1NCCC2=C1C(c1ccc(F)c(Br)c1)C1=C(O)COCC1=N2
777245,CHEMBL878707,CHEMBL106984,EC50,4786.3,nM,=,,,,5.32,,,,,CHEMBL1148325,203795,CHEMBL2095152,O=C1NCCC2=C1C(c1ccc(F)c(Br)c1)C1=C(O)COCC1=N2
778334,CHEMBL701214,CHEMBL321210,EC50,31.62,nM,=,,,,7.5,,,,,CHEMBL1148325,203824,CHEMBL2095152,O=C1CCC2=C1C(c1ccc(F)c(Br)c1)C1=C(O)COCC1=N2
778336,CHEMBL701214,CHEMBL432204,EC50,2818.38,nM,=,,,,5.55,,,,,CHEMBL1148325,203787,CHEMBL2095152,O=C1NCC2=C1C(c1ccc(F)c(Br)c1)C1=C(CNC1=O)N2
778337,CHEMBL878707,CHEMBL432204,EC50,37153.52,nM,=,,,,4.43,,,,,CHEMBL1148325,203787,CHEMBL2095152,O=C1NCC2=C1C(c1ccc(F)c(Br)c1)C1=C(CNC1=O)N2
779502,CHEMBL701214,CHEMBL326016,EC50,316.23,nM,=,,,,6.5,,,,,CHEMBL1148325,203818,CHEMBL2095152,CN1CC2=C(C1=O)[C@@H](c1ccc(F)c(Br)c1)C1=C(O)CCCC1=N2
779503,CHEMBL878707,CHEMBL326016,EC50,512.86,nM,=,,,,6.29,,,,,CHEMBL1148325,203818,CHEMBL2095152,CN1CC2=C(C1=O)[C@@H](c1ccc(F)c(Br)c1)C1=C(O)CCCC1=N2
780746,CHEMBL701214,CHEMBL320518,EC50,398.11,nM,=,,,,6.4,,,,,CHEMBL1148325,203826,CHEMBL2095152,O=C1CCCC2=C1[C@@H](c1ccc(F)c(Br)c1)C1=C(O)OCC1=N2
780747,CHEMBL859323,CHEMBL320518,EC50,1096.48,nM,=,,,,5.96,,,,,CHEMBL1148325,203826,CHEMBL2095152,O=C1CCCC2=C1[C@@H](c1ccc(F)c(Br)c1)C1=C(O)OCC1=N2
780749,CHEMBL699664,CHEMBL320518,EC50,32.36,nM,=,,,,7.49,,,,,CHEMBL1148325,203826,CHEMBL2095152,O=C1CCCC2=C1[C@@H](c1ccc(F)c(Br)c1)C1=C(O)OCC1=N2
780751,CHEMBL701214,CHEMBL325571,EC50,575.44,nM,=,,,,6.24,,,,,CHEMBL1148325,203782,CHEMBL2095152,O=C1CCCC2=C1C(c1ccc(F)c(Br)c1)C1=C(O)CNCC1=N2
780752,CHEMBL878707,CHEMBL325571,EC50,3890.45,nM,=,,,,5.41,,,,,CHEMBL1148325,203782,CHEMBL2095152,O=C1CCCC2=C1C(c1ccc(F)c(Br)c1)C1=C(O)CNCC1=N2
780753,CHEMBL701214,CHEMBL3138579,EC50,53.7,nM,=,,,,7.27,,,,,CHEMBL1148325,203812,CHEMBL2095152,O=C1COCC2=C1C(c1ccc(F)c(Br)c1)C1=C(CCCS1(=O)=O)N2
780755,CHEMBL701214,CHEMBL2112487,EC50,25.7,nM,=,,,,7.59,,,,,CHEMBL1148325,203789,CHEMBL2095152,O=C1COCC2=C1[C@@H](c1ccc(F)c(Br)c1)C1=C(COC1=O)N2
780756,CHEMBL878707,CHEMBL2112487,EC50,588.84,nM,=,,,,6.23,,,,,CHEMBL1148325,203789,CHEMBL2095152,O=C1COCC2=C1[C@@H](c1ccc(F)c(Br)c1)C1=C(COC1=O)N2
782893,CHEMBL701214,CHEMBL320337,EC50,537.03,nM,=,,,,6.27,,,,,CHEMBL1148325,203806,CHEMBL2095152,O=C1C2=C(CN1C1CCCC1)N=C1CCCC(O)=C1[C@@H]2c1ccc(F)c(Br)c1
783939,CHEMBL701214,CHEMBL111204,EC50,537.03,nM,=,,,,6.27,,,,,CHEMBL1148325,203805,CHEMBL2095152,CCOCCN1CC2=C(C1=O)[C@@H](c1ccc(F)c(Br)c1)C1=C(O)CCCC1=N2
783940,CHEMBL878707,CHEMBL111204,EC50,954.99,nM,=,,,,6.02,,,,,CHEMBL1148325,203805,CHEMBL2095152,CCOCCN1CC2=C(C1=O)[C@@H](c1ccc(F)c(Br)c1)C1=C(O)CCCC1=N2
785139,CHEMBL701214,CHEMBL325571,EC50,5011.87,nM,=,,,,5.3,,,,,CHEMBL1148325,203781,CHEMBL2095152,O=C1CCCC2=C1C(c1ccc(F)c(Br)c1)C1=C(O)CNCC1=N2
785140,CHEMBL878707,CHEMBL325571,EC50,6918.31,nM,=,,,,5.16,,,,,CHEMBL1148325,203781,CHEMBL2095152,O=C1CCCC2=C1C(c1ccc(F)c(Br)c1)C1=C(O)CNCC1=N2
786386,CHEMBL701215,CHEMBL322303,EC50,114.82,nM,=,,,,6.94,,,,,CHEMBL1148325,203772,CHEMBL2095152,O=C1CCC2=C1[C@@H](c1ccc(F)c(Br)c1)C1=C(O)OCC1=N2
786387,CHEMBL699662,CHEMBL322303,EC50,213.8,nM,=,,,,6.67,,,,,CHEMBL1148325,203772,CHEMBL2095152,O=C1CCC2=C1[C@@H](c1ccc(F)c(Br)c1)C1=C(O)OCC1=N2
786388,CHEMBL701214,CHEMBL324618,EC50,691.83,nM,=,,,,6.16,,,,,CHEMBL1148325,203816,CHEMBL2095152,O=C1NCCC2=C1C(c1ccc(F)c(Br)c1)C1=C(O)CCCC1=N2
786390,CHEMBL701214,CHEMBL108400,EC50,977.24,nM,=,,,,6.01,,,,,CHEMBL1148325,203797,CHEMBL2095152,O=C1NCC2=C1C(c1ccc(F)c(Br)c1)C1=C(O)COCC1=N2
787440,CHEMBL701214,CHEMBL111297,EC50,117.49,nM,=,,,,6.93,,,,,CHEMBL1148325,203780,CHEMBL2095152,O=C1CCC2=C1C(c1ccc(F)c(Br)c1)C1=C(O)CSCC1=N2
787442,CHEMBL701214,CHEMBL3138558,EC50,416.87,nM,=,,,,6.38,,,,,CHEMBL1148325,203813,CHEMBL2095152,O=C1COCC2=C1[C@H](c1ccc(F)c(Br)c1)C1=C(CCS1(=O)=O)N2
787443,CHEMBL878707,CHEMBL3138558,EC50,1122.02,nM,=,,,,5.95,,,,,CHEMBL1148325,203813,CHEMBL2095152,O=C1COCC2=C1[C@H](c1ccc(F)c(Br)c1)C1=C(CCS1(=O)=O)N2
788513,CHEMBL701214,CHEMBL320931,EC50,107.15,nM,=,,,,6.97,,,,,CHEMBL1148325,203779,CHEMBL2095152,O=C1CCCC2=C1C(c1ccc(F)c(Br)c1)C1=C(O)CSCC1=N2
788514,CHEMBL878707,CHEMBL320931,EC50,660.69,nM,=,,,,6.18,,,,,CHEMBL1148325,203779,CHEMBL2095152,O=C1CCCC2=C1C(c1ccc(F)c(Br)c1)C1=C(O)CSCC1=N2
788515,CHEMBL701214,CHEMBL320983,EC50,26.92,nM,=,,,,7.57,,,,,CHEMBL1148325,203791,CHEMBL2095152,O=C1COCC2=C1C(c1ccc(F)c(Br)c1)C1=C(O)COCC1=N2
788516,CHEMBL878707,CHEMBL320983,EC50,125.89,nM,=,,,,6.9,,,,,CHEMBL1148325,203791,CHEMBL2095152,O=C1COCC2=C1C(c1ccc(F)c(Br)c1)C1=C(O)COCC1=N2
950601,CHEMBL856207,CHEMBL70795,IC50,9250.0,nM,=,,,,5.03,,,,"{'bei': '13.23', 'le': '0.27', 'lle': '2.92', 'sei': '5.81'}",CHEMBL1130365,324893,CHEMBL2095152,CC(O)(C(=O)Nc1ccc(S(=O)(=O)N2CCCCC2)cc1)C(F)(F)F
959721,CHEMBL856207,CHEMBL353135,IC50,30900.0,nM,=,,,,4.51,,,,"{'bei': '14.31', 'le': '0.28', 'lle': '3.38', 'sei': '4.85'}",CHEMBL1130365,324889,CHEMBL2095152,Cn1nnnc1-c1ccc(NC(=O)C(C)(O)C(F)(F)F)cc1
962200,CHEMBL856207,CHEMBL262273,IC50,880.0,nM,=,,,,6.06,,,,"{'bei': '16.53', 'le': '0.34', 'lle': '4.34', 'sei': '6.98'}",CHEMBL1130365,324894,CHEMBL2095152,CC(O)(C(=O)Nc1ccc(S(=O)(=O)N2CCCC2)cc1)C(F)(F)F
963429,CHEMBL856207,CHEMBL165328,IC50,4580.0,nM,=,,,,5.34,,,,"{'bei': '13.40', 'le': '0.29', 'lle': '3.66', 'sei': '6.16'}",CHEMBL1130365,324890,CHEMBL2095152,CC(O)(C(=O)Nc1ccc(S(=O)(=O)N2CCSCC2)cc1)C(F)(F)F
964886,CHEMBL856207,CHEMBL424018,IC50,6440.0,nM,=,,,,5.19,,,,"{'bei': '13.09', 'le': '0.27', 'lle': '2.44', 'sei': '5.99'}",CHEMBL1130365,324900,CHEMBL2095152,CCCN(CCC)S(=O)(=O)c1ccc(NC(=O)C(C)(O)C(F)(F)F)cc1
967481,CHEMBL856207,CHEMBL73423,IC50,12800.0,nM,=,,,,4.89,,,,"{'bei': '15.67', 'le': '0.33', 'lle': '4.30', 'sei': '4.47'}",CHEMBL1130365,324902,CHEMBL2095152,CC(O)(C(=O)Nc1ccc(S(N)(=O)=O)cc1)C(F)(F)F
971234,CHEMBL856207,CHEMBL168072,IC50,480.0,nM,=,,,,6.32,,,,"{'bei': '18.57', 'le': '0.39', 'lle': '5.13', 'sei': '7.29'}",CHEMBL1130365,324901,CHEMBL2095152,CN(C)S(=O)(=O)c1ccc(NC(=O)C(C)(O)C(F)(F)F)cc1
972581,CHEMBL767059,CHEMBL11684,IC50,500.0,nM,=,,,,6.3,,,,"{'bei': '22.01', 'le': '0.41', 'lle': '4.55', 'sei': '8.57'}",CHEMBL1130365,324905,CHEMBL2095152,CC1(C)Oc2ccc(C#N)cc2[C@H](N2CCCC2=O)[C@H]1O
973724,CHEMBL856207,CHEMBL165330,IC50,5850.0,nM,=,,,,5.23,,,,"{'bei': '13.69', 'le': '0.29', 'lle': '4.27', 'sei': '5.45'}",CHEMBL1130365,324892,CHEMBL2095152,CC(O)(C(=O)Nc1ccc(S(=O)(=O)N2CCOCC2)cc1)C(F)(F)F
976164,CHEMBL856207,CHEMBL143181,IC50,470.0,nM,=,,,,6.33,,,,"{'bei': '16.95', 'le': '0.35', 'lle': '3.56', 'sei': '7.58'}",CHEMBL1130365,324883,CHEMBL2095152,CC(O)(C(=O)Nc1ccc(S(=O)(=O)c2ccccc2)cc1)C(F)(F)F
976165,CHEMBL856207,CHEMBL70996,IC50,3000.0,nM,=,,,,5.52,,,,"{'bei': '16.37', 'le': '0.31', 'lle': '2.35', 'sei': '8.32'}",CHEMBL1130365,324887,CHEMBL2095152,CC(O)(C(=O)Nc1ccc(C(=O)c2ccccc2)cc1)C(F)(F)F
982615,CHEMBL856207,CHEMBL168073,IC50,810.0,nM,=,,,,6.09,,,,"{'bei': '16.54', 'le': '0.35', 'lle': '4.12', 'sei': '7.03'}",CHEMBL1130365,324904,CHEMBL2095152,CCN(CC)S(=O)(=O)c1ccc(NC(=O)C(C)(O)C(F)(F)F)cc1
986147,CHEMBL856207,CHEMBL140684,IC50,1970.0,nM,=,,,,5.71,,,,"{'bei': '14.18', 'le': '0.29', 'lle': '2.95', 'sei': '6.58'}",CHEMBL1130365,324896,CHEMBL2095152,CN(c1ccccc1)S(=O)(=O)c1ccc(NC(=O)C(C)(O)C(F)(F)F)cc1
1115015,CHEMBL762565,CHEMBL18861,EC50,2511.89,nM,=,,,,5.6,,,,,CHEMBL1148468,247541,CHEMBL2095152,C[C@](O)(C(=O)Nc1ccc(C(=O)c2ccccc2)cc1)C(F)(F)F
