activity_id,assay_chembl_id,molecule_chembl_id,standard_type,standard_value,standard_units,standard_relation,published_value,published_units,published_relation,pchembl_value,activity_comment,data_validity_comment,confidence_score,ligand_efficiency,document_chembl_id,record_id,target_chembl_id,smiles
2357419,CHEMBL1006006,CHEMBL15177,IC50,10000.0,nM,=,,,,5.0,,,,"{'bei': '9.71', 'le': '0.20', 'lle': '-1.48', 'sei': '7.09'}",CHEMBL1150338,766582,CHEMBL5748,CN(C)C(=O)CCSC(SCCC(=O)O)c1cccc(/C=C/c2ccc3ccc(Cl)cc3n2)c1
2359303,CHEMBL975399,CHEMBL510556,IC50,21500.0,nM,=,,,,4.67,,,,"{'bei': '13.02', 'le': '0.27', 'lle': '0.63', 'sei': '5.89'}",CHEMBL1140042,721841,CHEMBL5748,O=C(O)c1ccc(Nc2nc3sc4c(c3c(=O)s2)CCCC4)cc1
2359318,CHEMBL975399,CHEMBL160,IC50,13600.0,nM,=,,,,4.87,,,,"{'bei': '4.05', 'le': None, 'lle': None, 'sei': None}",CHEMBL1140042,746978,CHEMBL5748,C/C=C/C[C@@H](C)[C@@H](O)[C@H]1C(=O)N[C@@H](CC)C(=O)N(C)CC(=O)N(C)[C@@H](CC(C)C)C(=O)N[C@@H](C(C)C)C(=O)N(C)[C@@H](CC(C)C)C(=O)N[C@@H](C)C(=O)N[C@H](C)C(=O)N(C)[C@@H](CC(C)C)C(=O)N(C)[C@@H](CC(C)C)C(=O)N(C)[C@@H](C(C)C)C(=O)N1C
2359319,CHEMBL975399,CHEMBL89768,IC50,20700.0,nM,=,,,,4.68,,,,"{'bei': '9.09', 'le': '0.19', 'lle': '-1.80', 'sei': '6.64'}",CHEMBL1140042,746977,CHEMBL5748,CN(C)C(=O)CCSC(SCCC(=O)[O-])c1cccc(/C=C/c2ccc3ccc(Cl)cc3n2)c1.[Na+]
2692694,CHEMBL1062296,CHEMBL164,IC50,22000.0,nM,=,,,,4.66,,,,"{'bei': '14.64', 'le': '0.28', 'lle': '2.97', 'sei': '3.07'}",CHEMBL1152445,822657,CHEMBL5748,O=c1c(O)c(-c2cc(O)c(O)c(O)c2)oc2cc(O)cc(O)c12
5308709,CHEMBL1692698,CHEMBL308954,IC50,7800.0,nM,=,,,,5.11,,,,"{'bei': '11.73', 'le': '0.25', 'lle': '0.39', 'sei': '4.23'}",CHEMBL1687850,1338566,CHEMBL5748,Cc1cc(C#N)cc(C)c1Oc1nc(Nc2ccc(C#N)cc2)nc(N)c1Br
10844165,CHEMBL2013263,CHEMBL2013174,IC50,12000.0,nM,=,,,,4.92,,,,,CHEMBL2010675,1633938,CHEMBL5748,CC[C@@H]1C[C@]1(NC(=O)[C@@H]1C[C@@H](Oc2cc(-c3csc(NC(C)C)n3)nc3c(Cl)c(OCCN4CCOCC4)ccc23)CN1C(=O)[C@@H](NC(=O)O[C@@H]1C[C@@H]2C[C@@H]2C1)C(C)(C)C)C(=O)O
11000852,CHEMBL2075331,CHEMBL2074720,IC50,280.0,nM,=,,,,6.55,inhibitor [IC50=0.28uM],,,,CHEMBL2074539,1671492,CHEMBL5748,C=CC1=C(C)/C(=C/c2[nH]c(Cc3[nH]c(/C=C4\NC(=O)C(C)=C4C=C)c(C)c3CCC(=O)O[C@@H]3OC(C(=O)O)[C@@H](O)C(O)C3O)c(CCC(=O)O)c2C)NC1=O
11000867,CHEMBL2075331,CHEMBL3038248,IC50,400.0,nM,=,,,,6.4,inhibitor [IC50=0.4uM],,,,CHEMBL2074539,1671496,CHEMBL5748,C=CC1=C(C)/C(=C/c2[nH]c(Cc3[nH]c(/C=C4\NC(=O)C(C)=C4C=C)c(C)c3CCC(=O)O[C@@H]3O[C@@H](C(=O)O)[C@H](O)[C@@H](O)[C@@H]3O)c(CCC(=O)O[C@@H]3O[C@H](C(=O)O)[C@H](O)[C@H](O)[C@@H]3O)c2C)NC1=O
11001011,CHEMBL2078137,CHEMBL333687,IC50,15000.0,nM,=,,,,4.82,inhibitor [IC50=15 +/- 3uM],,,,CHEMBL2073750,1671812,CHEMBL5748,CC(C)c1c(C(=O)Nc2ccccc2)c(-c2ccccc2)c(-c2ccc(F)cc2)n1CC[C@@H]1C[C@@H](O)CC(=O)O1
11001285,CHEMBL2075114,CHEMBL1200633,IC50,18000.0,nM,=,,,,4.75,inhibitor [IC50=18+/- 5uM],,,,CHEMBL2074530,1672046,CHEMBL5748,CC[C@H](C)[C@H]1O[C@]2(CC[C@@H]1C)C[C@@H]1C[C@@H](C/C=C(\C)[C@@H](O[C@H]3C[C@H](OC)[C@@H](O[C@H]4C[C@H](OC)[C@@H](O)[C@H](C)O4)[C@H](C)O3)[C@@H](C)/C=C/C=C3\CO[C@@H]4[C@H](O)C(C)=C[C@@H](C(=O)O1)[C@]34O)O2.CO[C@H]1C[C@H](O[C@H]2[C@H](C)O[C@@H](O[C@@H]3/C(C)=C/C[C@@H]4C[C@@H](C[C@]5(CC[C@H](C)[C@@H](C(C)C)O5)O4)OC(=O)[C@@H]4C=C(C)[C@@H](O)[C@H]5OC/C(=C\C=C\[C@@H]3C)[C@]54O)C[C@@H]2OC)O[C@@H](C)[C@@H]1O
11001345,CHEMBL2078137,CHEMBL159,IC50,21000.0,nM,=,,,,4.68,inhibitor [IC50=21uM],,,,CHEMBL2073750,1672078,CHEMBL5748,CC[C@]1(O)C[C@@H]2CN(CCc3c([nH]c4ccccc34)[C@@](C(=O)OC)(c3cc4c(cc3OC)N(C)[C@H]3[C@@](O)(C(=O)OC)[C@H](OC(C)=O)[C@]5(CC)C=CCN6CC[C@]43[C@@H]65)C2)C1
11001367,CHEMBL2078137,CHEMBL1064,IC50,25000.0,nM,=,,,,4.6,inhibitor [IC50=25 +/- 2uM],,,,CHEMBL2073750,1671764,CHEMBL5748,CCC(C)(C)C(=O)O[C@H]1C[C@@H](C)C=C2C=C[C@H](C)[C@H](CC[C@@H]3C[C@@H](O)CC(=O)O3)[C@H]21
11001407,CHEMBL2075330,CHEMBL495936,IC50,3300.0,nM,=,,,,5.48,inhibitor [IC50=3.3uM],,,,CHEMBL2074311,1672118,CHEMBL5748,CCCCC/C=C\C/C=C\C=C\C=C\[C@@H](SC[C@@H](NC(=O)CC[C@H](N)C(=O)O)C(=O)NCC(=O)O)[C@@H](O)CCCC(=O)O
11001759,CHEMBL2075105,CHEMBL15177,IC50,4000.0,nM,=,,,,5.4,inhibitor [IC50=4uM],,,,CHEMBL2074311,1672378,CHEMBL5748,CN(C)C(=O)CCSC(SCCC(=O)O)c1cccc(/C=C/c2ccc3ccc(Cl)cc3n2)c1
11001794,CHEMBL2075330,CHEMBL589366,IC50,58000.0,nM,=,,,,4.24,inhibitor [IC50=58uM],,,,CHEMBL2074311,1672396,CHEMBL5748,C[C@@H]1Cc2c(Cl)cc(C(=O)N[C@@H](Cc3ccccc3)C(=O)O)c(O)c2C(=O)O1
11002406,CHEMBL2077556,CHEMBL15177,Ki,13100.0,nM,=,,,,4.88,inhibitor [Ki=13.1uM],,,,CHEMBL2073997,1672983,CHEMBL5748,CN(C)C(=O)CCSC(SCCC(=O)O)c1cccc(/C=C/c2ccc3ccc(Cl)cc3n2)c1
11002782,CHEMBL2077931,CHEMBL160,Ki,21000.0,nM,=,,,,4.68,inhibitor [Ki=21uM],,,,CHEMBL2074447,1672947,CHEMBL5748,C/C=C/C[C@@H](C)[C@@H](O)[C@H]1C(=O)N[C@@H](CC)C(=O)N(C)CC(=O)N(C)[C@@H](CC(C)C)C(=O)N[C@@H](C(C)C)C(=O)N(C)[C@@H](CC(C)C)C(=O)N[C@@H](C)C(=O)N[C@H](C)C(=O)N(C)[C@@H](CC(C)C)C(=O)N(C)[C@@H](CC(C)C)C(=O)N(C)[C@@H](C(C)C)C(=O)N1C
11002822,CHEMBL2078561,CHEMBL15177,Ki,26400.0,nM,=,,,,4.58,inhibitor [Ki=26.4uM],,,,CHEMBL2073914,1669155,CHEMBL5748,CN(C)C(=O)CCSC(SCCC(=O)O)c1cccc(/C=C/c2ccc3ccc(Cl)cc3n2)c1
11002836,CHEMBL2077556,CHEMBL1086218,Ki,28900.0,nM,=,,,,4.54,inhibitor [Ki=28.9uM],,,,CHEMBL2073997,1669163,CHEMBL5748,C/C=C/C[C@@H](C)C(=O)[C@H]1C(=O)N[C@@H](C(C)C)C(=O)N(C)CC(=O)N(C)[C@@H](CC(C)C)C(=O)N[C@@H](C(C)C)C(=O)N(C)[C@@H](CC(C)C)C(=O)N[C@@H](C)C(=O)N[C@H](C)C(=O)N(C)[C@@H](CC(C)C)C(=O)N(C)[C@@H](CC(C)C)C(=O)N(C)[C@@H](C(C)C)C(=O)N1C
11002866,CHEMBL2077556,CHEMBL2074650,Ki,3700.0,nM,=,,,,5.43,inhibitor [Ki=3.7uM],,,,CHEMBL2073997,1669184,CHEMBL5748,Cc1nc(C)c(P2(=O)O[C@H](C)C[C@@H](C)O2)c(-c2cccc([N+](=O)[O-])c2)c1C(=O)OCCN1CCN(C(c2ccccc2)c2ccccc2)CC1
11003116,CHEMBL2077556,CHEMBL160,Ki,4700.0,nM,=,,,,5.33,inhibitor [Ki=4.7uM],,,,CHEMBL2073997,1669231,CHEMBL5748,C/C=C/C[C@@H](C)[C@@H](O)[C@H]1C(=O)N[C@@H](CC)C(=O)N(C)CC(=O)N(C)[C@@H](CC(C)C)C(=O)N[C@@H](C(C)C)C(=O)N(C)[C@@H](CC(C)C)C(=O)N[C@@H](C)C(=O)N[C@H](C)C(=O)N(C)[C@@H](CC(C)C)C(=O)N(C)[C@@H](CC(C)C)C(=O)N(C)[C@@H](C(C)C)C(=O)N1C
11003129,CHEMBL2075104,CHEMBL897,Ki,42200.0,nM,=,,,,4.38,inhibitor [Ki=42.2uM],,,,CHEMBL2074105,1669242,CHEMBL5748,CCCN(CCC)S(=O)(=O)c1ccc(C(=O)O)cc1
11003162,CHEMBL2078561,CHEMBL178,Ki,49400.0,nM,=,,,,4.31,inhibitor [Ki=49.4uM],,,,CHEMBL2073914,1669455,CHEMBL5748,COc1cccc2c1C(=O)c1c(O)c3c(c(O)c1C2=O)C[C@@](O)(C(C)=O)C[C@@H]3O[C@H]1C[C@H](N)[C@H](O)[C@H](C)O1
11003281,CHEMBL2078561,CHEMBL160,Ki,8110.0,nM,=,,,,5.09,inhibitor [Ki=8.11uM],,,,CHEMBL2073914,1669510,CHEMBL5748,C/C=C/C[C@@H](C)[C@@H](O)[C@H]1C(=O)N[C@@H](CC)C(=O)N(C)CC(=O)N(C)[C@@H](CC(C)C)C(=O)N[C@@H](C(C)C)C(=O)N(C)[C@@H](CC(C)C)C(=O)N[C@@H](C)C(=O)N[C@H](C)C(=O)N(C)[C@@H](CC(C)C)C(=O)N(C)[C@@H](CC(C)C)C(=O)N(C)[C@@H](C(C)C)C(=O)N1C
12088855,CHEMBL2169419,CHEMBL553,IC50,10000.0,nM,=,,,,5.0,,,,,CHEMBL2163248,1737305,CHEMBL5748,C#Cc1cccc(Nc2ncnc3cc(OCCOC)c(OCCOC)cc23)c1
15006385,CHEMBL3363893,CHEMBL3314525,EC50,71000.0,nM,=,,,,4.15,,,,"{'bei': '9.57', 'le': '0.21', 'lle': '1.34', 'sei': '3.86'}",CHEMBL3352173,2244428,CHEMBL5748,CO[C@H]1CN(c2ncc(C(=O)O)s2)CC[C@H]1NC(=O)c1[nH]c(C)c(Cl)c1Cl
15006392,CHEMBL3363894,CHEMBL3314564,IC50,100000.0,nM,=,,,,4.0,,,,"{'bei': '7.48', 'le': '0.16', 'lle': '1.82', 'sei': '2.74'}",CHEMBL3352173,2244467,CHEMBL5748,COCCNC(=O)c1nc(N2CC[C@@H](NC(=O)c3[nH]c(C)c(Cl)c3Cl)[C@@H](OC)C2)sc1C(=O)O
15006393,CHEMBL3363894,CHEMBL3314565,IC50,59000.0,nM,=,,,,4.23,,,,"{'bei': '7.71', 'le': '0.17', 'lle': '1.66', 'sei': '2.90'}",CHEMBL3352173,2244468,CHEMBL5748,COC[C@H](C)NC(=O)c1nc(N2CC[C@@H](NC(=O)c3[nH]c(C)c(Cl)c3Cl)[C@@H](OC)C2)sc1C(=O)O
15083158,CHEMBL3389574,CHEMBL1651956,IC50,18000.0,nM,=,,,,4.75,,,,,CHEMBL3351593,2243540,CHEMBL5748,C/C=C/C[C@@H](C)[C@@H](O)[C@H]1C(=O)N[C@@H](CC)C(=O)N(C)[C@H](C)C(=O)N(CC)[C@@H](C(C)C)C(=O)N[C@@H](C(C)C)C(=O)N(C)[C@@H](CC(C)C)C(=O)N[C@@H](C)C(=O)N[C@H](C)C(=O)N(C)[C@@H](CC(C)C)C(=O)N(C)[C@@H](CC(C)C)C(=O)N(C)[C@@H](C(C)C)C(=O)N1C
15450034,CHEMBL3536903,CHEMBL487805,IC50,75000.0,nM,=,,,,4.12,,,,,CHEMBL3526031,2470931,CHEMBL5748,O=C(O)[C@H]1O[C@@H](Oc2cc3oc(-c4ccc(O)cc4)cc(=O)c3c(O)c2O)[C@H](O)[C@@H](O)[C@@H]1O
15450035,CHEMBL3536903,CHEMBL3542370,IC50,50000.0,nM,=,,,,4.3,,,,,CHEMBL3526031,2470932,CHEMBL5748,O=C(O)[C@H]1O[C@@H](Oc2c(O)cc3oc(-c4ccc(O)cc4)cc(=O)c3c2O)[C@H](O)[C@@H](O)[C@@H]1O
16270688,CHEMBL3705841,CHEMBL3704745,IC50,16000.0,nM,=,,,,4.8,317667,,,"{'bei': '3.94', 'le': None, 'lle': None, 'sei': None}",CHEMBL3639237,2582262,CHEMBL5748,C/C=C/CC(C)C(O)C1C(=O)NC(CC)C(=O)N(C)C(C)C(=O)N(CC)C(C(C)C)C(=O)NC(C(C)C)C(=O)N(C)C(CC(C)C)C(=O)NC(C)C(=O)NC(C)C(=O)N(C)C(CC(C)C)C(=O)N(C)C(CC(C)C)C(=O)N(C)C(C(C)C)C(=O)N1C
16321533,CHEMBL3705841,CHEMBL160,IC50,4100.0,nM,=,,,,5.39,317666,,,"{'bei': '4.48', 'le': None, 'lle': None, 'sei': None}",CHEMBL3639237,2582265,CHEMBL5748,C/C=C/C[C@@H](C)[C@@H](O)[C@H]1C(=O)N[C@@H](CC)C(=O)N(C)CC(=O)N(C)[C@@H](CC(C)C)C(=O)N[C@@H](C(C)C)C(=O)N(C)[C@@H](CC(C)C)C(=O)N[C@@H](C)C(=O)N[C@H](C)C(=O)N(C)[C@@H](CC(C)C)C(=O)N(C)[C@@H](CC(C)C)C(=O)N(C)[C@@H](C(C)C)C(=O)N1C
16321911,CHEMBL3705841,CHEMBL160,IC50,3100.0,nM,=,,,,5.51,317669,,,"{'bei': '4.58', 'le': None, 'lle': None, 'sei': None}",CHEMBL3639237,2582265,CHEMBL5748,C/C=C/C[C@@H](C)[C@@H](O)[C@H]1C(=O)N[C@@H](CC)C(=O)N(C)CC(=O)N(C)[C@@H](CC(C)C)C(=O)N[C@@H](C(C)C)C(=O)N(C)[C@@H](CC(C)C)C(=O)N[C@@H](C)C(=O)N[C@H](C)C(=O)N(C)[C@@H](CC(C)C)C(=O)N(C)[C@@H](CC(C)C)C(=O)N(C)[C@@H](C(C)C)C(=O)N1C
16787109,CHEMBL3866576,CHEMBL160,IC50,20000.0,nM,=,,,,4.7,,,,"{'bei': '3.91', 'le': None, 'lle': None, 'sei': None}",CHEMBL3865809,2806481,CHEMBL5748,C/C=C/C[C@@H](C)[C@@H](O)[C@H]1C(=O)N[C@@H](CC)C(=O)N(C)CC(=O)N(C)[C@@H](CC(C)C)C(=O)N[C@@H](C(C)C)C(=O)N(C)[C@@H](CC(C)C)C(=O)N[C@@H](C)C(=O)N[C@H](C)C(=O)N(C)[C@@H](CC(C)C)C(=O)N(C)[C@@H](CC(C)C)C(=O)N(C)[C@@H](C(C)C)C(=O)N1C
16787140,CHEMBL3866569,CHEMBL160,IC50,25600.0,nM,=,,,,4.59,,,,"{'bei': '3.82', 'le': None, 'lle': None, 'sei': None}",CHEMBL3865809,2806481,CHEMBL5748,C/C=C/C[C@@H](C)[C@@H](O)[C@H]1C(=O)N[C@@H](CC)C(=O)N(C)CC(=O)N(C)[C@@H](CC(C)C)C(=O)N[C@@H](C(C)C)C(=O)N(C)[C@@H](CC(C)C)C(=O)N[C@@H](C)C(=O)N[C@H](C)C(=O)N(C)[C@@H](CC(C)C)C(=O)N(C)[C@@H](CC(C)C)C(=O)N(C)[C@@H](C(C)C)C(=O)N1C
16787141,CHEMBL3866569,CHEMBL3928271,IC50,15800.0,nM,=,,,,4.8,,,,"{'bei': '10.25', 'le': '0.22', 'lle': '-1.21', 'sei': '6.70'}",CHEMBL3865809,2806480,CHEMBL5748,O=C1/C(=C/c2cn(CC3CCCCC3)c3ccc(Br)cc23)Oc2cc(O)cc(O)c21
16787142,CHEMBL3866569,CHEMBL3948408,IC50,15400.0,nM,=,,,,4.81,,,,"{'bei': '11.24', 'le': '0.24', 'lle': '-0.42', 'sei': '6.71'}",CHEMBL3865809,2806479,CHEMBL5748,CCCCn1cc(/C=C2\Oc3cc(O)cc(O)c3C2=O)c2cc(Br)ccc21
16787143,CHEMBL3866569,CHEMBL3914655,IC50,17800.0,nM,=,,,,4.75,,,,"{'bei': '11.87', 'le': '0.26', 'lle': '0.30', 'sei': '6.63'}",CHEMBL3865809,2806478,CHEMBL5748,CCn1cc(/C=C2\Oc3cc(O)cc(O)c3C2=O)c2cc(Br)ccc21
16787144,CHEMBL3866569,CHEMBL3921707,IC50,4500.0,nM,=,,,,5.35,,,,"{'bei': '13.84', 'le': '0.30', 'lle': '1.38', 'sei': '7.46'}",CHEMBL3865809,2806477,CHEMBL5748,Cn1cc(/C=C2\Oc3cc(O)cc(O)c3C2=O)c2cc(Br)ccc21
16787145,CHEMBL3866569,CHEMBL3964042,IC50,7300.0,nM,=,,,,5.14,,,,"{'bei': '10.43', 'le': '0.22', 'lle': '-0.35', 'sei': '6.35'}",CHEMBL3865809,2806476,CHEMBL5748,COc1ccc2c(c1)c(/C=C1\Oc3cc(O)cc(O)c3C1=O)cn2Cc1cccc(Br)c1
16787146,CHEMBL3866569,CHEMBL3263915,IC50,6300.0,nM,=,,,,5.2,,,,"{'bei': '13.71', 'le': '0.25', 'lle': '0.72', 'sei': '6.43'}",CHEMBL3865809,2806475,CHEMBL5748,CCCCn1cc(/C=C2\Oc3cc(O)cc(O)c3C2=O)c2cccc(OC)c21
16787147,CHEMBL3866569,CHEMBL3974624,IC50,4100.0,nM,=,,,,5.39,,,,"{'bei': '12.84', 'le': '0.24', 'lle': '0.13', 'sei': '6.66'}",CHEMBL3865809,2806474,CHEMBL5748,COc1ccc2c(c1)c(/C=C1\Oc3cc(O)cc(O)c3C1=O)cn2CC1CCCCC1
16787148,CHEMBL3866569,CHEMBL3259861,IC50,13900.0,nM,=,,,,4.86,,,,"{'bei': '12.80', 'le': '0.24', 'lle': '0.38', 'sei': '6.00'}",CHEMBL3865809,2806473,CHEMBL5748,CCCCn1cc(/C=C2\Oc3cc(O)cc(O)c3C2=O)c2cc(OC)ccc21
16787149,CHEMBL3866569,CHEMBL3263913,IC50,11400.0,nM,=,,,,4.94,,,,"{'bei': '13.60', 'le': '0.25', 'lle': '0.16', 'sei': '6.90'}",CHEMBL3865809,2806472,CHEMBL5748,CCCCn1c(C)c(/C=C2\Oc3cc(O)cc(O)c3C2=O)c2ccccc21
16787150,CHEMBL3866569,CHEMBL3263916,IC50,4800.0,nM,=,,,,5.32,,,,"{'bei': '14.64', 'le': '0.27', 'lle': '0.54', 'sei': '7.42'}",CHEMBL3865809,2806471,CHEMBL5748,CCCCn1cc(/C=C2\Oc3cc(O)cc(O)c3C2=O)c2cc(C)ccc21
16787151,CHEMBL3866569,CHEMBL3263914,IC50,4500.0,nM,=,,,,5.35,,,,"{'bei': '14.71', 'le': '0.27', 'lle': '0.57', 'sei': '7.46'}",CHEMBL3865809,2806470,CHEMBL5748,CCCCn1cc(/C=C2\Oc3cc(O)cc(O)c3C2=O)c2cccc(C)c21
16787152,CHEMBL3866569,CHEMBL3263909,IC50,17500.0,nM,=,,,,4.76,,,,"{'bei': '11.51', 'le': '0.21', 'lle': '0.03', 'sei': '5.88'}",CHEMBL3865809,2806469,CHEMBL5748,COc1cccc(Cn2cc(/C=C3\Oc4cc(O)cc(O)c4C3=O)c3ccccc32)c1
16787153,CHEMBL3866569,CHEMBL3263910,IC50,14400.0,nM,=,,,,4.84,,,,"{'bei': '10.47', 'le': '0.22', 'lle': '-0.64', 'sei': '6.75'}",CHEMBL3865809,2806468,CHEMBL5748,O=C1/C(=C/c2cn(Cc3cccc(Br)c3)c3ccccc23)Oc2cc(O)cc(O)c21
16787154,CHEMBL3866569,CHEMBL3263907,IC50,12200.0,nM,=,,,,4.91,,,,"{'bei': '12.82', 'le': '0.23', 'lle': '0.19', 'sei': '6.85'}",CHEMBL3865809,2806467,CHEMBL5748,O=C1/C(=C/c2cn(Cc3ccccc3)c3ccccc23)Oc2cc(O)cc(O)c21
16787155,CHEMBL3866569,CHEMBL3263904,IC50,10600.0,nM,=,,,,4.97,,,,"{'bei': '13.77', 'le': '0.25', 'lle': '0.34', 'sei': '6.94'}",CHEMBL3865809,2806466,CHEMBL5748,CC(C)=CCn1cc(/C=C2\Oc3cc(O)cc(O)c3C2=O)c2ccccc21
16787156,CHEMBL3866569,CHEMBL3263906,IC50,10500.0,nM,=,,,,4.98,,,,"{'bei': '12.78', 'le': '0.23', 'lle': '-0.27', 'sei': '6.94'}",CHEMBL3865809,2806465,CHEMBL5748,O=C1/C(=C/c2cn(CC3CCCCC3)c3ccccc23)Oc2cc(O)cc(O)c21
16787157,CHEMBL3866569,CHEMBL3945493,IC50,8200.0,nM,=,,,,5.09,,,,"{'bei': '14.00', 'le': '0.26', 'lle': '0.31', 'sei': '7.09'}",CHEMBL3865809,2806464,CHEMBL5748,CCCCn1c(/C=C2\Oc3cc(O)cc(O)c3C2=O)c(C)c2ccccc21
16787158,CHEMBL3866569,CHEMBL3263569,IC50,9000.0,nM,=,,,,5.05,,,,"{'bei': '14.44', 'le': '0.27', 'lle': '0.58', 'sei': '7.04'}",CHEMBL3865809,2806463,CHEMBL5748,CCCCn1c(/C=C2\Oc3cc(O)cc(O)c3C2=O)cc2ccccc21
16787159,CHEMBL3866569,CHEMBL3263570,IC50,11100.0,nM,=,,,,4.96,,,,"{'bei': '16.12', 'le': '0.29', 'lle': '1.74', 'sei': '6.91'}",CHEMBL3865809,2806462,CHEMBL5748,Cn1c(/C=C2\Oc3cc(O)cc(O)c3C2=O)cc2ccccc21
18129586,CHEMBL4028922,CHEMBL772,IC50,68400.0,nM,=,,,,4.17,,,,,CHEMBL4028801,3006324,CHEMBL5748,COC(=O)[C@H]1[C@H]2C[C@@H]3c4[nH]c5cc(OC)ccc5c4CCN3C[C@H]2C[C@@H](OC(=O)c2cc(OC)c(OC)c(OC)c2)[C@@H]1OC
18129600,CHEMBL4028922,CHEMBL1272,IC50,72300.0,nM,=,,,,4.14,,,,,CHEMBL4028801,3006338,CHEMBL5748,CCOc1cc(CC(=O)N[C@@H](CC(C)C)c2ccccc2N2CCCCC2)ccc1C(=O)O
18129602,CHEMBL4028922,CHEMBL269732,IC50,40300.0,nM,=,,,,4.39,,,,,CHEMBL4028801,3006340,CHEMBL5748,C=CC[C@@H]1/C=C(\C)C[C@H](C)C[C@H](OC)[C@H]2O[C@@](O)(C(=O)C(=O)N3CCCC[C@H]3C(=O)O[C@H](/C(C)=C/[C@@H]3CC[C@@H](O)[C@H](OC)C3)[C@H](C)[C@@H](O)CC1=O)[C@H](C)C[C@@H]2OC
18129610,CHEMBL4028922,CHEMBL444633,IC50,49800.0,nM,=,,,,4.3,,,,,CHEMBL4028801,3006349,CHEMBL5748,CO[C@H]1/C=C/O[C@@]2(C)Oc3c(C)c(O)c4c(c3C2=O)C2=NC3(CCN(CC(C)C)CC3)NC2=C(NC(=O)/C(C)=C\C=C\[C@H](C)[C@H](O)[C@@H](C)[C@@H](O)[C@@H](C)[C@H](OC(C)=O)[C@@H]1C)C4=O
18129615,CHEMBL4028922,CHEMBL1096885,IC50,64000.0,nM,=,,,,4.19,,,,,CHEMBL4028801,3006354,CHEMBL5748,CCCCC(=O)OCC(=O)[C@]1(O)Cc2c(O)c3c(c(O)c2[C@@H](O[C@H]2C[C@H](NC(=O)C(F)(F)F)[C@H](O)[C@H](C)O2)C1)C(=O)c1c(OC)cccc1C3=O
18129618,CHEMBL4028922,CHEMBL1292,IC50,10400.0,nM,=,,,,4.98,,,,,CHEMBL4028801,3006357,CHEMBL5748,CC(C)/N=c1\cc2n(-c3ccc(Cl)cc3)c3ccccc3nc-2cc1Nc1ccc(Cl)cc1
18129620,CHEMBL4028922,CHEMBL1908360,IC50,11300.0,nM,=,,,,4.95,,,,,CHEMBL4028801,3006360,CHEMBL5748,CO[C@H]1C[C@@H]2CC[C@@H](C)[C@@](O)(O2)C(=O)C(=O)N2CCCC[C@H]2C(=O)O[C@H]([C@H](C)C[C@@H]2CC[C@@H](OCCO)[C@H](OC)C2)CC(=O)[C@H](C)/C=C(\C)[C@@H](O)[C@@H](OC)C(=O)[C@H](C)C[C@H](C)/C=C/C=C/C=C/1C
18129626,CHEMBL4028922,CHEMBL56337,IC50,84400.0,nM,=,,,,4.07,,,,,CHEMBL4028801,3006367,CHEMBL5748,CC(/C=C1\SC(=S)N(CC(=O)O)C1=O)=C\c1ccccc1
18129630,CHEMBL4028922,CHEMBL603,IC50,58800.0,nM,=,,,,4.23,,,,,CHEMBL4028801,3006372,CHEMBL5748,COc1cc(C(=O)NS(=O)(=O)c2ccccc2C)ccc1Cc1cn(C)c2ccc(NC(=O)OC3CCCC3)cc12
18129632,CHEMBL4028922,CHEMBL1201182,IC50,17600.0,nM,=,,,,4.75,,,,,CHEMBL4028801,3006374,CHEMBL5748,CO[C@H]1C[C@@H]2CC[C@@H](C)[C@@](O)(O2)C(=O)C(=O)N2CCCC[C@H]2C(=O)O[C@H]([C@H](C)C[C@@H]2CC[C@@H](OC(=O)C(C)(CO)CO)[C@H](OC)C2)CC(=O)[C@H](C)/C=C(\C)[C@@H](O)[C@@H](OC)C(=O)[C@H](C)C[C@H](C)/C=C/C=C/C=C/1C
18129644,CHEMBL4028922,CHEMBL388590,IC50,41600.0,nM,=,,,,4.38,,,,,CHEMBL4028801,3006388,CHEMBL5748,CCc1oc2ccccc2c1C(=O)c1cc(Br)c(O)c(Br)c1
18129646,CHEMBL4028922,CHEMBL374478,IC50,53000.0,nM,=,,,,4.28,,,,,CHEMBL4028801,3006391,CHEMBL5748,CO[C@H]1/C=C/O[C@@]2(C)Oc3c(C)c(O)c4c(O)c(c(/C=N/N5CCN(C)CC5)c(O)c4c3C2=O)NC(=O)/C(C)=C\C=C\[C@H](C)[C@H](O)[C@@H](C)[C@@H](O)[C@@H](C)[C@H](OC(C)=O)[C@@H]1C
18129661,CHEMBL4028922,CHEMBL160,IC50,14500.0,nM,=,,,,4.84,,,,,CHEMBL4028801,3006407,CHEMBL5748,C/C=C/C[C@@H](C)[C@@H](O)[C@H]1C(=O)N[C@@H](CC)C(=O)N(C)CC(=O)N(C)[C@@H](CC(C)C)C(=O)N[C@@H](C(C)C)C(=O)N(C)[C@@H](CC(C)C)C(=O)N[C@@H](C)C(=O)N[C@H](C)C(=O)N(C)[C@@H](CC(C)C)C(=O)N(C)[C@@H](CC(C)C)C(=O)N(C)[C@@H](C(C)C)C(=O)N1C
18129662,CHEMBL4028922,CHEMBL1660,IC50,16300.0,nM,=,,,,4.79,,,,,CHEMBL4028801,3006408,CHEMBL5748,CO[C@H]1/C=C/O[C@@]2(C)Oc3c(C)c(O)c4c(O)c(c(/C=N/N5CCN(C6CCCC6)CC5)c(O)c4c3C2=O)NC(=O)/C(C)=C\C=C\[C@H](C)[C@H](O)[C@@H](C)[C@@H](O)[C@@H](C)[C@H](OC(C)=O)[C@@H]1C
18129678,CHEMBL4028922,CHEMBL428496,IC50,46100.0,nM,=,,,,4.34,,,,,CHEMBL4028801,3006426,CHEMBL5748,COC[C@H]1OC(=O)c2coc3c2[C@@]1(C)C1=C(C3=O)[C@@H]2CCC(=O)[C@@]2(C)C[C@H]1OC(C)=O
18129686,CHEMBL4028922,CHEMBL1617,IC50,15400.0,nM,=,,,,4.81,,,,,CHEMBL4028801,3006434,CHEMBL5748,CO[C@H]1/C=C/O[C@@]2(C)Oc3c(C)c(O)c4c(O)c(c5c(nc6cc(C)ccn65)c4c3C2=O)NC(=O)/C(C)=C\C=C\[C@H](C)[C@H](O)[C@@H](C)[C@@H](O)[C@@H](C)[C@H](OC(C)=O)[C@@H]1C
18129721,CHEMBL4028922,CHEMBL77305,IC50,60500.0,nM,=,,,,4.22,,,,,CHEMBL4028801,3006475,CHEMBL5748,CC[C@@]1(O)C(=O)OCc2c1cc1n(c2=O)Cc2cc3c([N+](=O)[O-])cccc3nc2-1
18129727,CHEMBL4028922,CHEMBL4063475,IC50,64200.0,nM,=,,,,4.19,,,,,CHEMBL4028801,3006481,CHEMBL5748,C[C@](N)(Cc1ccc(O)c(O)c1)C(=O)O.O
18129820,CHEMBL4028922,CHEMBL1541,IC50,89400.0,nM,=,,,,4.05,,,,,CHEMBL4028801,3006577,CHEMBL5748,C=CC1=C(C(=O)O)N2C(=O)[C@@H](NC(=O)/C(=N\OCC(=O)O)c3csc(N)n3)[C@H]2SC1
18129851,CHEMBL4028922,CHEMBL387675,IC50,29100.0,nM,=,,,,4.54,,,,,CHEMBL4028801,3006611,CHEMBL5748,CCCCCCCCCC(=O)N[C@@H](Cc1c[nH]c2ccccc12)C(=O)N[C@@H](CC(N)=O)C(=O)N[C@@H](CC(=O)O)C(=O)N[C@@H]1C(=O)NCC(=O)N[C@@H](CCCN)C(=O)N[C@@H](CC(=O)O)C(=O)N[C@H](C)C(=O)N[C@@H](CC(=O)O)C(=O)NCC(=O)N[C@H](CO)C(=O)N[C@@H]([C@H](C)CC(=O)O)C(=O)N[C@@H](CC(=O)c2ccccc2N)C(=O)O[C@@H]1C
18129885,CHEMBL4028922,CHEMBL813,IC50,57900.0,nM,=,,,,4.24,,,,,CHEMBL4028801,3006646,CHEMBL5748,CCCCc1ncc(/C=C(\Cc2cccs2)C(=O)O)n1Cc1ccc(C(=O)O)cc1
18129887,CHEMBL4028922,CHEMBL5314359,IC50,56200.0,nM,=,,,,4.25,,,,,CHEMBL4028801,3006648,CHEMBL5748,C[C@@H](O)[C@H]1C(=O)N2C(C(=O)[O-])=C(S[C@@H]3CN[C@H](C(=O)Nc4cccc(C(=O)O)c4)C3)[C@H](C)[C@H]12.O.[Na+]
18129891,CHEMBL4028922,CHEMBL456,IC50,3850.0,nM,=,,,,5.42,,,,,CHEMBL4028801,3006653,CHEMBL5748,C=C(CC)C(=O)c1ccc(OCC(=O)O)c(Cl)c1Cl
18129952,CHEMBL4028922,CHEMBL1200775,IC50,80200.0,nM,=,,,,4.1,,,,,CHEMBL4028801,3006715,CHEMBL5748,CC(=O)O.CCNC(=O)[C@@H]1CCCN1C(=O)[C@H](CCCNC(=N)N)NC(=O)[C@H](CC(C)C)NC(=O)[C@@H](CC(C)C)NC(=O)[C@H](Cc1ccc(O)cc1)NC(=O)[C@H](CO)NC(=O)[C@H](Cc1c[nH]c2ccccc12)NC(=O)[C@H](Cc1c[nH]cn1)NC(=O)[C@@H]1CCC(=O)N1
18130082,CHEMBL4028922,CHEMBL3040216,IC50,36800.0,nM,=,,,,4.43,,,,,CHEMBL4028801,3006847,CHEMBL5748,CC1=CCC(C(=O)/N=C2\CC=C(S(=O)(=O)O)c3cc(S(=O)(=O)O)cc(S(=O)(=O)O)c32)=C/C1=N/C(=O)C1=CC=C/C(=N\C(=O)/N=C2\C=CC=C(C(=O)/N=C3/CC(C(=O)/N=C4\CC=C(S(=O)(=O)O)c5cc(S(=O)(=O)O)cc(S(=O)(=O)O)c54)=CC=C3C)C2)C1
18755882,CHEMBL4265233,CHEMBL1829174,IC50,2410.0,nM,=,,,,5.62,,,,,CHEMBL4261634,3116444,CHEMBL5748,Cc1cc(OCCCS(C)(=O)=O)cc(C)c1-c1cccc(COc2ccc3c(c2)OC[C@H]3CC(=O)O)c1
23227945,CHEMBL4825977,CHEMBL160,IC50,16270.0,nM,=,,,,4.79,,,,"{'bei': '3.98', 'le': None, 'lle': None, 'sei': None}",CHEMBL4825663,3613034,CHEMBL5748,C/C=C/C[C@@H](C)[C@@H](O)[C@H]1C(=O)N[C@@H](CC)C(=O)N(C)CC(=O)N(C)[C@@H](CC(C)C)C(=O)N[C@@H](C(C)C)C(=O)N(C)[C@@H](CC(C)C)C(=O)N[C@@H](C)C(=O)N[C@H](C)C(=O)N(C)[C@@H](CC(C)C)C(=O)N(C)[C@@H](CC(C)C)C(=O)N(C)[C@@H](C(C)C)C(=O)N1C
