activity_id,assay_chembl_id,molecule_chembl_id,standard_type,standard_value,standard_units,standard_relation,published_value,published_units,published_relation,pchembl_value,activity_comment,data_validity_comment,confidence_score,ligand_efficiency,document_chembl_id,record_id,target_chembl_id,smiles
11000859,CHEMBL2077067,CHEMBL1162492,IC50,200.0,nM,=,,,,6.7,inhibitor [IC50=0.2uM],,,,CHEMBL2073753,1671504,CHEMBL1743128,C[C@]12CC[C@@H]3c4ccc(OS(=O)(=O)O)cc4CC[C@H]3[C@@H]1CC[C@@H]2OS(=O)(=O)O
11000955,CHEMBL2077068,CHEMBL285913,IC50,10000.0,nM,=,,,,5.0,inhibitor [IC50=10uM],,,,CHEMBL2074007,1671773,CHEMBL1743128,COc1cc2c(cc1OC)-c1c/c(=N\c3c(C)cc(C)cc3C)n(C)c(=O)n1CC2
11000956,CHEMBL2077068,CHEMBL15177,IC50,10000.0,nM,=,,,,5.0,inhibitor [IC50=10uM],,,,CHEMBL2074007,1671774,CHEMBL1743128,CN(C)C(=O)CCSC(SCCC(=O)O)c1cccc(/C=C/c2ccc3ccc(Cl)cc3n2)c1
11000957,CHEMBL2078156,CHEMBL2074644,IC50,10000.0,nM,=,,,,5.0,inhibitor [IC50=10uM],,,,CHEMBL2073753,1671775,CHEMBL1743128,C[C@H](CCC(=O)NCCS(=O)(=O)O)C1CC[C@H]2[C@@H]3CC[C@@H]4C[C@H](OS(=O)(=O)O)CC[C@]4(C)[C@H]3CC[C@]12C
11000958,CHEMBL2078156,CHEMBL260315,IC50,10000.0,nM,=,,,,5.0,inhibitor [IC50=10uM],,,,CHEMBL2073753,1671776,CHEMBL1743128,C[C@H](CCC(=O)O)[C@H]1CC[C@H]2[C@@H]3CC[C@@H]4C[C@H](OS(=O)(=O)O)CC[C@]4(C)[C@H]3CC[C@]12C
11000959,CHEMBL2078156,CHEMBL2074584,IC50,10000.0,nM,=,,,,5.0,inhibitor [IC50=10uM],,,,CHEMBL2073753,1671777,CHEMBL1743128,C[C@H](CCC(=O)NCC(=O)O)[C@H]1CC[C@H]2[C@@H]3CC[C@@H]4C[C@H](OS(=O)(=O)O)CC[C@]4(C)[C@H]3CC[C@]12C
11001337,CHEMBL2077068,CHEMBL192,IC50,20000.0,nM,=,,,,4.7,inhibitor [IC50=20uM],,,,CHEMBL2074007,1672072,CHEMBL1743128,CCCc1nn(C)c2c(=O)[nH]c(-c3cc(S(=O)(=O)N4CCN(C)CC4)ccc3OCC)nc12
11001338,CHEMBL2077068,CHEMBL126075,IC50,20000.0,nM,=,,,,4.7,inhibitor [IC50=20uM],,,,CHEMBL2074007,1672073,CHEMBL1743128,COc1cc(C(=O)OCCCN2CCCN(CCCOC(=O)c3cc(OC)c(OC)c(OC)c3)CC2)cc(OC)c1OC
11001339,CHEMBL2078156,CHEMBL408701,IC50,20000.0,nM,=,,,,4.7,inhibitor [IC50=20uM],,,,CHEMBL2073753,1672074,CHEMBL1743128,C[C@H](CCC(=O)NCCS(=O)(=O)O)[C@H]1CC[C@H]2[C@@H]3CC[C@@H]4C[C@H](O)CC[C@]4(C)[C@H]3CC[C@]12C
11001396,CHEMBL2077068,CHEMBL932,IC50,2000.0,nM,=,,,,5.7,inhibitor [IC50=2uM],,,,CHEMBL2074007,1672110,CHEMBL1743128,OCCN(CCO)c1nc(N2CCCCC2)c2nc(N(CCO)CCO)nc(N3CCCCC3)c2n1
11001397,CHEMBL2077531,CHEMBL1162492,IC50,2000.0,nM,=,,,,5.7,inhibitor [IC50=2uM],,,,CHEMBL2073753,1671504,CHEMBL1743128,C[C@]12CC[C@@H]3c4ccc(OS(=O)(=O)O)cc4CC[C@H]3[C@@H]1CC[C@@H]2OS(=O)(=O)O
11001429,CHEMBL2077067,CHEMBL1697724,IC50,30000.0,nM,=,,,,4.52,inhibitor [IC50=30uM],,,,CHEMBL2073753,1672332,CHEMBL1743128,C[C@]12CC[C@@H]3c4ccc(O)cc4CC[C@H]3[C@@H]1CC[C@@H]2O[C@@H]1O[C@H](C(=O)O)[C@@H](O)[C@H](O)[C@H]1O
11001462,CHEMBL2078640,CHEMBL259898,IC50,3000.0,nM,=,,,,5.52,inhibitor [IC50=3uM],,,,CHEMBL2073968,1672344,CHEMBL1743128,C[C@]12CC[C@H](OS(=O)(=O)O)CC1=CC[C@@H]1[C@@H]2CC[C@]2(C)C(=O)CC[C@@H]12
11001751,CHEMBL2077531,CHEMBL494753,IC50,45000.0,nM,=,,,,4.35,inhibitor [IC50=45uM],,,,CHEMBL2073753,1672374,CHEMBL1743128,C[C@]12CC[C@@H]3c4ccc(OS(=O)(=O)O)cc4CC[C@H]3[C@@H]1CCC2=O
11001782,CHEMBL2077531,CHEMBL3349339,IC50,50000.0,nM,=,,,,4.3,inhibitor [IC50=50uM],,,,CHEMBL2073753,1672389,CHEMBL1743128,C[C@]12CC[C@@H]3c4ccc(OS(=O)(=O)O)cc4CC[C@H]3[C@@H]1CC[C@H]2O
11001791,CHEMBL2078156,CHEMBL185878,IC50,55000.0,nM,=,,,,4.26,inhibitor [IC50=55uM],,,,CHEMBL2073753,1672395,CHEMBL1743128,C[C@H](CCC(=O)NCCS(=O)(=O)O)[C@H]1CC[C@H]2[C@@H]3[C@H](O)C[C@@H]4C[C@H](O)CC[C@]4(C)[C@H]3CC[C@]12C
11001818,CHEMBL2078156,CHEMBL412272,IC50,60000.0,nM,=,,,,4.22,inhibitor [IC50=60uM],,,,CHEMBL2073753,1672404,CHEMBL1743128,C[C@H](CCC(=O)NCCS(=O)(=O)O)[C@H]1CC[C@H]2[C@@H]3CC[C@@H]4C[C@H](O)CC[C@]4(C)[C@H]3C[C@H](O)[C@]12C
11001853,CHEMBL2077067,CHEMBL3349339,IC50,70000.0,nM,=,,,,4.16,inhibitor [IC50=70uM],,,,CHEMBL2073753,1672389,CHEMBL1743128,C[C@]12CC[C@@H]3c4ccc(OS(=O)(=O)O)cc4CC[C@H]3[C@@H]1CC[C@H]2O
11001861,CHEMBL2077068,CHEMBL418509,IC50,75000.0,nM,=,,,,4.12,inhibitor [IC50=75uM],,,,CHEMBL2074007,1672595,CHEMBL1743128,O=[N+]([O-])c1ccc(CSc2ncnc3c2ncn3[C@@H]2O[C@H](CO)[C@@H](O)[C@H]2O)cc1
11001877,CHEMBL2077067,CHEMBL2074591,IC50,80000.0,nM,=,,,,4.1,inhibitor [IC50=80uM],,,,CHEMBL2073753,1671799,CHEMBL1743128,C[C@]12CC[C@@H]3c4ccc(O[C@@H]5O[C@H](C(=O)O)[C@@H](O)[C@H](O)[C@H]5O)cc4CC[C@H]3[C@@H]1CC[C@@H]2O
11001878,CHEMBL2077067,CHEMBL2074982,IC50,80000.0,nM,=,,,,4.1,inhibitor [IC50=80uM],,,,CHEMBL2073753,1672604,CHEMBL1743128,C[C@]12CC[C@H](O[C@@H]3O[C@H](C(=O)O)[C@@H](O)[C@H](O)[C@H]3O)CC1=CC[C@@H]1[C@@H]2CC[C@]2(C)C(=O)CC[C@@H]12
11001879,CHEMBL2077531,CHEMBL2074982,IC50,80000.0,nM,=,,,,4.1,inhibitor [IC50=80uM],,,,CHEMBL2073753,1672604,CHEMBL1743128,C[C@]12CC[C@H](O[C@@H]3O[C@H](C(=O)O)[C@@H](O)[C@H](O)[C@H]3O)CC1=CC[C@@H]1[C@@H]2CC[C@]2(C)C(=O)CC[C@@H]12
11001911,CHEMBL2077067,CHEMBL494753,IC50,95000.0,nM,=,,,,4.02,inhibitor [IC50=95uM],,,,CHEMBL2073753,1672374,CHEMBL1743128,C[C@]12CC[C@@H]3c4ccc(OS(=O)(=O)O)cc4CC[C@H]3[C@@H]1CCC2=O
15454759,CHEMBL3535467,CHEMBL111,Ki,4000.0,nM,=,,,,5.4,,,,,CHEMBL3526013,2469693,CHEMBL1743128,Cc1c(C(=O)NN2CCCCC2)nn(-c2ccc(Cl)cc2Cl)c1-c1ccc(Cl)cc1
15454810,CHEMBL3535467,CHEMBL364300,Ki,7000.0,nM,=,,,,5.16,,,,,CHEMBL3526013,2468282,CHEMBL1743128,CCN(C)S(=O)(=O)N/C(=N\C)N1CC(c2ccccc2)C(c2ccc(Cl)cc2)=N1
18130749,CHEMBL4028924,CHEMBL4064157,IC50,46000.0,nM,=,,,,4.34,,,,,CHEMBL4028801,3006317,CHEMBL1743128,CCCC[C@](C)(O)C/C=C/[C@H]1[C@H](O)CC(=O)[C@@H]1CCCCCCC(=O)OC
18130750,CHEMBL4028924,CHEMBL1370,IC50,37000.0,nM,=,,,,4.43,,,,,CHEMBL4028801,3006318,CHEMBL1743128,CCCC1O[C@@H]2C[C@H]3[C@@H]4CCC5=CC(=O)C=C[C@]5(C)[C@H]4[C@@H](O)C[C@]3(C)[C@]2(C(=O)CO)O1
18130753,CHEMBL4028924,CHEMBL717,IC50,22500.0,nM,=,,,,4.65,,,,,CHEMBL4028801,3006321,CHEMBL1743128,CC(=O)O[C@]1(C(C)=O)CC[C@H]2[C@@H]3C[C@H](C)C4=CC(=O)CC[C@]4(C)[C@H]3CC[C@@]21C
18130760,CHEMBL4028924,CHEMBL1726,IC50,16500.0,nM,=,,,,4.78,,,,,CHEMBL4028801,3006328,CHEMBL1743128,COC(=O)C1=C(C)NC(C)=C(C(=O)OCC(C)C)C1c1ccccc1[N+](=O)[O-]
18130770,CHEMBL4028924,CHEMBL1272,IC50,53900.0,nM,=,,,,4.27,,,,,CHEMBL4028801,3006338,CHEMBL1743128,CCOc1cc(CC(=O)N[C@@H](CC(C)C)c2ccccc2N2CCCCC2)ccc1C(=O)O
18130771,CHEMBL4028924,CHEMBL393220,IC50,88500.0,nM,=,,,,4.05,,,,,CHEMBL4028801,3006339,CHEMBL1743128,CC(C)c1c(C(=O)Nc2ccccc2)c(-c2ccccc2)c(-c2ccc(F)cc2)n1CC[C@@H](O)C[C@@H](O)CC(=O)[O-].CC(C)c1c(C(=O)Nc2ccccc2)c(-c2ccccc2)c(-c2ccc(F)cc2)n1CC[C@@H](O)C[C@@H](O)CC(=O)[O-].[Ca+2]
18130773,CHEMBL4028924,CHEMBL710,IC50,51000.0,nM,=,,,,4.29,,,,,CHEMBL4028801,3006341,CHEMBL1743128,CC(C)(C)NC(=O)[C@H]1CC[C@H]2[C@@H]3CC[C@H]4NC(=O)C=C[C@]4(C)[C@H]3CC[C@]12C
18130774,CHEMBL4028924,CHEMBL1200561,IC50,8000.0,nM,=,,,,5.1,,,,,CHEMBL4028801,3006342,CHEMBL1743128,COc1cc2nc(N3CCN(C(=O)C4COc5ccccc5O4)CC3)nc(N)c2cc1OC.CS(=O)(=O)O
18130778,CHEMBL4028924,CHEMBL193,IC50,16600.0,nM,=,,,,4.78,,,,,CHEMBL4028801,3006346,CHEMBL1743128,COC(=O)C1=C(C)NC(C)=C(C(=O)OC)C1c1ccccc1[N+](=O)[O-]
18130780,CHEMBL4028924,CHEMBL1017,IC50,36000.0,nM,=,,,,4.44,,,,,CHEMBL4028801,3006348,CHEMBL1743128,CCCc1nc2c(C)cc(-c3nc4ccccc4n3C)cc2n1Cc1ccc(-c2ccccc2C(=O)O)cc1
18130781,CHEMBL4028924,CHEMBL444633,IC50,15900.0,nM,=,,,,4.8,,,,,CHEMBL4028801,3006349,CHEMBL1743128,CO[C@H]1/C=C/O[C@@]2(C)Oc3c(C)c(O)c4c(c3C2=O)C2=NC3(CCN(CC(C)C)CC3)NC2=C(NC(=O)/C(C)=C\C=C\[C@H](C)[C@H](O)[C@@H](C)[C@@H](O)[C@@H](C)[C@H](OC(C)=O)[C@@H]1C)C4=O
18130782,CHEMBL4028924,CHEMBL1484,IC50,88000.0,nM,=,,,,4.06,,,,,CHEMBL4028801,3006350,CHEMBL1743128,COC(=O)C1=C(C)NC(C)=C(C(=O)OCCN(C)Cc2ccccc2)C1c1cccc([N+](=O)[O-])c1
18130783,CHEMBL4028924,CHEMBL5416410,IC50,27300.0,nM,=,,,,4.56,,,,,CHEMBL4028801,3006351,CHEMBL1743128,Cc1nc(Nc2ncc(C(=O)Nc3c(C)cccc3Cl)s2)cc(N2CCN(CCO)CC2)n1.O
18130785,CHEMBL4028924,CHEMBL502,IC50,72900.0,nM,=,,,,4.14,,,,,CHEMBL4028801,3006353,CHEMBL1743128,COc1cc2c(cc1OC)C(=O)C(CC1CCN(Cc3ccccc3)CC1)C2
18130786,CHEMBL4028924,CHEMBL1096885,IC50,36800.0,nM,=,,,,4.43,,,,,CHEMBL4028801,3006354,CHEMBL1743128,CCCCC(=O)OCC(=O)[C@]1(O)Cc2c(O)c3c(c(O)c2[C@@H](O[C@H]2C[C@H](NC(=O)C(F)(F)F)[C@H](O)[C@H](C)O2)C1)C(=O)c1c(OC)cccc1C3=O
18130787,CHEMBL4028924,CHEMBL1509,IC50,37900.0,nM,=,,,,4.42,,,,,CHEMBL4028801,3006355,CHEMBL1743128,C[C@]12CCC(=O)C=C1[C@@H]1C[C@@H]1[C@H]1[C@@H]3[C@@H]4C[C@@H]4[C@@]4(CCC(=O)O4)[C@@]3(C)CC[C@@H]12
18130788,CHEMBL4028924,CHEMBL1131,IC50,49000.0,nM,=,,,,4.31,,,,,CHEMBL4028801,3006356,CHEMBL1743128,COc1cc(C)c(/C=C/C(C)=C/C=C/C(C)=C/C(=O)O)c(C)c1C
18130789,CHEMBL4028924,CHEMBL1292,IC50,44500.0,nM,=,,,,4.35,,,,,CHEMBL4028801,3006357,CHEMBL1743128,CC(C)/N=c1\cc2n(-c3ccc(Cl)cc3)c3ccccc3nc-2cc1Nc1ccc(Cl)cc1
18130790,CHEMBL4028924,CHEMBL1481,IC50,64000.0,nM,=,,,,4.19,,,,,CHEMBL4028801,3006358,CHEMBL1743128,CCC1=C(C)CN(C(=O)NCCc2ccc(S(=O)(=O)NC(=O)N[C@H]3CC[C@H](C)CC3)cc2)C1=O
18130792,CHEMBL4028924,CHEMBL1908360,IC50,95000.0,nM,=,,,,4.02,,,,,CHEMBL4028801,3006360,CHEMBL1743128,CO[C@H]1C[C@@H]2CC[C@@H](C)[C@@](O)(O2)C(=O)C(=O)N2CCCC[C@H]2C(=O)O[C@H]([C@H](C)C[C@@H]2CC[C@@H](OCCO)[C@H](OC)C2)CC(=O)[C@H](C)/C=C(\C)[C@@H](O)[C@@H](OC)C(=O)[C@H](C)C[C@H](C)/C=C/C=C/C=C/1C
18130793,CHEMBL4028924,CHEMBL995,IC50,34100.0,nM,=,,,,4.47,,,,,CHEMBL4028801,3006361,CHEMBL1743128,CCCCc1nc(Cl)c(CO)n1Cc1ccc(-c2ccccc2-c2nnn[n-]2)cc1.[K+]
18130796,CHEMBL4028924,CHEMBL939,IC50,4600.0,nM,=,,,,5.34,,,,,CHEMBL4028801,3006364,CHEMBL1743128,COc1cc2ncnc(Nc3ccc(F)c(Cl)c3)c2cc1OCCCN1CCOCC1
18130797,CHEMBL4028924,CHEMBL472,IC50,10500.0,nM,=,,,,4.98,,,,,CHEMBL4028801,3006365,CHEMBL1743128,COc1ccc(Cl)cc1C(=O)NCCc1ccc(S(=O)(=O)NC(=O)NC2CCCCC2)cc1
18130799,CHEMBL4028924,CHEMBL56337,IC50,6500.0,nM,=,,,,5.19,,,,,CHEMBL4028801,3006367,CHEMBL1743128,CC(/C=C1\SC(=S)N(CC(=O)O)C1=O)=C\c1ccccc1
18130801,CHEMBL4028924,CHEMBL1164729,IC50,1900.0,nM,=,,,,5.72,,,,,CHEMBL4028801,3006369,CHEMBL1743128,Cc1nc(-c2ccc(OCC(C)C)c(C#N)c2)sc1C(=O)O
18130803,CHEMBL4028924,CHEMBL6,IC50,5800.0,nM,=,,,,5.24,,,,,CHEMBL4028801,3006371,CHEMBL1743128,COc1ccc2c(c1)c(CC(=O)O)c(C)n2C(=O)c1ccc(Cl)cc1
18130804,CHEMBL4028924,CHEMBL603,IC50,12100.0,nM,=,,,,4.92,,,,,CHEMBL4028801,3006372,CHEMBL1743128,COc1cc(C(=O)NS(=O)(=O)c2ccccc2C)ccc1Cc1cn(C)c2ccc(NC(=O)OC3CCCC3)cc12
18130805,CHEMBL4028924,CHEMBL551978,IC50,24500.0,nM,=,,,,4.61,,,,,CHEMBL4028801,3006373,CHEMBL1743128,CCOc1ccc(/C=C2\NCCc3cc(OCC)c(OCC)cc32)cc1OCC
18130806,CHEMBL4028924,CHEMBL1201182,IC50,44000.0,nM,=,,,,4.36,,,,,CHEMBL4028801,3006374,CHEMBL1743128,CO[C@H]1C[C@@H]2CC[C@@H](C)[C@@](O)(O2)C(=O)C(=O)N2CCCC[C@H]2C(=O)O[C@H]([C@H](C)C[C@@H]2CC[C@@H](OC(=O)C(C)(CO)CO)[C@H](OC)C2)CC(=O)[C@H](C)/C=C(\C)[C@@H](O)[C@@H](OC)C(=O)[C@H](C)C[C@H](C)/C=C/C=C/C=C/1C
18130808,CHEMBL4028924,CHEMBL953,IC50,6800.0,nM,=,,,,5.17,,,,,CHEMBL4028801,3006376,CHEMBL1743128,CCN(CC)C(=O)/C(C#N)=C/c1cc(O)c(O)c([N+](=O)[O-])c1
18130809,CHEMBL4028924,CHEMBL383634,IC50,6300.0,nM,=,,,,5.2,,,,,CHEMBL4028801,3006377,CHEMBL1743128,COc1ccc2c(c1)C(=O)N(CCc1ccc(S(=O)(=O)NC(=O)NC3CCCCC3)cc1)C(=O)C2(C)C
18130814,CHEMBL4028924,CHEMBL957,IC50,22000.0,nM,=,,,,4.66,,,,,CHEMBL4028801,3006382,CHEMBL1743128,COc1ccccc1Oc1c(NS(=O)(=O)c2ccc(C(C)(C)C)cc2)nc(-c2ncccn2)nc1OCCO
18130815,CHEMBL4028924,CHEMBL1200692,IC50,28500.0,nM,=,,,,4.54,,,,,CHEMBL4028801,3006383,CHEMBL1743128,CCCc1nc(C(C)(C)O)c(C(=O)OCc2oc(=O)oc2C)n1Cc1ccc(-c2ccccc2-c2nnn[nH]2)cc1
18130819,CHEMBL4028924,CHEMBL623,IC50,71000.0,nM,=,,,,4.15,,,,,CHEMBL4028801,3006387,CHEMBL1743128,CCc1nn(CCCN2CCN(c3cccc(Cl)c3)CC2)c(=O)n1CCOc1ccccc1
18130820,CHEMBL4028924,CHEMBL388590,IC50,17000.0,nM,=,,,,4.77,,,,,CHEMBL4028801,3006388,CHEMBL1743128,CCc1oc2ccccc2c1C(=O)c1cc(Br)c(O)c(Br)c1
18130821,CHEMBL4028924,CHEMBL121,IC50,21000.0,nM,=,,,,4.68,,,,,CHEMBL4028801,3006389,CHEMBL1743128,CN(CCOc1ccc(CC2SC(=O)NC2=O)cc1)c1ccccn1
18130822,CHEMBL4028924,CHEMBL21333,IC50,2700.0,nM,=,,,,5.57,,,,,CHEMBL4028801,3006390,CHEMBL1743128,O=C(Nc1cccc2c(=O)cc(-c3nnn[nH]3)oc12)c1ccc(OCCCCc2ccccc2)cc1
18130823,CHEMBL4028924,CHEMBL374478,IC50,41900.0,nM,=,,,,4.38,,,,,CHEMBL4028801,3006391,CHEMBL1743128,CO[C@H]1/C=C/O[C@@]2(C)Oc3c(C)c(O)c4c(O)c(c(/C=N/N5CCN(C)CC5)c(O)c4c3C2=O)NC(=O)/C(C)=C\C=C\[C@H](C)[C@H](O)[C@@H](C)[C@@H](O)[C@@H](C)[C@H](OC(C)=O)[C@@H]1C
18130824,CHEMBL4028924,CHEMBL282724,IC50,28400.0,nM,=,,,,4.55,,,,,CHEMBL4028801,3006392,CHEMBL1743128,Cc1cc2c(cc1CC(=O)c1sccc1S(=O)(=O)Nc1onc(C)c1Cl)OCO2
18130827,CHEMBL4028924,CHEMBL1136,IC50,7100.0,nM,=,,,,5.15,,,,,CHEMBL4028801,3006395,CHEMBL1743128,CC[C@H]1OC(=O)[C@H](C)C(=O)[C@H](C)[C@@H](O[C@@H]2O[C@H](C)C[C@H](N(C)C)[C@H]2O)[C@](C)(OC)C[C@@H](C)C(=O)[C@H](C)[C@H]2N(CCCCn3cnc(-c4cccnc4)c3)C(=O)O[C@]12C
18130828,CHEMBL4028924,CHEMBL114,IC50,59000.0,nM,=,,,,4.23,,,,,CHEMBL4028801,3006396,CHEMBL1743128,CC(C)(C)NC(=O)[C@@H]1C[C@@H]2CCCC[C@@H]2CN1C[C@@H](O)[C@H](Cc1ccccc1)NC(=O)[C@H](CC(N)=O)NC(=O)c1ccc2ccccc2n1
18130831,CHEMBL4028924,CHEMBL415324,IC50,1000.0,nM,=,,,,6.0,,,,,CHEMBL4028801,3006399,CHEMBL1743128,COc1ccc(/C=C/C(=O)Nc2ccccc2C(=O)O)cc1OC
18130832,CHEMBL4028924,CHEMBL1513,IC50,83200.0,nM,=,,,,4.08,,,,,CHEMBL4028801,3006400,CHEMBL1743128,CCCCC1=NC2(CCCC2)C(=O)N1Cc1ccc(-c2ccccc2-c2nnn[nH]2)cc1
18130833,CHEMBL4028924,CHEMBL932,IC50,8300.0,nM,=,,,,5.08,,,,,CHEMBL4028801,3006401,CHEMBL1743128,OCCN(CCO)c1nc(N2CCCCC2)c2nc(N(CCO)CCO)nc(N3CCCCC3)c2n1
18130834,CHEMBL4028924,CHEMBL408,IC50,61000.0,nM,=,,,,4.21,,,,,CHEMBL4028801,3006402,CHEMBL1743128,Cc1c(C)c2c(c(C)c1O)CCC(C)(COc1ccc(CC3SC(=O)NC3=O)cc1)O2
18130835,CHEMBL4028924,CHEMBL157101,IC50,69000.0,nM,=,,,,4.16,,,,,CHEMBL4028801,3006403,CHEMBL1743128,CC(=O)N1CCN(c2ccc(OCC3COC(Cn4ccnc4)(c4ccc(Cl)cc4Cl)O3)cc2)CC1
18130837,CHEMBL4028924,CHEMBL729,IC50,47000.0,nM,=,,,,4.33,,,,,CHEMBL4028801,3006405,CHEMBL1743128,Cc1cccc(C)c1OCC(=O)N[C@@H](Cc1ccccc1)[C@@H](O)C[C@H](Cc1ccccc1)NC(=O)[C@H](C(C)C)N1CCCNC1=O
18130840,CHEMBL4028924,CHEMBL1660,IC50,35900.0,nM,=,,,,4.45,,,,,CHEMBL4028801,3006408,CHEMBL1743128,CO[C@H]1/C=C/O[C@@]2(C)Oc3c(C)c(O)c4c(O)c(c(/C=N/N5CCN(C6CCCC6)CC5)c(O)c4c3C2=O)NC(=O)/C(C)=C\C=C\[C@H](C)[C@H](O)[C@@H](C)[C@@H](O)[C@@H](C)[C@H](OC(C)=O)[C@@H]1C
18130843,CHEMBL4028924,CHEMBL584,IC50,97000.0,nM,=,,,,4.01,,,,,CHEMBL4028801,3006411,CHEMBL1743128,Cc1c(O)cccc1C(=O)N[C@@H](CSc1ccccc1)[C@H](O)CN1C[C@H]2CCCC[C@H]2C[C@H]1C(=O)NC(C)(C)C
18130846,CHEMBL4028924,CHEMBL1324,IC50,16700.0,nM,=,,,,4.78,,,,,CHEMBL4028801,3006414,CHEMBL1743128,Cc1ccc(C(=O)c2cc(O)c(O)c([N+](=O)[O-])c2)cc1
18130848,CHEMBL4028924,CHEMBL595,IC50,49500.0,nM,=,,,,4.3,,,,,CHEMBL4028801,3006416,CHEMBL1743128,CCc1ccc(CCOc2ccc(CC3SC(=O)NC3=O)cc2)nc1
18130849,CHEMBL4028924,CHEMBL550348,IC50,36500.0,nM,=,,,,4.44,,,,,CHEMBL4028801,3006417,CHEMBL1743128,O=C(O)c1ccc(-n2nc(-c3ccccc3O)nc2-c2ccccc2O)cc1
18130851,CHEMBL4028924,CHEMBL15177,IC50,6000.0,nM,=,,,,5.22,,,,,CHEMBL4028801,3006419,CHEMBL1743128,CN(C)C(=O)CCSC(SCCC(=O)O)c1cccc(/C=C/c2ccc3ccc(Cl)cc3n2)c1
18130852,CHEMBL4028924,CHEMBL477772,IC50,8100.0,nM,=,,,,5.09,,,,,CHEMBL4028801,3006420,CHEMBL1743128,Cc1ccc(Nc2nccc(N(C)c3ccc4c(C)n(C)nc4c3)n2)cc1S(N)(=O)=O
18130853,CHEMBL4028924,CHEMBL163,IC50,34000.0,nM,=,,,,4.47,,,,,CHEMBL4028801,3006421,CHEMBL1743128,CC(C)c1nc(CN(C)C(=O)N[C@H](C(=O)N[C@@H](Cc2ccccc2)C[C@H](O)[C@H](Cc2ccccc2)NC(=O)OCc2cncs2)C(C)C)cs1
18130855,CHEMBL4028924,CHEMBL1456,IC50,83000.0,nM,=,,,,4.08,,,,,CHEMBL4028801,3006423,CHEMBL1743128,COc1c(C)c2c(c(O)c1C/C=C(\C)CCC(=O)OCCN1CCOCC1)C(=O)OC2
18130857,CHEMBL4028924,CHEMBL1200476,IC50,68200.0,nM,=,,,,4.17,,,,,CHEMBL4028801,3006425,CHEMBL1743128,CCCCCCCCCCCCOS(=O)(=O)O.CC[C@H]1OC(=O)[C@H](C)[C@@H](O[C@H]2C[C@@](C)(OC)[C@@H](O)[C@H](C)O2)[C@H](C)[C@@H](O[C@@H]2O[C@H](C)C[C@H](N(C)C)[C@H]2O)[C@](C)(O)C[C@@H](C)C(=O)[C@H](C)[C@@H](O)[C@]1(C)O
18130858,CHEMBL4028924,CHEMBL428496,IC50,63200.0,nM,=,,,,4.2,,,,,CHEMBL4028801,3006426,CHEMBL1743128,COC[C@H]1OC(=O)c2coc3c2[C@@]1(C)C1=C(C3=O)[C@@H]2CCC(=O)[C@@]2(C)C[C@H]1OC(C)=O
18130860,CHEMBL4028924,CHEMBL4097197,IC50,2700.0,nM,=,,,,5.57,,,,,CHEMBL4028801,3006428,CHEMBL1743128,CS(=O)(=O)N1CCN(Cc2cc3nc(-c4cccc5[nH]ncc45)nc(N4CCOCC4)c3s2)CC1.CS(=O)(=O)O.CS(=O)(=O)O
18130862,CHEMBL4028924,CHEMBL388978,IC50,37900.0,nM,=,,,,4.42,,,,,CHEMBL4028801,3006430,CHEMBL1743128,CN[C@@H]1C[C@H]2O[C@@](C)([C@@H]1OC)n1c3ccccc3c3c4c(c5c6ccccc6n2c5c31)C(=O)NC4
18130863,CHEMBL4028924,CHEMBL180022,IC50,23000.0,nM,=,,,,4.64,,,,,CHEMBL4028801,3006431,CHEMBL1743128,CCOc1cc2ncc(C#N)c(Nc3ccc(OCc4ccccn4)c(Cl)c3)c2cc1NC(=O)/C=C/CN(C)C
18130866,CHEMBL4028924,CHEMBL1617,IC50,30200.0,nM,=,,,,4.52,,,,,CHEMBL4028801,3006434,CHEMBL1743128,CO[C@H]1/C=C/O[C@@]2(C)Oc3c(C)c(O)c4c(O)c(c5c(nc6cc(C)ccn65)c4c3C2=O)NC(=O)/C(C)=C\C=C\[C@H](C)[C@H](O)[C@@H](C)[C@@H](O)[C@@H](C)[C@H](OC(C)=O)[C@@H]1C
18130879,CHEMBL4028924,CHEMBL1200799,IC50,74000.0,nM,=,,,,4.13,,,,,CHEMBL4028801,3006447,CHEMBL1743128,CC(C)OC(=O)CCC/C=C\C[C@@H]1[C@@H](/C=C/[C@@H](O)COc2cccc(C(F)(F)F)c2)[C@H](O)C[C@@H]1O
18130883,CHEMBL4028924,CHEMBL416146,IC50,53000.0,nM,=,,,,4.28,,,,,CHEMBL4028801,3006451,CHEMBL1743128,Cc1ccc(-c2ncc(Cl)cc2-c2ccc(S(C)(=O)=O)cc2)cn1
18130894,CHEMBL4028924,CHEMBL295416,IC50,44900.0,nM,=,,,,4.35,,,,,CHEMBL4028801,3006462,CHEMBL1743128,Cc1cccc(Nc2cc(Cl)nc(SCC(=O)O)n2)c1C
18130895,CHEMBL4028924,CHEMBL1096,IC50,2200.0,nM,=,,,,5.66,,,,,CHEMBL4028801,3006463,CHEMBL1743128,CC(C)c1ccc2oc3nc(N)c(C(=O)O)cc3c(=O)c2c1
18130901,CHEMBL4028924,CHEMBL1737,IC50,26800.0,nM,=,,,,4.57,,,,,CHEMBL4028801,3006469,CHEMBL1743128,CCCc1nn(C)c2c(=O)[nH]c(-c3cc(S(=O)(=O)N4CCN(C)CC4)ccc3OCC)nc12.O=C(O)CC(O)(CC(=O)O)C(=O)O
18130902,CHEMBL4028924,CHEMBL421,IC50,1500.0,nM,=,,,,5.82,,,,,CHEMBL4028801,3006470,CHEMBL1743128,O=C(O)c1cc(/N=N/c2ccc(S(=O)(=O)Nc3ccccn3)cc2)ccc1O
18130903,CHEMBL4028924,CHEMBL2218867,IC50,1900.0,nM,=,,,,5.72,,,,,CHEMBL4028801,3006471,CHEMBL1743128,O=C([O-])CCC/C=C\CC1C(O)CC(O)C1/C=C/C(O)COc1cccc(Cl)c1.[Na+]
18130904,CHEMBL4028924,CHEMBL495,IC50,2300.0,nM,=,,,,5.64,,,,,CHEMBL4028801,3006472,CHEMBL1743128,CCCCC[C@H](O)/C=C/[C@H]1[C@H](O)CC(=O)[C@@H]1CCCCCCC(=O)O
18130905,CHEMBL4028924,CHEMBL1201124,IC50,2700.0,nM,=,,,,5.57,,,,,CHEMBL4028801,3006473,CHEMBL1743128,NC(CO)(CO)CO.O=C(c1ccccc1)c1ccc2n1CCC2C(=O)O
18130906,CHEMBL4028924,CHEMBL1316,IC50,3000.0,nM,=,,,,5.52,,,,,CHEMBL4028801,3006474,CHEMBL1743128,CC(C(=O)O)c1ccc2c(c1)[nH]c1ccc(Cl)cc12
18130907,CHEMBL4028924,CHEMBL77305,IC50,5100.0,nM,=,,,,5.29,,,,,CHEMBL4028801,3006475,CHEMBL1743128,CC[C@@]1(O)C(=O)OCc2c1cc1n(c2=O)Cc2cc3c([N+](=O)[O-])cccc3nc2-1
18130908,CHEMBL4028924,CHEMBL41286,IC50,6400.0,nM,=,,,,5.19,,,,,CHEMBL4028801,3006476,CHEMBL1743128,CC(=O)Oc1cccc2c1C(=O)c1c(OC(C)=O)cc(C(=O)O)cc1C2=O
18130909,CHEMBL4028924,CHEMBL1200896,IC50,7100.0,nM,=,,,,5.15,,,,,CHEMBL4028801,3006477,CHEMBL1743128,CCCCC[C@H](O)/C=C/[C@@H]1[C@@H](C/C=C\CCCC(=O)O)[C@@H](O)C[C@H]1O.NC(CO)(CO)CO
18130910,CHEMBL4028924,CHEMBL65,IC50,7400.0,nM,=,,,,5.13,,,,,CHEMBL4028801,3006478,CHEMBL1743128,CC[C@@]1(O)C(=O)OCc2c1cc1n(c2=O)Cc2cc3ccccc3nc2-1
18130911,CHEMBL4028924,CHEMBL43,IC50,7430.0,nM,=,,,,5.13,,,,,CHEMBL4028801,3006479,CHEMBL1743128,COc1cc(NS(C)(=O)=O)ccc1Nc1c2ccccc2nc2ccccc12
18130912,CHEMBL4028924,CHEMBL4085102,IC50,7500.0,nM,=,,,,5.12,,,,,CHEMBL4028801,3006480,CHEMBL1743128,CC(=O)O.CC[C@H](C)[C@H](NC(=O)[C@H](CC(C)C)NC(=O)[C@H](CO)NC(=O)[C@H](Cc1cnc[nH]1)NC(=O)[C@@H](NC(=O)[C@H](CC(C)C)NC(=O)[C@H](CO)NC(=O)[C@@H](NC(=O)[C@H](Cc1ccc(O)cc1)NC(C)=O)[C@@H](C)O)[C@@H](C)CC)C(=O)N[C@@H](CCC(=O)O)C(=O)N[C@@H](CCC(=O)O)C(=O)N[C@@H](CO)C(=O)N[C@@H](CCC(N)=O)C(=O)N[C@@H](CC(N)=O)C(=O)N[C@@H](CCC(N)=O)C(=O)N[C@@H](CCC(N)=O)C(=O)N[C@@H](CCC(=O)O)C(=O)N[C@@H](CCCCN)C(=O)N[C@@H](CC(N)=O)C(=O)N[C@@H](CCC(=O)O)C(=O)N[C@@H](CCC(N)=O)C(=O)N[C@@H](CCC(=O)O)C(=O)N[C@@H](CC(C)C)C(=O)N[C@@H](CC(C)C)C(=O)N[C@@H](CCC(=O)O)C(=O)N[C@@H](CC(C)C)C(=O)N[C@@H](CC(=O)O)C(=O)N[C@@H](CCCCN)C(=O)N[C@@H](Cc1c[nH]c2ccccc12)C(=O)N[C@@H](C)C(=O)N[C@@H](CO)C(=O)N[C@@H](CC(C)C)C(=O)N[C@@H](Cc1c[nH]c2ccccc12)C(=O)N[C@@H](CC(N)=O)C(=O)N[C@@H](Cc1c[nH]c2ccccc12)C(=O)N[C@@H](Cc1ccccc1)C(N)=O
18130913,CHEMBL4028924,CHEMBL4063475,IC50,8080.0,nM,=,,,,5.09,,,,,CHEMBL4028801,3006481,CHEMBL1743128,C[C@](N)(Cc1ccc(O)c(O)c1)C(=O)O.O
18130914,CHEMBL4028924,CHEMBL413965,IC50,8200.0,nM,=,,,,5.09,,,,,CHEMBL4028801,3006482,CHEMBL1743128,O=C(O)Cc1ccc(-c2ccccc2)cc1
18130915,CHEMBL4028924,CHEMBL339427,IC50,9600.0,nM,=,,,,5.02,,,,,CHEMBL4028801,3006483,CHEMBL1743128,COc1cc2c3cc1Oc1cc(ccc1O)C[C@@H]1c4c(cc(OC)c(O)c4Oc4ccc(cc4)C[C@@H]3N(C)CC2)CC[N+]1(C)C
18130916,CHEMBL4028924,CHEMBL367463,IC50,9800.0,nM,=,,,,5.01,,,,,CHEMBL4028801,3006484,CHEMBL1743128,CC(C(=O)O)c1ccc2c(c1)Cc1cccnc1O2
18130917,CHEMBL4028924,CHEMBL927,IC50,11600.0,nM,=,,,,4.94,,,,,CHEMBL4028801,3006485,CHEMBL1743128,C=CC1=C(C(=O)O)N2C(=O)[C@@H](NC(=O)/C(=N\O)c3csc(N)n3)[C@H]2SC1
18130918,CHEMBL4028924,CHEMBL1071,IC50,12000.0,nM,=,,,,4.92,,,,,CHEMBL4028801,3006486,CHEMBL1743128,O=C(O)CCc1nc(-c2ccccc2)c(-c2ccccc2)o1
18130919,CHEMBL4028924,CHEMBL2,IC50,12500.0,nM,=,,,,4.9,,,,,CHEMBL4028801,3006487,CHEMBL1743128,COc1cc2nc(N3CCN(C(=O)c4ccco4)CC3)nc(N)c2cc1OC
18130920,CHEMBL4028924,CHEMBL685,IC50,15500.0,nM,=,,,,4.81,,,,,CHEMBL4028801,3006488,CHEMBL1743128,COC(=O)Nc1nc2cc(C(=O)c3ccccc3)ccc2[nH]1
18130921,CHEMBL4028924,CHEMBL799,IC50,16600.0,nM,=,,,,4.78,,,,,CHEMBL4028801,3006489,CHEMBL1743128,O=C1CCc2cc(OCCCCc3nnnn3C3CCCCC3)ccc2N1
18130922,CHEMBL4028924,CHEMBL53463,IC50,19000.0,nM,=,,,,4.72,,,,,CHEMBL4028801,3006490,CHEMBL1743128,COc1cccc2c1C(=O)c1c(O)c3c(c(O)c1C2=O)C[C@@](O)(C(=O)CO)C[C@@H]3O[C@H]1C[C@H](N)[C@H](O)[C@H](C)O1
18130923,CHEMBL4028924,CHEMBL50,IC50,20800.0,nM,=,,,,4.68,,,,,CHEMBL4028801,3006491,CHEMBL1743128,O=c1c(O)c(-c2ccc(O)c(O)c2)oc2cc(O)cc(O)c12
18130924,CHEMBL4028924,CHEMBL572,IC50,20900.0,nM,=,,,,4.68,,,,,CHEMBL4028801,3006492,CHEMBL1743128,O=C1CN(/N=C/c2ccc([N+](=O)[O-])o2)C(=O)N1
18130925,CHEMBL4028924,CHEMBL19224,IC50,23130.0,nM,=,,,,4.64,,,,,CHEMBL4028801,3006493,CHEMBL1743128,COc1ccc(Cc2nccc3cc(OC)c(OC)cc23)cc1OC
18130926,CHEMBL4028924,CHEMBL95,IC50,23700.0,nM,=,,,,4.62,,,,,CHEMBL4028801,3006494,CHEMBL1743128,Nc1c2c(nc3ccccc13)CCCC2
18130927,CHEMBL4028924,CHEMBL1010,IC50,24000.0,nM,=,,,,4.62,,,,,CHEMBL4028801,3006495,CHEMBL1743128,CO/N=C(\C(=O)N[C@@H]1C(=O)N2C(C(=O)[O-])=C(COC(C)=O)CS[C@H]12)c1csc(N)n1.[Na+]
18130928,CHEMBL4028924,CHEMBL1744447,IC50,26800.0,nM,=,,,,4.57,,,,,CHEMBL4028801,3006496,CHEMBL1743128,CC(C)c1nc(N(C)S(C)(=O)=O)nc(-c2ccc(F)cc2)c1/C=C/[C@@H](O)C[C@@H](O)CC(=O)[O-].CC(C)c1nc(N(C)S(C)(=O)=O)nc(-c2ccc(F)cc2)c1/C=C/[C@@H](O)C[C@@H](O)CC(=O)[O-].[Ca+2]
18130929,CHEMBL4028924,CHEMBL1095930,IC50,28000.0,nM,=,,,,4.55,,,,,CHEMBL4028801,3006497,CHEMBL1743128,CO/N=C(\C(=O)N[C@@H]1C(=O)N2C(C(=O)OC(C)OC(C)=O)=C(COC(N)=O)CS[C@H]12)c1ccco1
18130930,CHEMBL4028924,CHEMBL452231,IC50,34900.0,nM,=,,,,4.46,,,,,CHEMBL4028801,3006498,CHEMBL1743128,COc1cc([C@@H]2c3cc4c(cc3[C@@H](O[C@@H]3O[C@@H]5CO[C@@H](c6cccs6)O[C@H]5[C@H](O)[C@H]3O)[C@H]3COC(=O)[C@H]23)OCO4)cc(OC)c1O
18130931,CHEMBL4028924,CHEMBL22969,IC50,35100.0,nM,=,,,,4.46,,,,,CHEMBL4028801,3006499,CHEMBL1743128,CC[C@]1(O)C[C@H]2CN(CCc3c([nH]c4ccccc34)[C@@](C(=O)OC)(c3cc4c(cc3OC)N(C)[C@H]3[C@@](O)(C(=O)OC)[C@H](OC(C)=O)[C@]5(CC)C=CCN6CC[C@]43[C@@H]65)C2)C1
18130932,CHEMBL4028924,CHEMBL4101392,IC50,35600.0,nM,=,,,,4.45,,,,,CHEMBL4028801,3006500,CHEMBL1743128,CO/N=C(\C(=O)N[C@@H]1C(=O)N2C(C(=O)O)=C(CSc3nc(=O)c(=O)[nH]n3C)CS[C@H]12)c1csc(N)n1.[Na+]
18130933,CHEMBL4028924,CHEMBL650,IC50,40970.0,nM,=,,,,4.39,,,,,CHEMBL4028801,3006501,CHEMBL1743128,C[C@H]1C[C@@H]2[C@H]([C@@H](O)C[C@@]3(C)[C@H]2CC[C@]3(O)C(=O)CO)[C@@]2(C)C=CC(=O)C=C12
18130934,CHEMBL4028924,CHEMBL1294,IC50,45800.0,nM,=,,,,4.34,,,,,CHEMBL4028801,3006502,CHEMBL1743128,C=C[C@H]1CN2CC[C@H]1C[C@@H]2[C@@H](O)c1ccnc2ccc(OC)cc12
18130935,CHEMBL4028924,CHEMBL1200523,IC50,54200.0,nM,=,,,,4.27,,,,,CHEMBL4028801,3006503,CHEMBL1743128,Cc1nnc(SCC2=C(C(=O)[O-])N3C(=O)[C@@H](NC(=O)Cn4cnnn4)[C@H]3SC2)s1.[Na+]
18130936,CHEMBL4028924,CHEMBL5,IC50,57500.0,nM,=,,,,4.24,,,,,CHEMBL4028801,3006504,CHEMBL1743128,CCn1cc(C(=O)O)c(=O)c2ccc(C)nc21
18130937,CHEMBL4028924,CHEMBL1276010,IC50,63900.0,nM,=,,,,4.19,,,,,CHEMBL4028801,3006505,CHEMBL1743128,C=CCCCCCCCCC(=O)O
18130938,CHEMBL4028924,CHEMBL1200621,IC50,73200.0,nM,=,,,,4.13,,,,,CHEMBL4028801,3006506,CHEMBL1743128,CO/N=C1\CN(c2nc3c(cc2F)c(=O)c(C(=O)O)cn3C2CC2)CC1CN.CS(=O)(=O)O
18131928,CHEMBL4028924,CHEMBL611,IC50,36800.0,nM,=,,,,4.43,,,,,CHEMBL4028801,3006931,CHEMBL1743128,COc1cc2nc(N3CCN(C(=O)C4CCCO4)CC3)nc(N)c2cc1OC
18131940,CHEMBL4028924,CHEMBL589973,IC50,13500.0,nM,=,,,,4.87,,,,,CHEMBL4028801,3006946,CHEMBL1743128,CCCCNC(=O)c1ccc(Oc2ccc(CC(=O)O)cc2OC)c(NS(=O)(=O)c2ccc(Cl)cc2Cl)c1
24366048,CHEMBL5035870,CHEMBL4297270,IC50,6200.0,nM,=,,,,5.21,,,,,CHEMBL5034035,3775602,CHEMBL1743128,Cc1noc(-c2ccc(-c3ccc(C4(C(=O)O)CC4)cc3)cc2)c1NC(=O)O[C@H](C)c1ccccc1
24366049,CHEMBL5035870,CHEMBL5072201,IC50,16000.0,nM,=,,,,4.8,,,,,CHEMBL5034035,3775603,CHEMBL1743128,Cc1nc(-c2nnn(C)c2COC(=O)N(C)CC2CCC2)ccc1O[C@H]1CCC[C@H](C(=O)O)C1
24366050,CHEMBL5035870,CHEMBL5087506,IC50,47000.0,nM,=,,,,4.33,,,,,CHEMBL5034035,3775604,CHEMBL1743128,CCCN(C)C(=O)OCc1c(-c2ccc(O[C@H]3CCC[C@H](C(=O)O)C3)c(C)n2)nnn1C
